entry_ts,exit_ts,r,side,mode,side_sleeve,cost
1723636800.0,1723723200.0,-1.1085,short,standard_00_50,short,base
1724936400.0,1725019200.0,-1.148,short,standard_00_50,short,base
1725231600.0,1725264000.0,-1.1699,short,standard_00_50,short,base
1725282000.0,1725339600.0,2.3277,short,standard_00_50,short,base
1725624000.0,1725627600.0,-1.1046,short,standard_00_50,short,base
1726124400.0,1726142400.0,2.3421,short,standard_00_50,short,base
1727161200.0,1727179200.0,2.3363,short,standard_00_50,short,base
1727276400.0,1727283600.0,-1.1581,short,standard_00_50,short,base
1727319600.0,1727334000.0,-1.199,short,standard_00_50,short,base
1727398800.0,1727409600.0,-1.1333,short,standard_00_50,short,base
1727697600.0,1727708400.0,-1.1243,short,standard_00_50,short,base
1727762400.0,1727787600.0,2.3606,short,standard_00_50,short,base
1727899200.0,1727906400.0,-1.1214,short,standard_00_50,short,base
1727917200.0,1728043200.0,-1.1162,short,standard_00_50,short,base
1728252000.0,1728306000.0,2.3844,short,standard_00_50,short,base
1728644400.0,1728648000.0,-1.2384,short,standard_00_50,short,base
1728932400.0,1728972000.0,2.1947,short,standard_00_50,short,base
1729569600.0,1729580400.0,-1.2452,short,standard_00_50,short,base
1729684800.0,1729735200.0,2.3275,short,standard_00_50,short,base
1730196000.0,1730199600.0,-1.2246,short,standard_00_50,short,base
1730340000.0,1730354400.0,2.3155,short,standard_00_50,short,base
1730473200.0,1730678400.0,2.364,short,standard_00_50,short,base
1730782800.0,1730811600.0,2.2177,short,standard_00_50,short,base
1731376800.0,1731420000.0,-1.2497,short,standard_00_50,short,base
1731556800.0,1731592800.0,2.2794,short,standard_00_50,short,base
1732064400.0,1732075200.0,-1.1433,short,standard_00_50,short,base
1732284000.0,1732489200.0,2.3584,short,standard_00_50,short,base
1732784400.0,1732834800.0,2.3177,short,standard_00_50,short,base
1733792400.0,1733814000.0,-1.2135,short,standard_00_50,short,base
1734058800.0,1734076800.0,-1.1932,short,standard_00_50,short,base
1734314400.0,1734350400.0,-1.2257,short,standard_00_50,short,base
1734537600.0,1734548400.0,-1.2413,short,standard_00_50,short,base
1734598800.0,1734620400.0,-1.1006,short,standard_00_50,short,base
1735228800.0,1735254000.0,2.1064,short,standard_00_50,short,base
1735538400.0,1735560000.0,2.1877,short,standard_00_50,short,base
1735664400.0,1735772400.0,-1.154,short,standard_00_50,short,base
1736161200.0,1736164800.0,2.2886,short,standard_00_50,short,base
1736334000.0,1736395200.0,2.2482,short,standard_00_50,short,base
1736492400.0,1736496000.0,2.1376,short,standard_00_50,short,base
1736856000.0,1736874000.0,-1.1477,short,standard_00_50,short,base
1737532800.0,1737547200.0,-1.1938,short,standard_00_50,short,base
1737723600.0,1737964800.0,2.399,short,standard_00_50,short,base
1738036800.0,1738126800.0,2.3446,short,standard_00_50,short,base
1738328400.0,1738346400.0,-1.18,short,standard_00_50,short,base
1738656000.0,1738681200.0,2.3348,short,standard_00_50,short,base
1739174400.0,1739196000.0,2.3331,short,standard_00_50,short,base
1739278800.0,1739286000.0,-1.2427,short,standard_00_50,short,base
1739325600.0,1739332800.0,-1.1867,short,standard_00_50,short,base
1739372400.0,1739376000.0,-1.1557,short,standard_00_50,short,base
1740664800.0,1740668400.0,-1.1536,short,standard_00_50,short,base
1740729600.0,1740747600.0,-1.1301,short,standard_00_50,short,base
1740956400.0,1740988800.0,2.3507,short,standard_00_50,short,base
1741683600.0,1741690800.0,-1.1368,short,standard_00_50,short,base
1741698000.0,1741752000.0,-1.1172,short,standard_00_50,short,base
1741928400.0,1741932000.0,-1.2086,short,standard_00_50,short,base
1742187600.0,1742212800.0,2.3051,short,standard_00_50,short,base
1742259600.0,1742263200.0,-1.1778,short,standard_00_50,short,base
1742364000.0,1742389200.0,-1.1977,short,standard_00_50,short,base
1743069600.0,1743091200.0,-1.216,short,standard_00_50,short,base
1743573600.0,1743588000.0,2.2435,short,standard_00_50,short,base
1743606000.0,1743609600.0,-1.1898,short,standard_00_50,short,base
1744041600.0,1744142400.0,2.4293,short,standard_00_50,short,base
1744876800.0,1745182800.0,2.3756,short,standard_00_50,short,base
1745280000.0,1745290800.0,2.3362,short,standard_00_50,short,base
1745593200.0,1745848800.0,2.3762,short,standard_00_50,short,base
1746111600.0,1746144000.0,-1.1038,short,standard_00_50,short,base
1746633600.0,1746640800.0,-1.178,short,standard_00_50,short,base
1746680400.0,1746684000.0,-1.1421,short,standard_00_50,short,base
1746687600.0,1746691200.0,-1.1323,short,standard_00_50,short,base
1746698400.0,1746712800.0,-1.1478,short,standard_00_50,short,base
1746730800.0,1746788400.0,2.3863,short,standard_00_50,short,base
1747036800.0,1747044000.0,-1.0971,short,standard_00_50,short,base
1747411200.0,1747602000.0,2.3334,short,standard_00_50,short,base
1748394000.0,1748397600.0,-1.2095,short,standard_00_50,short,base
1748966400.0,1748998800.0,-1.1612,short,standard_00_50,short,base
1749218400.0,1749448800.0,2.3334,short,standard_00_50,short,base
1749520800.0,1749535200.0,2.2825,short,standard_00_50,short,base
1749596400.0,1749603600.0,-1.2464,short,standard_00_50,short,base
1749819600.0,1750024800.0,-1.1183,short,standard_00_50,short,base
1750676400.0,1750687200.0,2.3606,short,standard_00_50,short,base
1750856400.0,1750874400.0,2.2965,short,standard_00_50,short,base
1751864400.0,1751868000.0,-1.2716,short,standard_00_50,short,base
1751882400.0,1751889600.0,-1.216,short,standard_00_50,short,base
1752022800.0,1752026400.0,-1.2537,short,standard_00_50,short,base
1752192000.0,1752195600.0,-1.2421,short,standard_00_50,short,base
1752447600.0,1752505200.0,-1.1941,short,standard_00_50,short,base
1752580800.0,1752584400.0,-1.2432,short,standard_00_50,short,base
1752638400.0,1752674400.0,2.2597,short,standard_00_50,short,base
1753408800.0,1753419600.0,2.2977,short,standard_00_50,short,base
1753668000.0,1753682400.0,-1.2573,short,standard_00_50,short,base
1753718400.0,1753772400.0,-1.1831,short,standard_00_50,short,base
1753945200.0,1753952400.0,-1.1365,short,standard_00_50,short,base
1753956000.0,1753963200.0,-1.1469,short,standard_00_50,short,base
1753970400.0,1753992000.0,-1.1251,short,standard_00_50,short,base
1754924400.0,1754935200.0,-1.2801,short,standard_00_50,short,base
1754985600.0,1755000000.0,2.2226,short,standard_00_50,short,base
1755180000.0,1755183600.0,-1.1563,short,standard_00_50,short,base
1755478800.0,1755514800.0,-1.216,short,standard_00_50,short,base
1755565200.0,1755669600.0,2.2674,short,standard_00_50,short,base
1756126800.0,1756130400.0,-1.2564,short,standard_00_50,short,base
1756281600.0,1756288800.0,-1.2914,short,standard_00_50,short,base
1756882800.0,1756908000.0,2.2793,short,standard_00_50,short,base
1757289600.0,1757354400.0,2.374,short,standard_00_50,short,base
1757466000.0,1757484000.0,-1.2434,short,standard_00_50,short,base
1757505600.0,1757570400.0,-1.2466,short,standard_00_50,short,base
1757592000.0,1757599200.0,2.2386,short,standard_00_50,short,base
1757678400.0,1757908800.0,2.2616,short,standard_00_50,short,base
1758157200.0,1758171600.0,-1.1623,short,standard_00_50,short,base
1758686400.0,1758693600.0,-1.3186,short,standard_00_50,short,base
1758841200.0,1759100400.0,2.2659,short,standard_00_50,short,base
1759453200.0,1759460400.0,-1.2402,short,standard_00_50,short,base
1759838400.0,1759845600.0,-1.2417,short,standard_00_50,short,base
1759867200.0,1759881600.0,-1.1991,short,standard_00_50,short,base
1759989600.0,1759993200.0,-1.2116,short,standard_00_50,short,base
1760709600.0,1760911200.0,-1.1497,short,standard_00_50,short,base
1760922000.0,1760950800.0,2.299,short,standard_00_50,short,base
1761026400.0,1761033600.0,-1.1905,short,standard_00_50,short,base
1761048000.0,1761181200.0,-1.1425,short,standard_00_50,short,base
1761192000.0,1761199200.0,-1.2572,short,standard_00_50,short,base
1761285600.0,1761307200.0,2.1605,short,standard_00_50,short,base
1761793200.0,1761804000.0,-1.1406,short,standard_00_50,short,base
1762351200.0,1762354800.0,-1.2067,short,standard_00_50,short,base
1762736400.0,1762758000.0,-1.1796,short,standard_00_50,short,base
1762956000.0,1763024400.0,2.2325,short,standard_00_50,short,base
1763604000.0,1763614800.0,-1.2021,short,standard_00_50,short,base
1763989200.0,1763992800.0,-1.3043,short,standard_00_50,short,base
1764154800.0,1764165600.0,-1.1936,short,standard_00_50,short,base
1764666000.0,1764687600.0,-1.3398,short,standard_00_50,short,base
1765184400.0,1765195200.0,-1.2881,short,standard_00_50,short,base
1765256400.0,1765263600.0,-1.3049,short,standard_00_50,short,base
1765285200.0,1765292400.0,-1.2291,short,standard_00_50,short,base
1765306800.0,1765382400.0,2.2636,short,standard_00_50,short,base
1765537200.0,1765540800.0,-1.3198,short,standard_00_50,short,base
1765958400.0,1766001600.0,-1.2208,short,standard_00_50,short,base
1766052000.0,1766062800.0,2.1753,short,standard_00_50,short,base
1766113200.0,1766116800.0,-1.2393,short,standard_00_50,short,base
1766163600.0,1766178000.0,-1.1575,short,standard_00_50,short,base
1766700000.0,1766703600.0,-1.3163,short,standard_00_50,short,base
1766761200.0,1766764800.0,-1.2701,short,standard_00_50,short,base
1767193200.0,1767204000.0,-1.4131,short,standard_00_50,short,base
1767567600.0,1767571200.0,-1.3151,short,standard_00_50,short,base
1767970800.0,1767974400.0,-1.2211,short,standard_00_50,short,base
1768284000.0,1768287600.0,-1.2542,short,standard_00_50,short,base
1768291200.0,1768320000.0,-1.2367,short,standard_00_50,short,base
1768892400.0,1768896000.0,2.2266,short,standard_00_50,short,base
1769151600.0,1769184000.0,2.3341,short,standard_00_50,short,base
1769626800.0,1769738400.0,-1.1212,short,standard_00_50,short,base
1769749200.0,1769763600.0,-1.1797,short,standard_00_50,short,base
1769785200.0,1769792400.0,-1.1504,short,standard_00_50,short,base
1769986800.0,1770044400.0,-1.1409,short,standard_00_50,short,base
1770116400.0,1770166800.0,-1.2631,short,standard_00_50,short,base
1770192000.0,1770195600.0,-1.3385,short,standard_00_50,short,base
1770249600.0,1770267600.0,-1.2474,short,standard_00_50,short,base
1770814800.0,1770829200.0,2.3841,short,standard_00_50,short,base
1771894800.0,1771905600.0,-1.221,short,standard_00_50,short,base
1772438400.0,1772452800.0,-1.1632,short,standard_00_50,short,base
1773727200.0,1773752400.0,2.2282,short,standard_00_50,short,base
1774231200.0,1774263600.0,2.2893,short,standard_00_50,short,base
1774821600.0,1774828800.0,2.2678,short,standard_00_50,short,base
1774918800.0,1774962000.0,2.2061,short,standard_00_50,short,base
1775574000.0,1775592000.0,2.1677,short,standard_00_50,short,base
1776250800.0,1776304800.0,2.184,short,standard_00_50,short,base
1776391200.0,1776402000.0,-1.3201,short,standard_00_50,short,base
1776790800.0,1776798000.0,-1.258,short,standard_00_50,short,base
1776888000.0,1776902400.0,-1.3411,short,standard_00_50,short,base
1777341600.0,1777345200.0,2.0213,short,standard_00_50,short,base
1777363200.0,1777370400.0,-1.2804,short,standard_00_50,short,base
1777489200.0,1777521600.0,-1.334,short,standard_00_50,short,base
1778457600.0,1778461200.0,-1.3047,short,standard_00_50,short,base
1778724000.0,1778731200.0,1.9585,short,standard_00_50,short,base
1778763600.0,1778767200.0,-1.2945,short,standard_00_50,short,base
1778799600.0,1778806800.0,-1.2929,short,standard_00_50,short,base
1778810400.0,1778850000.0,-1.2634,short,standard_00_50,short,base
1779076800.0,1779105600.0,2.112,short,standard_00_50,short,base
1779170400.0,1779192000.0,2.0713,short,standard_00_50,short,base
1779768000.0,1779775200.0,-2.0088,short,standard_00_50,short,base
1779894000.0,1779901200.0,-1.5369,short,standard_00_50,short,base
1779926400.0,1779937200.0,-1.5981,short,standard_00_50,short,base
1780423200.0,1780441200.0,-1.8322,short,standard_00_50,short,base
1780502400.0,1780545600.0,2.1535,short,standard_00_50,short,base
1780603200.0,1780657200.0,1.801,short,standard_00_50,short,base
1781082000.0,1781089200.0,-1.8178,short,standard_00_50,short,base
1781110800.0,1781157600.0,-1.6366,short,standard_00_50,short,base
1781179200.0,1781197200.0,1.557,short,standard_00_50,short,base
1781618400.0,1781683200.0,2.0359,short,standard_00_50,short,base
1782082800.0,1782086400.0,-1.472,short,standard_00_50,short,base
1782093600.0,1782100800.0,-1.4547,short,standard_00_50,short,base
1782136800.0,1782140400.0,-1.3267,short,standard_00_50,short,base
1782820800.0,1782831600.0,-1.2712,short,standard_00_50,short,base
1783288800.0,1783296000.0,-1.5097,short,standard_00_50,short,base
1723636800.0,1723723200.0,-1.1809,short,standard_00_50,short,stress
1724936400.0,1725019200.0,-1.2467,short,standard_00_50,short,stress
1725231600.0,1725264000.0,-1.2832,short,standard_00_50,short,stress
1725282000.0,1725339600.0,2.2128,short,standard_00_50,short,stress
1725624000.0,1725627600.0,-1.1743,short,standard_00_50,short,stress
1726124400.0,1726142400.0,2.2369,short,standard_00_50,short,stress
1727161200.0,1727179200.0,2.2271,short,standard_00_50,short,stress
1727276400.0,1727283600.0,-1.2634,short,standard_00_50,short,stress
1727319600.0,1727334000.0,-1.3316,short,standard_00_50,short,stress
1727398800.0,1727409600.0,-1.2221,short,standard_00_50,short,stress
1727697600.0,1727708400.0,-1.2072,short,standard_00_50,short,stress
1727762400.0,1727787600.0,2.2676,short,standard_00_50,short,stress
1727899200.0,1727906400.0,-1.2023,short,standard_00_50,short,stress
1727917200.0,1728043200.0,-1.1936,short,standard_00_50,short,stress
1728252000.0,1728306000.0,2.3073,short,standard_00_50,short,stress
1728644400.0,1728648000.0,-1.3973,short,standard_00_50,short,stress
1728932400.0,1728972000.0,1.9912,short,standard_00_50,short,stress
1729569600.0,1729580400.0,-1.4087,short,standard_00_50,short,stress
1729684800.0,1729735200.0,2.2125,short,standard_00_50,short,stress
1730196000.0,1730199600.0,-1.3744,short,standard_00_50,short,stress
1730340000.0,1730354400.0,2.1926,short,standard_00_50,short,stress
1730473200.0,1730678400.0,2.2733,short,standard_00_50,short,stress
1730782800.0,1730811600.0,2.0294,short,standard_00_50,short,stress
1731376800.0,1731420000.0,-1.4161,short,standard_00_50,short,stress
1731556800.0,1731592800.0,2.1323,short,standard_00_50,short,stress
1732064400.0,1732075200.0,-1.2389,short,standard_00_50,short,stress
1732284000.0,1732489200.0,2.264,short,standard_00_50,short,stress
1732784400.0,1732834800.0,2.1962,short,standard_00_50,short,stress
1733792400.0,1733814000.0,-1.3559,short,standard_00_50,short,stress
1734058800.0,1734076800.0,-1.322,short,standard_00_50,short,stress
1734314400.0,1734350400.0,-1.3762,short,standard_00_50,short,stress
1734537600.0,1734548400.0,-1.4022,short,standard_00_50,short,stress
1734598800.0,1734620400.0,-1.1676,short,standard_00_50,short,stress
1735228800.0,1735254000.0,1.8439,short,standard_00_50,short,stress
1735538400.0,1735560000.0,1.9795,short,standard_00_50,short,stress
1735664400.0,1735772400.0,-1.2566,short,standard_00_50,short,stress
1736161200.0,1736164800.0,2.1477,short,standard_00_50,short,stress
1736334000.0,1736395200.0,2.0803,short,standard_00_50,short,stress
1736492400.0,1736496000.0,1.8959,short,standard_00_50,short,stress
1736856000.0,1736874000.0,-1.2461,short,standard_00_50,short,stress
1737532800.0,1737547200.0,-1.3231,short,standard_00_50,short,stress
1737723600.0,1737964800.0,2.3317,short,standard_00_50,short,stress
1738036800.0,1738126800.0,2.241,short,standard_00_50,short,stress
1738328400.0,1738346400.0,-1.3,short,standard_00_50,short,stress
1738656000.0,1738681200.0,2.2246,short,standard_00_50,short,stress
1739174400.0,1739196000.0,2.2218,short,standard_00_50,short,stress
1739278800.0,1739286000.0,-1.4045,short,standard_00_50,short,stress
1739325600.0,1739332800.0,-1.3111,short,standard_00_50,short,stress
1739372400.0,1739376000.0,-1.2595,short,standard_00_50,short,stress
1740664800.0,1740668400.0,-1.256,short,standard_00_50,short,stress
1740729600.0,1740747600.0,-1.2168,short,standard_00_50,short,stress
1740956400.0,1740988800.0,2.2511,short,standard_00_50,short,stress
1741683600.0,1741690800.0,-1.2279,short,standard_00_50,short,stress
1741698000.0,1741752000.0,-1.1953,short,standard_00_50,short,stress
1741928400.0,1741932000.0,-1.3477,short,standard_00_50,short,stress
1742187600.0,1742212800.0,2.1752,short,standard_00_50,short,stress
1742259600.0,1742263200.0,-1.2963,short,standard_00_50,short,stress
1742364000.0,1742389200.0,-1.3295,short,standard_00_50,short,stress
1743069600.0,1743091200.0,-1.36,short,standard_00_50,short,stress
1743573600.0,1743588000.0,2.0725,short,standard_00_50,short,stress
1743606000.0,1743609600.0,-1.3164,short,standard_00_50,short,stress
1744041600.0,1744142400.0,2.3822,short,standard_00_50,short,stress
1744876800.0,1745182800.0,2.2926,short,standard_00_50,short,stress
1745280000.0,1745290800.0,2.2271,short,standard_00_50,short,stress
1745593200.0,1745848800.0,2.2937,short,standard_00_50,short,stress
1746111600.0,1746144000.0,-1.1729,short,standard_00_50,short,stress
1746633600.0,1746640800.0,-1.2966,short,standard_00_50,short,stress
1746680400.0,1746684000.0,-1.2369,short,standard_00_50,short,stress
1746687600.0,1746691200.0,-1.2205,short,standard_00_50,short,stress
1746698400.0,1746712800.0,-1.2463,short,standard_00_50,short,stress
1746730800.0,1746788400.0,2.3106,short,standard_00_50,short,stress
1747036800.0,1747044000.0,-1.1619,short,standard_00_50,short,stress
1747411200.0,1747602000.0,2.2224,short,standard_00_50,short,stress
1748394000.0,1748397600.0,-1.3492,short,standard_00_50,short,stress
1748966400.0,1748998800.0,-1.2687,short,standard_00_50,short,stress
1749218400.0,1749448800.0,2.2223,short,standard_00_50,short,stress
1749520800.0,1749535200.0,2.1375,short,standard_00_50,short,stress
1749596400.0,1749603600.0,-1.4107,short,standard_00_50,short,stress
1749819600.0,1750024800.0,-1.1972,short,standard_00_50,short,stress
1750676400.0,1750687200.0,2.2677,short,standard_00_50,short,stress
1750856400.0,1750874400.0,2.1608,short,standard_00_50,short,stress
1751864400.0,1751868000.0,-1.4527,short,standard_00_50,short,stress
1751882400.0,1751889600.0,-1.36,short,standard_00_50,short,stress
1752022800.0,1752026400.0,-1.4228,short,standard_00_50,short,stress
1752192000.0,1752195600.0,-1.4034,short,standard_00_50,short,stress
1752447600.0,1752505200.0,-1.3235,short,standard_00_50,short,stress
1752580800.0,1752584400.0,-1.4053,short,standard_00_50,short,stress
1752638400.0,1752674400.0,2.0996,short,standard_00_50,short,stress
1753408800.0,1753419600.0,2.1628,short,standard_00_50,short,stress
1753668000.0,1753682400.0,-1.4289,short,standard_00_50,short,stress
1753718400.0,1753772400.0,-1.3052,short,standard_00_50,short,stress
1753945200.0,1753952400.0,-1.2275,short,standard_00_50,short,stress
1753956000.0,1753963200.0,-1.2449,short,standard_00_50,short,stress
1753970400.0,1753992000.0,-1.2085,short,standard_00_50,short,stress
1754924400.0,1754935200.0,-1.4669,short,standard_00_50,short,stress
1754985600.0,1755000000.0,2.0377,short,standard_00_50,short,stress
1755180000.0,1755183600.0,-1.2605,short,standard_00_50,short,stress
1755478800.0,1755514800.0,-1.36,short,standard_00_50,short,stress
1755565200.0,1755669600.0,2.1123,short,standard_00_50,short,stress
1756126800.0,1756130400.0,-1.4273,short,standard_00_50,short,stress
1756281600.0,1756288800.0,-1.4857,short,standard_00_50,short,stress
1756882800.0,1756908000.0,2.1321,short,standard_00_50,short,stress
1757289600.0,1757354400.0,2.2899,short,standard_00_50,short,stress
1757466000.0,1757484000.0,-1.4057,short,standard_00_50,short,stress
1757505600.0,1757570400.0,-1.4109,short,standard_00_50,short,stress
1757592000.0,1757599200.0,2.0643,short,standard_00_50,short,stress
1757678400.0,1757908800.0,2.1027,short,standard_00_50,short,stress
1758157200.0,1758171600.0,-1.2704,short,standard_00_50,short,stress
1758686400.0,1758693600.0,-1.5311,short,standard_00_50,short,stress
1758841200.0,1759100400.0,2.1098,short,standard_00_50,short,stress
1759453200.0,1759460400.0,-1.4003,short,standard_00_50,short,stress
1759838400.0,1759845600.0,-1.4028,short,standard_00_50,short,stress
1759867200.0,1759881600.0,-1.3318,short,standard_00_50,short,stress
1759989600.0,1759993200.0,-1.3526,short,standard_00_50,short,stress
1760709600.0,1760911200.0,-1.2495,short,standard_00_50,short,stress
1760922000.0,1760950800.0,2.165,short,standard_00_50,short,stress
1761026400.0,1761033600.0,-1.3175,short,standard_00_50,short,stress
1761048000.0,1761181200.0,-1.2375,short,standard_00_50,short,stress
1761192000.0,1761199200.0,-1.4287,short,standard_00_50,short,stress
1761285600.0,1761307200.0,1.9342,short,standard_00_50,short,stress
1761793200.0,1761804000.0,-1.2343,short,standard_00_50,short,stress
1762351200.0,1762354800.0,-1.3445,short,standard_00_50,short,stress
1762736400.0,1762758000.0,-1.2994,short,standard_00_50,short,stress
1762956000.0,1763024400.0,2.0542,short,standard_00_50,short,stress
1763604000.0,1763614800.0,-1.3368,short,standard_00_50,short,stress
1763989200.0,1763992800.0,-1.5072,short,standard_00_50,short,stress
1764154800.0,1764165600.0,-1.3226,short,standard_00_50,short,stress
1764666000.0,1764687600.0,-1.5664,short,standard_00_50,short,stress
1765184400.0,1765195200.0,-1.4802,short,standard_00_50,short,stress
1765256400.0,1765263600.0,-1.5082,short,standard_00_50,short,stress
1765285200.0,1765292400.0,-1.3818,short,standard_00_50,short,stress
1765306800.0,1765382400.0,2.106,short,standard_00_50,short,stress
1765537200.0,1765540800.0,-1.5329,short,standard_00_50,short,stress
1765958400.0,1766001600.0,-1.368,short,standard_00_50,short,stress
1766052000.0,1766062800.0,1.9588,short,standard_00_50,short,stress
1766113200.0,1766116800.0,-1.3988,short,standard_00_50,short,stress
1766163600.0,1766178000.0,-1.2624,short,standard_00_50,short,stress
1766700000.0,1766703600.0,-1.5272,short,standard_00_50,short,stress
1766761200.0,1766764800.0,-1.4502,short,standard_00_50,short,stress
1767193200.0,1767204000.0,-1.6886,short,standard_00_50,short,stress
1767567600.0,1767571200.0,-1.5252,short,standard_00_50,short,stress
1767970800.0,1767974400.0,-1.3685,short,standard_00_50,short,stress
1768284000.0,1768287600.0,-1.4237,short,standard_00_50,short,stress
1768291200.0,1768320000.0,-1.3945,short,standard_00_50,short,stress
1768892400.0,1768896000.0,2.0443,short,standard_00_50,short,stress
1769151600.0,1769184000.0,2.2235,short,standard_00_50,short,stress
1769626800.0,1769738400.0,-1.2021,short,standard_00_50,short,stress
1769749200.0,1769763600.0,-1.2995,short,standard_00_50,short,stress
1769785200.0,1769792400.0,-1.2507,short,standard_00_50,short,stress
1769986800.0,1770044400.0,-1.2348,short,standard_00_50,short,stress
1770116400.0,1770166800.0,-1.4384,short,standard_00_50,short,stress
1770192000.0,1770195600.0,-1.5641,short,standard_00_50,short,stress
1770249600.0,1770267600.0,-1.4123,short,standard_00_50,short,stress
1770814800.0,1770829200.0,2.3068,short,standard_00_50,short,stress
1771894800.0,1771905600.0,-1.3683,short,standard_00_50,short,stress
1772438400.0,1772452800.0,-1.272,short,standard_00_50,short,stress
1773727200.0,1773752400.0,2.0469,short,standard_00_50,short,stress
1774231200.0,1774263600.0,2.1488,short,standard_00_50,short,stress
1774821600.0,1774828800.0,2.1131,short,standard_00_50,short,stress
1774918800.0,1774962000.0,2.0102,short,standard_00_50,short,stress
1775574000.0,1775592000.0,1.9462,short,standard_00_50,short,stress
1776250800.0,1776304800.0,1.9733,short,standard_00_50,short,stress
1776391200.0,1776402000.0,-1.5335,short,standard_00_50,short,stress
1776790800.0,1776798000.0,-1.43,short,standard_00_50,short,stress
1776888000.0,1776902400.0,-1.5685,short,standard_00_50,short,stress
1777341600.0,1777345200.0,1.7021,short,standard_00_50,short,stress
1777363200.0,1777370400.0,-1.4674,short,standard_00_50,short,stress
1777489200.0,1777521600.0,-1.5567,short,standard_00_50,short,stress
1778457600.0,1778461200.0,-1.5078,short,standard_00_50,short,stress
1778724000.0,1778731200.0,1.5976,short,standard_00_50,short,stress
1778763600.0,1778767200.0,-1.4908,short,standard_00_50,short,stress
1778799600.0,1778806800.0,-1.4882,short,standard_00_50,short,stress
1778810400.0,1778850000.0,-1.439,short,standard_00_50,short,stress
1779076800.0,1779105600.0,1.8533,short,standard_00_50,short,stress
1779170400.0,1779192000.0,1.7855,short,standard_00_50,short,stress
1779768000.0,1779775200.0,-2.6813,short,standard_00_50,short,stress
1779894000.0,1779901200.0,-1.8948,short,standard_00_50,short,stress
1779926400.0,1779937200.0,-1.9968,short,standard_00_50,short,stress
1780423200.0,1780441200.0,-2.387,short,standard_00_50,short,stress
1780502400.0,1780545600.0,1.9224,short,standard_00_50,short,stress
1780603200.0,1780657200.0,1.335,short,standard_00_50,short,stress
1781082000.0,1781089200.0,-2.363,short,standard_00_50,short,stress
1781110800.0,1781157600.0,-2.0609,short,standard_00_50,short,stress
1781179200.0,1781197200.0,0.9283,short,standard_00_50,short,stress
1781618400.0,1781683200.0,1.7264,short,standard_00_50,short,stress
1782082800.0,1782086400.0,-1.7867,short,standard_00_50,short,stress
1782093600.0,1782100800.0,-1.7579,short,standard_00_50,short,stress
1782136800.0,1782140400.0,-1.5445,short,standard_00_50,short,stress
1782820800.0,1782831600.0,-1.4519,short,standard_00_50,short,stress
1783288800.0,1783296000.0,-1.8496,short,standard_00_50,short,stress
1721253600.0,1721257200.0,-1.1453,long,standard_00_50,long,base
1721764800.0,1721782800.0,-1.1877,long,standard_00_50,long,base
1721797200.0,1721811600.0,-1.1793,long,standard_00_50,long,base
1721894400.0,1721901600.0,-1.0951,long,standard_00_50,long,base
1722427200.0,1722470400.0,-1.0493,long,standard_00_50,long,base
1722549600.0,1722553200.0,-1.1067,long,standard_00_50,long,base
1722610800.0,1722808800.0,-1.0711,long,standard_00_50,long,base
1723071600.0,1723075200.0,-1.0957,long,standard_00_50,long,base
1723212000.0,1723460400.0,2.3811,long,standard_00_50,long,base
1723554000.0,1723564800.0,-1.1451,long,standard_00_50,long,base
1724047200.0,1724119200.0,2.3956,long,standard_00_50,long,base
1724194800.0,1724198400.0,-1.1629,long,standard_00_50,long,base
1724630400.0,1724716800.0,2.4044,long,standard_00_50,long,base
1725336000.0,1725339600.0,-1.2188,long,standard_00_50,long,base
1725469200.0,1725480000.0,-1.1289,long,standard_00_50,long,base
1725537600.0,1725544800.0,2.3796,long,standard_00_50,long,base
1725634800.0,1725876000.0,2.4297,long,standard_00_50,long,base
1726192800.0,1726200000.0,-1.1147,long,standard_00_50,long,base
1726459200.0,1726466400.0,-1.1652,long,standard_00_50,long,base
1726801200.0,1726812000.0,-1.1374,long,standard_00_50,long,base
1727078400.0,1727085600.0,-1.1641,long,standard_00_50,long,base
1727445600.0,1727460000.0,-1.0602,long,standard_00_50,long,base
1728302400.0,1728306000.0,-1.1452,long,standard_00_50,long,base
1728352800.0,1728370800.0,-1.1572,long,standard_00_50,long,base
1729263600.0,1729267200.0,-1.2236,long,standard_00_50,long,base
1729753200.0,1729760400.0,-1.2012,long,standard_00_50,long,base
1729832400.0,1729872000.0,2.2634,long,standard_00_50,long,base
1730361600.0,1730397600.0,-1.1359,long,standard_00_50,long,base
1730962800.0,1730984400.0,-1.1699,long,standard_00_50,long,base
1731387600.0,1731420000.0,2.2479,long,standard_00_50,long,base
1731502800.0,1731513600.0,2.3198,long,standard_00_50,long,base
1731981600.0,1732003200.0,-1.1832,long,standard_00_50,long,base
1732150800.0,1732168800.0,-1.1844,long,standard_00_50,long,base
1732492800.0,1732496400.0,-1.1583,long,standard_00_50,long,base
1732626000.0,1732647600.0,-1.1351,long,standard_00_50,long,base
1732698000.0,1732716000.0,-1.1531,long,standard_00_50,long,base
1732719600.0,1732723200.0,-1.1213,long,standard_00_50,long,base
1732903200.0,1733104800.0,2.3769,long,standard_00_50,long,base
1733907600.0,1733922000.0,-1.1572,long,standard_00_50,long,base
1734008400.0,1734048000.0,2.3449,long,standard_00_50,long,base
1735315200.0,1735560000.0,-1.2473,long,standard_00_50,long,base
1735570800.0,1735581600.0,-1.2344,long,standard_00_50,long,base
1735632000.0,1735639200.0,2.288,long,standard_00_50,long,base
1735801200.0,1735833600.0,2.3117,long,standard_00_50,long,base
1735923600.0,1736121600.0,2.2862,long,standard_00_50,long,base
1736395200.0,1736424000.0,-1.2706,long,standard_00_50,long,base
1736769600.0,1736816400.0,2.3564,long,standard_00_50,long,base
1736992800.0,1737043200.0,-1.1352,long,standard_00_50,long,base
1737698400.0,1737705600.0,-1.1311,long,standard_00_50,long,base
1738162800.0,1738195200.0,-1.1836,long,standard_00_50,long,base
1738684800.0,1738688400.0,-1.1817,long,standard_00_50,long,base
1739455200.0,1739458800.0,-1.168,long,standard_00_50,long,base
1739462400.0,1739473200.0,-1.1569,long,standard_00_50,long,base
1739516400.0,1739538000.0,-1.1657,long,standard_00_50,long,base
1739548800.0,1739746800.0,-1.1642,long,standard_00_50,long,base
1739768400.0,1739833200.0,-1.2213,long,standard_00_50,long,base
1740016800.0,1740020400.0,-1.1648,long,standard_00_50,long,base
1740034800.0,1740056400.0,-1.151,long,standard_00_50,long,base
1740070800.0,1740099600.0,2.3523,long,standard_00_50,long,base
1740164400.0,1740394800.0,2.3423,long,standard_00_50,long,base
1740992400.0,1740999600.0,2.3311,long,standard_00_50,long,base
1741604400.0,1741608000.0,-1.1468,long,standard_00_50,long,base
1741881600.0,1741910400.0,2.3483,long,standard_00_50,long,base
1743382800.0,1743386400.0,-1.1347,long,standard_00_50,long,base
1743764400.0,1743786000.0,2.4223,long,standard_00_50,long,base
1744776000.0,1744779600.0,-1.1906,long,standard_00_50,long,base
1744830000.0,1744837200.0,-1.1105,long,standard_00_50,long,base
1745226000.0,1745290800.0,-1.1494,long,standard_00_50,long,base
1746176400.0,1746190800.0,-1.1447,long,standard_00_50,long,base
1746450000.0,1746514800.0,-1.1602,long,standard_00_50,long,base
1746799200.0,1746997200.0,2.3373,long,standard_00_50,long,base
1747317600.0,1747346400.0,-1.1301,long,standard_00_50,long,base
1747357200.0,1747404000.0,2.3566,long,standard_00_50,long,base
1747807200.0,1747821600.0,-1.1838,long,standard_00_50,long,base
1747846800.0,1747864800.0,2.3529,long,standard_00_50,long,base
1747900800.0,1747929600.0,2.3702,long,standard_00_50,long,base
1748001600.0,1748221200.0,-1.1678,long,standard_00_50,long,base
1748538000.0,1748566800.0,-1.1326,long,standard_00_50,long,base
1749456000.0,1749470400.0,2.2753,long,standard_00_50,long,base
1749690000.0,1749708000.0,-1.1302,long,standard_00_50,long,base
1749726000.0,1749729600.0,-1.148,long,standard_00_50,long,base
1750262400.0,1750269600.0,-1.2353,long,standard_00_50,long,base
1750726800.0,1750734000.0,-1.1367,long,standard_00_50,long,base
1750748400.0,1750752000.0,-1.1686,long,standard_00_50,long,base
1750755600.0,1750773600.0,-1.1539,long,standard_00_50,long,base
1751331600.0,1751346000.0,-1.1999,long,standard_00_50,long,base
1752674400.0,1752678000.0,-1.1757,long,standard_00_50,long,base
1753077600.0,1753095600.0,-1.1718,long,standard_00_50,long,base
1753837200.0,1753844400.0,-1.2356,long,standard_00_50,long,base
1754056800.0,1754071200.0,-1.1102,long,standard_00_50,long,base
1754308800.0,1754316000.0,-1.1541,long,standard_00_50,long,base
1755651600.0,1755669600.0,-1.2549,long,standard_00_50,long,base
1756360800.0,1756368000.0,-1.252,long,standard_00_50,long,base
1757080800.0,1757084400.0,-1.2235,long,standard_00_50,long,base
1757998800.0,1758002400.0,-1.3212,long,standard_00_50,long,base
1758618000.0,1758650400.0,-1.3363,long,standard_00_50,long,base
1758891600.0,1758895200.0,-1.2721,long,standard_00_50,long,base
1758898800.0,1759100400.0,-1.2838,long,standard_00_50,long,base
1759132800.0,1759208400.0,-1.2731,long,standard_00_50,long,base
1759305600.0,1759320000.0,-1.225,long,standard_00_50,long,base
1760014800.0,1760076000.0,-1.146,long,standard_00_50,long,base
1760497200.0,1760508000.0,-1.223,long,standard_00_50,long,base
1761307200.0,1761519600.0,2.2611,long,standard_00_50,long,base
1762182000.0,1762214400.0,2.1026,long,standard_00_50,long,base
1762228800.0,1762232400.0,-1.3396,long,standard_00_50,long,base
1762239600.0,1762243200.0,-1.2634,long,standard_00_50,long,base
1762448400.0,1762498800.0,2.2809,long,standard_00_50,long,base
1763024400.0,1763046000.0,-1.2575,long,standard_00_50,long,base
1763704800.0,1763708400.0,-1.2341,long,standard_00_50,long,base
1764054000.0,1764057600.0,-1.3261,long,standard_00_50,long,base
1764079200.0,1764090000.0,-1.2248,long,standard_00_50,long,base
1764338400.0,1764342000.0,-1.2809,long,standard_00_50,long,base
1764554400.0,1764576000.0,-1.2189,long,standard_00_50,long,base
1764763200.0,1764766800.0,-1.3527,long,standard_00_50,long,base
1764914400.0,1764918000.0,-1.2879,long,standard_00_50,long,base
1765378800.0,1765382400.0,-1.364,long,standard_00_50,long,base
1765418400.0,1765458000.0,-1.1795,long,standard_00_50,long,base
1765778400.0,1765796400.0,-1.2643,long,standard_00_50,long,base
1766062800.0,1766066400.0,-1.2718,long,standard_00_50,long,base
1766466000.0,1766480400.0,-1.2476,long,standard_00_50,long,base
1767016800.0,1767020400.0,-1.257,long,standard_00_50,long,base
1767081600.0,1767088800.0,-1.2794,long,standard_00_50,long,base
1767610800.0,1767628800.0,-1.2191,long,standard_00_50,long,base
1768784400.0,1768867200.0,2.2946,long,standard_00_50,long,base
1768914000.0,1769050800.0,2.3402,long,standard_00_50,long,base
1769522400.0,1769533200.0,-1.1137,long,standard_00_50,long,base
1770717600.0,1770728400.0,-1.1742,long,standard_00_50,long,base
1770789600.0,1770814800.0,-1.1824,long,standard_00_50,long,base
1770865200.0,1770876000.0,2.3782,long,standard_00_50,long,base
1771293600.0,1771304400.0,-1.29,long,standard_00_50,long,base
1771808400.0,1771848000.0,2.3518,long,standard_00_50,long,base
1772618400.0,1772640000.0,-1.1617,long,standard_00_50,long,base
1772672400.0,1772697600.0,2.2796,long,standard_00_50,long,base
1773104400.0,1773126000.0,-1.1576,long,standard_00_50,long,base
1774382400.0,1774461600.0,2.3045,long,standard_00_50,long,base
1774864800.0,1774872000.0,-1.2301,long,standard_00_50,long,base
1774969200.0,1774972800.0,-1.2273,long,standard_00_50,long,base
1775001600.0,1775023200.0,-1.189,long,standard_00_50,long,base
1775653200.0,1775718000.0,2.3253,long,standard_00_50,long,base
1776142800.0,1776150000.0,-1.3259,long,standard_00_50,long,base
1776157200.0,1776160800.0,-1.3174,long,standard_00_50,long,base
1776308400.0,1776333600.0,2.2246,long,standard_00_50,long,base
1777348800.0,1777359600.0,2.1252,long,standard_00_50,long,base
1777615200.0,1777647600.0,2.3592,long,standard_00_50,long,base
1780473600.0,1780502400.0,2.0872,long,standard_00_50,long,base
1781200800.0,1781204400.0,-1.4423,long,standard_00_50,long,base
1721253600.0,1721257200.0,-1.2421,long,standard_00_50,long,stress
1721764800.0,1721782800.0,-1.3128,long,standard_00_50,long,stress
1721797200.0,1721811600.0,-1.2989,long,standard_00_50,long,stress
1721894400.0,1721901600.0,-1.1585,long,standard_00_50,long,stress
1722427200.0,1722470400.0,-1.0822,long,standard_00_50,long,stress
1722549600.0,1722553200.0,-1.1778,long,standard_00_50,long,stress
1722610800.0,1722808800.0,-1.1185,long,standard_00_50,long,stress
1723071600.0,1723075200.0,-1.1594,long,standard_00_50,long,stress
1723212000.0,1723460400.0,2.3018,long,standard_00_50,long,stress
1723554000.0,1723564800.0,-1.2418,long,standard_00_50,long,stress
1724047200.0,1724119200.0,2.326,long,standard_00_50,long,stress
1724194800.0,1724198400.0,-1.2714,long,standard_00_50,long,stress
1724630400.0,1724716800.0,2.3406,long,standard_00_50,long,stress
1725336000.0,1725339600.0,-1.3646,long,standard_00_50,long,stress
1725469200.0,1725480000.0,-1.2149,long,standard_00_50,long,stress
1725537600.0,1725544800.0,2.2993,long,standard_00_50,long,stress
1725634800.0,1725876000.0,2.3829,long,standard_00_50,long,stress
1726192800.0,1726200000.0,-1.1912,long,standard_00_50,long,stress
1726459200.0,1726466400.0,-1.2753,long,standard_00_50,long,stress
1726801200.0,1726812000.0,-1.2289,long,standard_00_50,long,stress
1727078400.0,1727085600.0,-1.2735,long,standard_00_50,long,stress
1727445600.0,1727460000.0,-1.1003,long,standard_00_50,long,stress
1728302400.0,1728306000.0,-1.242,long,standard_00_50,long,stress
1728352800.0,1728370800.0,-1.2621,long,standard_00_50,long,stress
1729263600.0,1729267200.0,-1.3727,long,standard_00_50,long,stress
1729753200.0,1729760400.0,-1.3354,long,standard_00_50,long,stress
1729832400.0,1729872000.0,2.1057,long,standard_00_50,long,stress
1730361600.0,1730397600.0,-1.2265,long,standard_00_50,long,stress
1730962800.0,1730984400.0,-1.2832,long,standard_00_50,long,stress
1731387600.0,1731420000.0,2.0798,long,standard_00_50,long,stress
1731502800.0,1731513600.0,2.1996,long,standard_00_50,long,stress
1731981600.0,1732003200.0,-1.3053,long,standard_00_50,long,stress
1732150800.0,1732168800.0,-1.3073,long,standard_00_50,long,stress
1732492800.0,1732496400.0,-1.2639,long,standard_00_50,long,stress
1732626000.0,1732647600.0,-1.2251,long,standard_00_50,long,stress
1732698000.0,1732716000.0,-1.2551,long,standard_00_50,long,stress
1732719600.0,1732723200.0,-1.2022,long,standard_00_50,long,stress
1732903200.0,1733104800.0,2.2948,long,standard_00_50,long,stress
1733907600.0,1733922000.0,-1.2621,long,standard_00_50,long,stress
1734008400.0,1734048000.0,2.2415,long,standard_00_50,long,stress
1735315200.0,1735560000.0,-1.4121,long,standard_00_50,long,stress
1735570800.0,1735581600.0,-1.3907,long,standard_00_50,long,stress
1735632000.0,1735639200.0,2.1467,long,standard_00_50,long,stress
1735801200.0,1735833600.0,2.1862,long,standard_00_50,long,stress
1735923600.0,1736121600.0,2.1437,long,standard_00_50,long,stress
1736395200.0,1736424000.0,-1.4509,long,standard_00_50,long,stress
1736769600.0,1736816400.0,2.2606,long,standard_00_50,long,stress
1736992800.0,1737043200.0,-1.2254,long,standard_00_50,long,stress
1737698400.0,1737705600.0,-1.2185,long,standard_00_50,long,stress
1738162800.0,1738195200.0,-1.306,long,standard_00_50,long,stress
1738684800.0,1738688400.0,-1.3029,long,standard_00_50,long,stress
1739455200.0,1739458800.0,-1.2799,long,standard_00_50,long,stress
1739462400.0,1739473200.0,-1.2615,long,standard_00_50,long,stress
1739516400.0,1739538000.0,-1.2762,long,standard_00_50,long,stress
1739548800.0,1739746800.0,-1.2736,long,standard_00_50,long,stress
1739768400.0,1739833200.0,-1.3689,long,standard_00_50,long,stress
1740016800.0,1740020400.0,-1.2746,long,standard_00_50,long,stress
1740034800.0,1740056400.0,-1.2516,long,standard_00_50,long,stress
1740070800.0,1740099600.0,2.2538,long,standard_00_50,long,stress
1740164400.0,1740394800.0,2.2372,long,standard_00_50,long,stress
1740992400.0,1740999600.0,2.2186,long,standard_00_50,long,stress
1741604400.0,1741608000.0,-1.2447,long,standard_00_50,long,stress
1741881600.0,1741910400.0,2.2472,long,standard_00_50,long,stress
1743382800.0,1743386400.0,-1.2244,long,standard_00_50,long,stress
1743764400.0,1743786000.0,2.3705,long,standard_00_50,long,stress
1744776000.0,1744779600.0,-1.3176,long,standard_00_50,long,stress
1744830000.0,1744837200.0,-1.1842,long,standard_00_50,long,stress
1745226000.0,1745290800.0,-1.249,long,standard_00_50,long,stress
1746176400.0,1746190800.0,-1.2411,long,standard_00_50,long,stress
1746450000.0,1746514800.0,-1.267,long,standard_00_50,long,stress
1746799200.0,1746997200.0,2.2288,long,standard_00_50,long,stress
1747317600.0,1747346400.0,-1.2168,long,standard_00_50,long,stress
1747357200.0,1747404000.0,2.2609,long,standard_00_50,long,stress
1747807200.0,1747821600.0,-1.3064,long,standard_00_50,long,stress
1747846800.0,1747864800.0,2.2548,long,standard_00_50,long,stress
1747900800.0,1747929600.0,2.2837,long,standard_00_50,long,stress
1748001600.0,1748221200.0,-1.2796,long,standard_00_50,long,stress
1748538000.0,1748566800.0,-1.221,long,standard_00_50,long,stress
1749456000.0,1749470400.0,2.1254,long,standard_00_50,long,stress
1749690000.0,1749708000.0,-1.217,long,standard_00_50,long,stress
1749726000.0,1749729600.0,-1.2466,long,standard_00_50,long,stress
1750262400.0,1750269600.0,-1.3922,long,standard_00_50,long,stress
1750726800.0,1750734000.0,-1.2279,long,standard_00_50,long,stress
1750748400.0,1750752000.0,-1.2809,long,standard_00_50,long,stress
1750755600.0,1750773600.0,-1.2565,long,standard_00_50,long,stress
1751331600.0,1751346000.0,-1.3331,long,standard_00_50,long,stress
1752674400.0,1752678000.0,-1.2928,long,standard_00_50,long,stress
1753077600.0,1753095600.0,-1.2864,long,standard_00_50,long,stress
1753837200.0,1753844400.0,-1.3927,long,standard_00_50,long,stress
1754056800.0,1754071200.0,-1.1837,long,standard_00_50,long,stress
1754308800.0,1754316000.0,-1.2568,long,standard_00_50,long,stress
1755651600.0,1755669600.0,-1.4248,long,standard_00_50,long,stress
1756360800.0,1756368000.0,-1.42,long,standard_00_50,long,stress
1757080800.0,1757084400.0,-1.3725,long,standard_00_50,long,stress
1757998800.0,1758002400.0,-1.5354,long,standard_00_50,long,stress
1758618000.0,1758650400.0,-1.5605,long,standard_00_50,long,stress
1758891600.0,1758895200.0,-1.4536,long,standard_00_50,long,stress
1758898800.0,1759100400.0,-1.4731,long,standard_00_50,long,stress
1759132800.0,1759208400.0,-1.4552,long,standard_00_50,long,stress
1759305600.0,1759320000.0,-1.375,long,standard_00_50,long,stress
1760014800.0,1760076000.0,-1.2434,long,standard_00_50,long,stress
1760497200.0,1760508000.0,-1.3716,long,standard_00_50,long,stress
1761307200.0,1761519600.0,2.1019,long,standard_00_50,long,stress
1762182000.0,1762214400.0,1.8376,long,standard_00_50,long,stress
1762228800.0,1762232400.0,-1.566,long,standard_00_50,long,stress
1762239600.0,1762243200.0,-1.439,long,standard_00_50,long,stress
1762448400.0,1762498800.0,2.1349,long,standard_00_50,long,stress
1763024400.0,1763046000.0,-1.4292,long,standard_00_50,long,stress
1763704800.0,1763708400.0,-1.3901,long,standard_00_50,long,stress
1764054000.0,1764057600.0,-1.5436,long,standard_00_50,long,stress
1764079200.0,1764090000.0,-1.3747,long,standard_00_50,long,stress
1764338400.0,1764342000.0,-1.4681,long,standard_00_50,long,stress
1764554400.0,1764576000.0,-1.3649,long,standard_00_50,long,stress
1764763200.0,1764766800.0,-1.5879,long,standard_00_50,long,stress
1764914400.0,1764918000.0,-1.4798,long,standard_00_50,long,stress
1765378800.0,1765382400.0,-1.6067,long,standard_00_50,long,stress
1765418400.0,1765458000.0,-1.2992,long,standard_00_50,long,stress
1765778400.0,1765796400.0,-1.4404,long,standard_00_50,long,stress
1766062800.0,1766066400.0,-1.4531,long,standard_00_50,long,stress
1766466000.0,1766480400.0,-1.4127,long,standard_00_50,long,stress
1767016800.0,1767020400.0,-1.4284,long,standard_00_50,long,stress
1767081600.0,1767088800.0,-1.4657,long,standard_00_50,long,stress
1767610800.0,1767628800.0,-1.3652,long,standard_00_50,long,stress
1768784400.0,1768867200.0,2.1576,long,standard_00_50,long,stress
1768914000.0,1769050800.0,2.2336,long,standard_00_50,long,stress
1769522400.0,1769533200.0,-1.1896,long,standard_00_50,long,stress
1770717600.0,1770728400.0,-1.2903,long,standard_00_50,long,stress
1770789600.0,1770814800.0,-1.3039,long,standard_00_50,long,stress
1770865200.0,1770876000.0,2.297,long,standard_00_50,long,stress
1771293600.0,1771304400.0,-1.4833,long,standard_00_50,long,stress
1771808400.0,1771848000.0,2.2529,long,standard_00_50,long,stress
1772618400.0,1772640000.0,-1.2695,long,standard_00_50,long,stress
1772672400.0,1772697600.0,2.1327,long,standard_00_50,long,stress
1773104400.0,1773126000.0,-1.2627,long,standard_00_50,long,stress
1774382400.0,1774461600.0,2.1742,long,standard_00_50,long,stress
1774864800.0,1774872000.0,-1.3835,long,standard_00_50,long,stress
1774969200.0,1774972800.0,-1.3788,long,standard_00_50,long,stress
1775001600.0,1775023200.0,-1.315,long,standard_00_50,long,stress
1775653200.0,1775718000.0,2.2089,long,standard_00_50,long,stress
1776142800.0,1776150000.0,-1.5431,long,standard_00_50,long,stress
1776157200.0,1776160800.0,-1.529,long,standard_00_50,long,stress
1776308400.0,1776333600.0,2.041,long,standard_00_50,long,stress
1777348800.0,1777359600.0,1.8753,long,standard_00_50,long,stress
1777615200.0,1777647600.0,2.2654,long,standard_00_50,long,stress
1780473600.0,1780502400.0,1.812,long,standard_00_50,long,stress
1781200800.0,1781204400.0,-1.7372,long,standard_00_50,long,stress
1725282000.0,1725339600.0,2.3277,short,big_figure_00,short,base
1726124400.0,1726142400.0,2.3421,short,big_figure_00,short,base
1727319600.0,1727334000.0,-1.199,short,big_figure_00,short,base
1727697600.0,1727708400.0,-1.1243,short,big_figure_00,short,base
1727917200.0,1728043200.0,-1.1162,short,big_figure_00,short,base
1728252000.0,1728306000.0,2.3844,short,big_figure_00,short,base
1728644400.0,1728648000.0,-1.2384,short,big_figure_00,short,base
1728932400.0,1728972000.0,2.1947,short,big_figure_00,short,base
1729569600.0,1729580400.0,-1.2452,short,big_figure_00,short,base
1729684800.0,1729735200.0,2.3275,short,big_figure_00,short,base
1730473200.0,1730678400.0,2.364,short,big_figure_00,short,base
1731376800.0,1731420000.0,-1.2497,short,big_figure_00,short,base
1731556800.0,1731592800.0,2.2794,short,big_figure_00,short,base
1732064400.0,1732075200.0,-1.1433,short,big_figure_00,short,base
1732284000.0,1732489200.0,2.3584,short,big_figure_00,short,base
1732784400.0,1732834800.0,2.3177,short,big_figure_00,short,base
1734058800.0,1734076800.0,-1.1932,short,big_figure_00,short,base
1734314400.0,1734350400.0,-1.2257,short,big_figure_00,short,base
1734537600.0,1734548400.0,-1.2413,short,big_figure_00,short,base
1734598800.0,1734620400.0,-1.1006,short,big_figure_00,short,base
1735228800.0,1735254000.0,2.1064,short,big_figure_00,short,base
1735538400.0,1735560000.0,2.1877,short,big_figure_00,short,base
1736161200.0,1736164800.0,2.2886,short,big_figure_00,short,base
1736856000.0,1736874000.0,-1.1477,short,big_figure_00,short,base
1737532800.0,1737547200.0,-1.1938,short,big_figure_00,short,base
1738036800.0,1738126800.0,2.3446,short,big_figure_00,short,base
1738328400.0,1738346400.0,-1.18,short,big_figure_00,short,base
1740664800.0,1740668400.0,-1.1536,short,big_figure_00,short,base
1740956400.0,1740988800.0,2.3507,short,big_figure_00,short,base
1741698000.0,1741752000.0,-1.1172,short,big_figure_00,short,base
1742187600.0,1742212800.0,2.3051,short,big_figure_00,short,base
1742364000.0,1742389200.0,-1.1977,short,big_figure_00,short,base
1743069600.0,1743091200.0,-1.216,short,big_figure_00,short,base
1743573600.0,1743588000.0,2.2435,short,big_figure_00,short,base
1743606000.0,1743609600.0,-1.1898,short,big_figure_00,short,base
1744041600.0,1744142400.0,2.4293,short,big_figure_00,short,base
1744876800.0,1745182800.0,2.3756,short,big_figure_00,short,base
1745280000.0,1745290800.0,2.3362,short,big_figure_00,short,base
1745593200.0,1745848800.0,2.3762,short,big_figure_00,short,base
1746680400.0,1746684000.0,-1.1421,short,big_figure_00,short,base
1746698400.0,1746712800.0,-1.1478,short,big_figure_00,short,base
1746730800.0,1746788400.0,2.3863,short,big_figure_00,short,base
1747036800.0,1747044000.0,-1.0971,short,big_figure_00,short,base
1747411200.0,1747602000.0,2.3334,short,big_figure_00,short,base
1748966400.0,1748998800.0,-1.1612,short,big_figure_00,short,base
1749218400.0,1749448800.0,2.3334,short,big_figure_00,short,base
1749520800.0,1749535200.0,2.2825,short,big_figure_00,short,base
1749596400.0,1749603600.0,-1.2464,short,big_figure_00,short,base
1750676400.0,1750687200.0,2.3606,short,big_figure_00,short,base
1750856400.0,1750874400.0,2.2965,short,big_figure_00,short,base
1751864400.0,1751868000.0,-1.2716,short,big_figure_00,short,base
1752022800.0,1752026400.0,-1.2537,short,big_figure_00,short,base
1752580800.0,1752584400.0,-1.2432,short,big_figure_00,short,base
1752638400.0,1752674400.0,2.2597,short,big_figure_00,short,base
1753668000.0,1753682400.0,-1.2573,short,big_figure_00,short,base
1753956000.0,1753963200.0,-1.1469,short,big_figure_00,short,base
1754924400.0,1754935200.0,-1.2801,short,big_figure_00,short,base
1755565200.0,1755669600.0,2.2674,short,big_figure_00,short,base
1756281600.0,1756288800.0,-1.2914,short,big_figure_00,short,base
1756882800.0,1756908000.0,2.2793,short,big_figure_00,short,base
1757592000.0,1757599200.0,2.2386,short,big_figure_00,short,base
1757678400.0,1757908800.0,2.2616,short,big_figure_00,short,base
1758157200.0,1758171600.0,-1.1623,short,big_figure_00,short,base
1758686400.0,1758693600.0,-1.3186,short,big_figure_00,short,base
1758841200.0,1759100400.0,2.2659,short,big_figure_00,short,base
1759838400.0,1759845600.0,-1.2417,short,big_figure_00,short,base
1759867200.0,1759881600.0,-1.1991,short,big_figure_00,short,base
1759989600.0,1759993200.0,-1.2116,short,big_figure_00,short,base
1760922000.0,1760950800.0,2.299,short,big_figure_00,short,base
1761048000.0,1761181200.0,-1.1425,short,big_figure_00,short,base
1761285600.0,1761307200.0,2.1605,short,big_figure_00,short,base
1761793200.0,1761804000.0,-1.1406,short,big_figure_00,short,base
1762351200.0,1762354800.0,-1.2067,short,big_figure_00,short,base
1762736400.0,1762758000.0,-1.1796,short,big_figure_00,short,base
1762956000.0,1763024400.0,2.2325,short,big_figure_00,short,base
1763989200.0,1763992800.0,-1.3043,short,big_figure_00,short,base
1764666000.0,1764687600.0,-1.3398,short,big_figure_00,short,base
1765256400.0,1765263600.0,-1.3049,short,big_figure_00,short,base
1765306800.0,1765382400.0,2.2636,short,big_figure_00,short,base
1765537200.0,1765540800.0,-1.3198,short,big_figure_00,short,base
1766052000.0,1766062800.0,2.1753,short,big_figure_00,short,base
1766113200.0,1766116800.0,-1.2393,short,big_figure_00,short,base
1766700000.0,1766703600.0,-1.3163,short,big_figure_00,short,base
1767193200.0,1767204000.0,-1.4131,short,big_figure_00,short,base
1767567600.0,1767571200.0,-1.3151,short,big_figure_00,short,base
1767970800.0,1767974400.0,-1.2211,short,big_figure_00,short,base
1768284000.0,1768287600.0,-1.2542,short,big_figure_00,short,base
1768291200.0,1768320000.0,-1.2367,short,big_figure_00,short,base
1769151600.0,1769184000.0,2.3341,short,big_figure_00,short,base
1769626800.0,1769738400.0,-1.1212,short,big_figure_00,short,base
1769749200.0,1769763600.0,-1.1797,short,big_figure_00,short,base
1770116400.0,1770166800.0,-1.2631,short,big_figure_00,short,base
1770249600.0,1770267600.0,-1.2474,short,big_figure_00,short,base
1771894800.0,1771905600.0,-1.221,short,big_figure_00,short,base
1772438400.0,1772452800.0,-1.1632,short,big_figure_00,short,base
1774918800.0,1774962000.0,2.2061,short,big_figure_00,short,base
1775574000.0,1775592000.0,2.1677,short,big_figure_00,short,base
1776250800.0,1776304800.0,2.184,short,big_figure_00,short,base
1778457600.0,1778461200.0,-1.3047,short,big_figure_00,short,base
1778724000.0,1778731200.0,1.9585,short,big_figure_00,short,base
1778763600.0,1778767200.0,-1.2945,short,big_figure_00,short,base
1779076800.0,1779105600.0,2.112,short,big_figure_00,short,base
1779170400.0,1779192000.0,2.0713,short,big_figure_00,short,base
1779768000.0,1779775200.0,-2.0088,short,big_figure_00,short,base
1780423200.0,1780441200.0,-1.8322,short,big_figure_00,short,base
1780502400.0,1780545600.0,2.1535,short,big_figure_00,short,base
1780603200.0,1780657200.0,1.801,short,big_figure_00,short,base
1782136800.0,1782140400.0,-1.3267,short,big_figure_00,short,base
1725282000.0,1725339600.0,2.2128,short,big_figure_00,short,stress
1726124400.0,1726142400.0,2.2369,short,big_figure_00,short,stress
1727319600.0,1727334000.0,-1.3316,short,big_figure_00,short,stress
1727697600.0,1727708400.0,-1.2072,short,big_figure_00,short,stress
1727917200.0,1728043200.0,-1.1936,short,big_figure_00,short,stress
1728252000.0,1728306000.0,2.3073,short,big_figure_00,short,stress
1728644400.0,1728648000.0,-1.3973,short,big_figure_00,short,stress
1728932400.0,1728972000.0,1.9912,short,big_figure_00,short,stress
1729569600.0,1729580400.0,-1.4087,short,big_figure_00,short,stress
1729684800.0,1729735200.0,2.2125,short,big_figure_00,short,stress
1730473200.0,1730678400.0,2.2733,short,big_figure_00,short,stress
1731376800.0,1731420000.0,-1.4161,short,big_figure_00,short,stress
1731556800.0,1731592800.0,2.1323,short,big_figure_00,short,stress
1732064400.0,1732075200.0,-1.2389,short,big_figure_00,short,stress
1732284000.0,1732489200.0,2.264,short,big_figure_00,short,stress
1732784400.0,1732834800.0,2.1962,short,big_figure_00,short,stress
1734058800.0,1734076800.0,-1.322,short,big_figure_00,short,stress
1734314400.0,1734350400.0,-1.3762,short,big_figure_00,short,stress
1734537600.0,1734548400.0,-1.4022,short,big_figure_00,short,stress
1734598800.0,1734620400.0,-1.1676,short,big_figure_00,short,stress
1735228800.0,1735254000.0,1.8439,short,big_figure_00,short,stress
1735538400.0,1735560000.0,1.9795,short,big_figure_00,short,stress
1736161200.0,1736164800.0,2.1477,short,big_figure_00,short,stress
1736856000.0,1736874000.0,-1.2461,short,big_figure_00,short,stress
1737532800.0,1737547200.0,-1.3231,short,big_figure_00,short,stress
1738036800.0,1738126800.0,2.241,short,big_figure_00,short,stress
1738328400.0,1738346400.0,-1.3,short,big_figure_00,short,stress
1740664800.0,1740668400.0,-1.256,short,big_figure_00,short,stress
1740956400.0,1740988800.0,2.2511,short,big_figure_00,short,stress
1741698000.0,1741752000.0,-1.1953,short,big_figure_00,short,stress
1742187600.0,1742212800.0,2.1752,short,big_figure_00,short,stress
1742364000.0,1742389200.0,-1.3295,short,big_figure_00,short,stress
1743069600.0,1743091200.0,-1.36,short,big_figure_00,short,stress
1743573600.0,1743588000.0,2.0725,short,big_figure_00,short,stress
1743606000.0,1743609600.0,-1.3164,short,big_figure_00,short,stress
1744041600.0,1744142400.0,2.3822,short,big_figure_00,short,stress
1744876800.0,1745182800.0,2.2926,short,big_figure_00,short,stress
1745280000.0,1745290800.0,2.2271,short,big_figure_00,short,stress
1745593200.0,1745848800.0,2.2937,short,big_figure_00,short,stress
1746680400.0,1746684000.0,-1.2369,short,big_figure_00,short,stress
1746698400.0,1746712800.0,-1.2463,short,big_figure_00,short,stress
1746730800.0,1746788400.0,2.3106,short,big_figure_00,short,stress
1747036800.0,1747044000.0,-1.1619,short,big_figure_00,short,stress
1747411200.0,1747602000.0,2.2224,short,big_figure_00,short,stress
1748966400.0,1748998800.0,-1.2687,short,big_figure_00,short,stress
1749218400.0,1749448800.0,2.2223,short,big_figure_00,short,stress
1749520800.0,1749535200.0,2.1375,short,big_figure_00,short,stress
1749596400.0,1749603600.0,-1.4107,short,big_figure_00,short,stress
1750676400.0,1750687200.0,2.2677,short,big_figure_00,short,stress
1750856400.0,1750874400.0,2.1608,short,big_figure_00,short,stress
1751864400.0,1751868000.0,-1.4527,short,big_figure_00,short,stress
1752022800.0,1752026400.0,-1.4228,short,big_figure_00,short,stress
1752580800.0,1752584400.0,-1.4053,short,big_figure_00,short,stress
1752638400.0,1752674400.0,2.0996,short,big_figure_00,short,stress
1753668000.0,1753682400.0,-1.4289,short,big_figure_00,short,stress
1753956000.0,1753963200.0,-1.2449,short,big_figure_00,short,stress
1754924400.0,1754935200.0,-1.4669,short,big_figure_00,short,stress
1755565200.0,1755669600.0,2.1123,short,big_figure_00,short,stress
1756281600.0,1756288800.0,-1.4857,short,big_figure_00,short,stress
1756882800.0,1756908000.0,2.1321,short,big_figure_00,short,stress
1757592000.0,1757599200.0,2.0643,short,big_figure_00,short,stress
1757678400.0,1757908800.0,2.1027,short,big_figure_00,short,stress
1758157200.0,1758171600.0,-1.2704,short,big_figure_00,short,stress
1758686400.0,1758693600.0,-1.5311,short,big_figure_00,short,stress
1758841200.0,1759100400.0,2.1098,short,big_figure_00,short,stress
1759838400.0,1759845600.0,-1.4028,short,big_figure_00,short,stress
1759867200.0,1759881600.0,-1.3318,short,big_figure_00,short,stress
1759989600.0,1759993200.0,-1.3526,short,big_figure_00,short,stress
1760922000.0,1760950800.0,2.165,short,big_figure_00,short,stress
1761048000.0,1761181200.0,-1.2375,short,big_figure_00,short,stress
1761285600.0,1761307200.0,1.9342,short,big_figure_00,short,stress
1761793200.0,1761804000.0,-1.2343,short,big_figure_00,short,stress
1762351200.0,1762354800.0,-1.3445,short,big_figure_00,short,stress
1762736400.0,1762758000.0,-1.2994,short,big_figure_00,short,stress
1762956000.0,1763024400.0,2.0542,short,big_figure_00,short,stress
1763989200.0,1763992800.0,-1.5072,short,big_figure_00,short,stress
1764666000.0,1764687600.0,-1.5664,short,big_figure_00,short,stress
1765256400.0,1765263600.0,-1.5082,short,big_figure_00,short,stress
1765306800.0,1765382400.0,2.106,short,big_figure_00,short,stress
1765537200.0,1765540800.0,-1.5329,short,big_figure_00,short,stress
1766052000.0,1766062800.0,1.9588,short,big_figure_00,short,stress
1766113200.0,1766116800.0,-1.3988,short,big_figure_00,short,stress
1766700000.0,1766703600.0,-1.5272,short,big_figure_00,short,stress
1767193200.0,1767204000.0,-1.6886,short,big_figure_00,short,stress
1767567600.0,1767571200.0,-1.5252,short,big_figure_00,short,stress
1767970800.0,1767974400.0,-1.3685,short,big_figure_00,short,stress
1768284000.0,1768287600.0,-1.4237,short,big_figure_00,short,stress
1768291200.0,1768320000.0,-1.3945,short,big_figure_00,short,stress
1769151600.0,1769184000.0,2.2235,short,big_figure_00,short,stress
1769626800.0,1769738400.0,-1.2021,short,big_figure_00,short,stress
1769749200.0,1769763600.0,-1.2995,short,big_figure_00,short,stress
1770116400.0,1770166800.0,-1.4384,short,big_figure_00,short,stress
1770249600.0,1770267600.0,-1.4123,short,big_figure_00,short,stress
1771894800.0,1771905600.0,-1.3683,short,big_figure_00,short,stress
1772438400.0,1772452800.0,-1.272,short,big_figure_00,short,stress
1774918800.0,1774962000.0,2.0102,short,big_figure_00,short,stress
1775574000.0,1775592000.0,1.9462,short,big_figure_00,short,stress
1776250800.0,1776304800.0,1.9733,short,big_figure_00,short,stress
1778457600.0,1778461200.0,-1.5078,short,big_figure_00,short,stress
1778724000.0,1778731200.0,1.5976,short,big_figure_00,short,stress
1778763600.0,1778767200.0,-1.4908,short,big_figure_00,short,stress
1779076800.0,1779105600.0,1.8533,short,big_figure_00,short,stress
1779170400.0,1779192000.0,1.7855,short,big_figure_00,short,stress
1779768000.0,1779775200.0,-2.6813,short,big_figure_00,short,stress
1780423200.0,1780441200.0,-2.387,short,big_figure_00,short,stress
1780502400.0,1780545600.0,1.9224,short,big_figure_00,short,stress
1780603200.0,1780657200.0,1.335,short,big_figure_00,short,stress
1782136800.0,1782140400.0,-1.5445,short,big_figure_00,short,stress
1721253600.0,1721257200.0,-1.1453,long,big_figure_00,long,base
1721894400.0,1721901600.0,-1.0951,long,big_figure_00,long,base
1722427200.0,1722470400.0,-1.0493,long,big_figure_00,long,base
1722549600.0,1722553200.0,-1.1067,long,big_figure_00,long,base
1723071600.0,1723075200.0,-1.0957,long,big_figure_00,long,base
1723554000.0,1723564800.0,-1.1451,long,big_figure_00,long,base
1724194800.0,1724198400.0,-1.1629,long,big_figure_00,long,base
1725469200.0,1725480000.0,-1.1289,long,big_figure_00,long,base
1725537600.0,1725544800.0,2.3796,long,big_figure_00,long,base
1725634800.0,1725876000.0,2.4297,long,big_figure_00,long,base
1726192800.0,1726200000.0,-1.1147,long,big_figure_00,long,base
1726459200.0,1726466400.0,-1.1652,long,big_figure_00,long,base
1726801200.0,1726812000.0,-1.1374,long,big_figure_00,long,base
1728302400.0,1728306000.0,-1.1452,long,big_figure_00,long,base
1729753200.0,1729760400.0,-1.2012,long,big_figure_00,long,base
1730361600.0,1730397600.0,-1.1359,long,big_figure_00,long,base
1730962800.0,1730984400.0,-1.1699,long,big_figure_00,long,base
1731981600.0,1732003200.0,-1.1832,long,big_figure_00,long,base
1732150800.0,1732168800.0,-1.1844,long,big_figure_00,long,base
1732492800.0,1732496400.0,-1.1583,long,big_figure_00,long,base
1732626000.0,1732647600.0,-1.1351,long,big_figure_00,long,base
1732719600.0,1732723200.0,-1.1213,long,big_figure_00,long,base
1734008400.0,1734048000.0,2.3449,long,big_figure_00,long,base
1735570800.0,1735581600.0,-1.2344,long,big_figure_00,long,base
1735632000.0,1735639200.0,2.288,long,big_figure_00,long,base
1735923600.0,1736121600.0,2.2862,long,big_figure_00,long,base
1736395200.0,1736424000.0,-1.2706,long,big_figure_00,long,base
1736769600.0,1736816400.0,2.3564,long,big_figure_00,long,base
1737698400.0,1737705600.0,-1.1311,long,big_figure_00,long,base
1738162800.0,1738195200.0,-1.1836,long,big_figure_00,long,base
1739462400.0,1739473200.0,-1.1569,long,big_figure_00,long,base
1739548800.0,1739746800.0,-1.1642,long,big_figure_00,long,base
1740034800.0,1740056400.0,-1.151,long,big_figure_00,long,base
1740164400.0,1740394800.0,2.3423,long,big_figure_00,long,base
1740992400.0,1740999600.0,2.3311,long,big_figure_00,long,base
1741604400.0,1741608000.0,-1.1468,long,big_figure_00,long,base
1743382800.0,1743386400.0,-1.1347,long,big_figure_00,long,base
1743764400.0,1743786000.0,2.4223,long,big_figure_00,long,base
1744830000.0,1744837200.0,-1.1105,long,big_figure_00,long,base
1746799200.0,1746997200.0,2.3373,long,big_figure_00,long,base
1747357200.0,1747404000.0,2.3566,long,big_figure_00,long,base
1747900800.0,1747929600.0,2.3702,long,big_figure_00,long,base
1748538000.0,1748566800.0,-1.1326,long,big_figure_00,long,base
1749456000.0,1749470400.0,2.2753,long,big_figure_00,long,base
1749690000.0,1749708000.0,-1.1302,long,big_figure_00,long,base
1750748400.0,1750752000.0,-1.1686,long,big_figure_00,long,base
1750755600.0,1750773600.0,-1.1539,long,big_figure_00,long,base
1753077600.0,1753095600.0,-1.1718,long,big_figure_00,long,base
1753837200.0,1753844400.0,-1.2356,long,big_figure_00,long,base
1754056800.0,1754071200.0,-1.1102,long,big_figure_00,long,base
1754308800.0,1754316000.0,-1.1541,long,big_figure_00,long,base
1756360800.0,1756368000.0,-1.252,long,big_figure_00,long,base
1757080800.0,1757084400.0,-1.2235,long,big_figure_00,long,base
1757998800.0,1758002400.0,-1.3212,long,big_figure_00,long,base
1759305600.0,1759320000.0,-1.225,long,big_figure_00,long,base
1760497200.0,1760508000.0,-1.223,long,big_figure_00,long,base
1762182000.0,1762214400.0,2.1026,long,big_figure_00,long,base
1762228800.0,1762232400.0,-1.3396,long,big_figure_00,long,base
1762448400.0,1762498800.0,2.2809,long,big_figure_00,long,base
1763704800.0,1763708400.0,-1.2341,long,big_figure_00,long,base
1764079200.0,1764090000.0,-1.2248,long,big_figure_00,long,base
1764338400.0,1764342000.0,-1.2809,long,big_figure_00,long,base
1765778400.0,1765796400.0,-1.2643,long,big_figure_00,long,base
1766466000.0,1766480400.0,-1.2476,long,big_figure_00,long,base
1767016800.0,1767020400.0,-1.257,long,big_figure_00,long,base
1767081600.0,1767088800.0,-1.2794,long,big_figure_00,long,base
1769522400.0,1769533200.0,-1.1137,long,big_figure_00,long,base
1770717600.0,1770728400.0,-1.1742,long,big_figure_00,long,base
1770789600.0,1770814800.0,-1.1824,long,big_figure_00,long,base
1771293600.0,1771304400.0,-1.29,long,big_figure_00,long,base
1771808400.0,1771848000.0,2.3518,long,big_figure_00,long,base
1772618400.0,1772640000.0,-1.1617,long,big_figure_00,long,base
1774969200.0,1774972800.0,-1.2273,long,big_figure_00,long,base
1775653200.0,1775718000.0,2.3253,long,big_figure_00,long,base
1776142800.0,1776150000.0,-1.3259,long,big_figure_00,long,base
1776157200.0,1776160800.0,-1.3174,long,big_figure_00,long,base
1777348800.0,1777359600.0,2.1252,long,big_figure_00,long,base
1781200800.0,1781204400.0,-1.4423,long,big_figure_00,long,base
1721253600.0,1721257200.0,-1.2421,long,big_figure_00,long,stress
1721894400.0,1721901600.0,-1.1585,long,big_figure_00,long,stress
1722427200.0,1722470400.0,-1.0822,long,big_figure_00,long,stress
1722549600.0,1722553200.0,-1.1778,long,big_figure_00,long,stress
1723071600.0,1723075200.0,-1.1594,long,big_figure_00,long,stress
1723554000.0,1723564800.0,-1.2418,long,big_figure_00,long,stress
1724194800.0,1724198400.0,-1.2714,long,big_figure_00,long,stress
1725469200.0,1725480000.0,-1.2149,long,big_figure_00,long,stress
1725537600.0,1725544800.0,2.2993,long,big_figure_00,long,stress
1725634800.0,1725876000.0,2.3829,long,big_figure_00,long,stress
1726192800.0,1726200000.0,-1.1912,long,big_figure_00,long,stress
1726459200.0,1726466400.0,-1.2753,long,big_figure_00,long,stress
1726801200.0,1726812000.0,-1.2289,long,big_figure_00,long,stress
1728302400.0,1728306000.0,-1.242,long,big_figure_00,long,stress
1729753200.0,1729760400.0,-1.3354,long,big_figure_00,long,stress
1730361600.0,1730397600.0,-1.2265,long,big_figure_00,long,stress
1730962800.0,1730984400.0,-1.2832,long,big_figure_00,long,stress
1731981600.0,1732003200.0,-1.3053,long,big_figure_00,long,stress
1732150800.0,1732168800.0,-1.3073,long,big_figure_00,long,stress
1732492800.0,1732496400.0,-1.2639,long,big_figure_00,long,stress
1732626000.0,1732647600.0,-1.2251,long,big_figure_00,long,stress
1732719600.0,1732723200.0,-1.2022,long,big_figure_00,long,stress
1734008400.0,1734048000.0,2.2415,long,big_figure_00,long,stress
1735570800.0,1735581600.0,-1.3907,long,big_figure_00,long,stress
1735632000.0,1735639200.0,2.1467,long,big_figure_00,long,stress
1735923600.0,1736121600.0,2.1437,long,big_figure_00,long,stress
1736395200.0,1736424000.0,-1.4509,long,big_figure_00,long,stress
1736769600.0,1736816400.0,2.2606,long,big_figure_00,long,stress
1737698400.0,1737705600.0,-1.2185,long,big_figure_00,long,stress
1738162800.0,1738195200.0,-1.306,long,big_figure_00,long,stress
1739462400.0,1739473200.0,-1.2615,long,big_figure_00,long,stress
1739548800.0,1739746800.0,-1.2736,long,big_figure_00,long,stress
1740034800.0,1740056400.0,-1.2516,long,big_figure_00,long,stress
1740164400.0,1740394800.0,2.2372,long,big_figure_00,long,stress
1740992400.0,1740999600.0,2.2186,long,big_figure_00,long,stress
1741604400.0,1741608000.0,-1.2447,long,big_figure_00,long,stress
1743382800.0,1743386400.0,-1.2244,long,big_figure_00,long,stress
1743764400.0,1743786000.0,2.3705,long,big_figure_00,long,stress
1744830000.0,1744837200.0,-1.1842,long,big_figure_00,long,stress
1746799200.0,1746997200.0,2.2288,long,big_figure_00,long,stress
1747357200.0,1747404000.0,2.2609,long,big_figure_00,long,stress
1747900800.0,1747929600.0,2.2837,long,big_figure_00,long,stress
1748538000.0,1748566800.0,-1.221,long,big_figure_00,long,stress
1749456000.0,1749470400.0,2.1254,long,big_figure_00,long,stress
1749690000.0,1749708000.0,-1.217,long,big_figure_00,long,stress
1750748400.0,1750752000.0,-1.2809,long,big_figure_00,long,stress
1750755600.0,1750773600.0,-1.2565,long,big_figure_00,long,stress
1753077600.0,1753095600.0,-1.2864,long,big_figure_00,long,stress
1753837200.0,1753844400.0,-1.3927,long,big_figure_00,long,stress
1754056800.0,1754071200.0,-1.1837,long,big_figure_00,long,stress
1754308800.0,1754316000.0,-1.2568,long,big_figure_00,long,stress
1756360800.0,1756368000.0,-1.42,long,big_figure_00,long,stress
1757080800.0,1757084400.0,-1.3725,long,big_figure_00,long,stress
1757998800.0,1758002400.0,-1.5354,long,big_figure_00,long,stress
1759305600.0,1759320000.0,-1.375,long,big_figure_00,long,stress
1760497200.0,1760508000.0,-1.3716,long,big_figure_00,long,stress
1762182000.0,1762214400.0,1.8376,long,big_figure_00,long,stress
1762228800.0,1762232400.0,-1.566,long,big_figure_00,long,stress
1762448400.0,1762498800.0,2.1349,long,big_figure_00,long,stress
1763704800.0,1763708400.0,-1.3901,long,big_figure_00,long,stress
1764079200.0,1764090000.0,-1.3747,long,big_figure_00,long,stress
1764338400.0,1764342000.0,-1.4681,long,big_figure_00,long,stress
1765778400.0,1765796400.0,-1.4404,long,big_figure_00,long,stress
1766466000.0,1766480400.0,-1.4127,long,big_figure_00,long,stress
1767016800.0,1767020400.0,-1.4284,long,big_figure_00,long,stress
1767081600.0,1767088800.0,-1.4657,long,big_figure_00,long,stress
1769522400.0,1769533200.0,-1.1896,long,big_figure_00,long,stress
1770717600.0,1770728400.0,-1.2903,long,big_figure_00,long,stress
1770789600.0,1770814800.0,-1.3039,long,big_figure_00,long,stress
1771293600.0,1771304400.0,-1.4833,long,big_figure_00,long,stress
1771808400.0,1771848000.0,2.2529,long,big_figure_00,long,stress
1772618400.0,1772640000.0,-1.2695,long,big_figure_00,long,stress
1774969200.0,1774972800.0,-1.3788,long,big_figure_00,long,stress
1775653200.0,1775718000.0,2.2089,long,big_figure_00,long,stress
1776142800.0,1776150000.0,-1.5431,long,big_figure_00,long,stress
1776157200.0,1776160800.0,-1.529,long,big_figure_00,long,stress
1777348800.0,1777359600.0,1.8753,long,big_figure_00,long,stress
1781200800.0,1781204400.0,-1.7372,long,big_figure_00,long,stress
1728932400.0,1728972000.0,2.1947,short,legacy_decade,short,base
1740664800.0,1740668400.0,-1.1536,short,legacy_decade,short,base
1742364000.0,1742389200.0,-1.1977,short,legacy_decade,short,base
1743573600.0,1743588000.0,2.2435,short,legacy_decade,short,base
1743606000.0,1743609600.0,-1.1898,short,legacy_decade,short,base
1753956000.0,1753963200.0,-1.1469,short,legacy_decade,short,base
1758841200.0,1759100400.0,2.2659,short,legacy_decade,short,base
1774918800.0,1774962000.0,2.2061,short,legacy_decade,short,base
1775574000.0,1775592000.0,2.1677,short,legacy_decade,short,base
1780423200.0,1780441200.0,-1.8322,short,legacy_decade,short,base
1780502400.0,1780545600.0,2.1535,short,legacy_decade,short,base
1780603200.0,1780657200.0,1.801,short,legacy_decade,short,base
1728932400.0,1728972000.0,1.9912,short,legacy_decade,short,stress
1740664800.0,1740668400.0,-1.256,short,legacy_decade,short,stress
1742364000.0,1742389200.0,-1.3295,short,legacy_decade,short,stress
1743573600.0,1743588000.0,2.0725,short,legacy_decade,short,stress
1743606000.0,1743609600.0,-1.3164,short,legacy_decade,short,stress
1753956000.0,1753963200.0,-1.2449,short,legacy_decade,short,stress
1758841200.0,1759100400.0,2.1098,short,legacy_decade,short,stress
1774918800.0,1774962000.0,2.0102,short,legacy_decade,short,stress
1775574000.0,1775592000.0,1.9462,short,legacy_decade,short,stress
1780423200.0,1780441200.0,-2.387,short,legacy_decade,short,stress
1780502400.0,1780545600.0,1.9224,short,legacy_decade,short,stress
1780603200.0,1780657200.0,1.335,short,legacy_decade,short,stress
1722427200.0,1722470400.0,-1.0493,long,legacy_decade,long,base
1726459200.0,1726466400.0,-1.1652,long,legacy_decade,long,base
1740034800.0,1740056400.0,-1.151,long,legacy_decade,long,base
1740992400.0,1740999600.0,2.3311,long,legacy_decade,long,base
1781200800.0,1781204400.0,-1.4423,long,legacy_decade,long,base
1722427200.0,1722470400.0,-1.0822,long,legacy_decade,long,stress
1726459200.0,1726466400.0,-1.2753,long,legacy_decade,long,stress
1740034800.0,1740056400.0,-1.2516,long,legacy_decade,long,stress
1740992400.0,1740999600.0,2.2186,long,legacy_decade,long,stress
1781200800.0,1781204400.0,-1.7372,long,legacy_decade,long,stress
