tag,market,event,side,tp_rr,sl_atr,max_hold,buffer_atr,cooldown_bars,symbol,trades,net_r,pf,win_rate
bos_long_rr1.5_sl0.8_h6_b0.1_cd0,fx,bos,long,1.5,0.8,6,0.1,0,XAUUSD,854,-160.9104,0.7136597875311435,0.3817
bos_long_rr1.5_sl0.8_h6_b0.1_cd5,fx,bos,long,1.5,0.8,6,0.1,5,XAUUSD,505,-88.4463,0.7322818081132448,0.3901
bos_long_rr1.5_sl0.8_h6_b0.1_cd10,fx,bos,long,1.5,0.8,6,0.1,10,XAUUSD,402,-71.2976,0.7296121453362783,0.3905
bos_long_rr1.5_sl0.8_h6_b0.1_cd20,fx,bos,long,1.5,0.8,6,0.1,20,XAUUSD,314,-56.8201,0.7254324841503015,0.3854
bos_long_rr1.5_sl0.8_h6_b0.2_cd0,fx,bos,long,1.5,0.8,6,0.2,0,XAUUSD,793,-137.3322,0.7344771789952443,0.3922
bos_long_rr1.5_sl0.8_h6_b0.2_cd5,fx,bos,long,1.5,0.8,6,0.2,5,XAUUSD,462,-67.1307,0.7734418425233044,0.4069
bos_long_rr1.5_sl0.8_h6_b0.2_cd10,fx,bos,long,1.5,0.8,6,0.2,10,XAUUSD,376,-60.5909,0.7512164918145734,0.4043
bos_long_rr1.5_sl0.8_h6_b0.2_cd20,fx,bos,long,1.5,0.8,6,0.2,20,XAUUSD,302,-44.7028,0.7698570783564397,0.4007
bos_long_rr1.5_sl0.8_h12_b0.1_cd0,fx,bos,long,1.5,0.8,12,0.1,0,XAUUSD,831,-152.0828,0.734653157164512,0.3755
bos_long_rr1.5_sl0.8_h12_b0.1_cd5,fx,bos,long,1.5,0.8,12,0.1,5,XAUUSD,497,-87.8046,0.7427347620084271,0.3763
bos_long_rr1.5_sl0.8_h12_b0.1_cd10,fx,bos,long,1.5,0.8,12,0.1,10,XAUUSD,400,-70.8278,0.7422998641420026,0.38
bos_long_rr1.5_sl0.8_h12_b0.1_cd20,fx,bos,long,1.5,0.8,12,0.1,20,XAUUSD,312,-59.0506,0.7263387368332268,0.3718
bos_long_rr1.5_sl0.8_h12_b0.2_cd0,fx,bos,long,1.5,0.8,12,0.2,0,XAUUSD,771,-121.2572,0.7682467825484994,0.3865
bos_long_rr1.5_sl0.8_h12_b0.2_cd5,fx,bos,long,1.5,0.8,12,0.2,5,XAUUSD,455,-64.978,0.7884201912873194,0.3912
bos_long_rr1.5_sl0.8_h12_b0.2_cd10,fx,bos,long,1.5,0.8,12,0.2,10,XAUUSD,373,-58.1675,0.7704886273154341,0.3887
bos_long_rr1.5_sl0.8_h12_b0.2_cd20,fx,bos,long,1.5,0.8,12,0.2,20,XAUUSD,300,-45.492,0.7758660359593808,0.3867
bos_long_rr1.5_sl1.0_h6_b0.1_cd0,fx,bos,long,1.5,1.0,6,0.1,0,XAUUSD,766,-115.6749,0.7472317841201331,0.3995
bos_long_rr1.5_sl1.0_h6_b0.1_cd5,fx,bos,long,1.5,1.0,6,0.1,5,XAUUSD,477,-62.6756,0.7759274566052413,0.413
bos_long_rr1.5_sl1.0_h6_b0.1_cd10,fx,bos,long,1.5,1.0,6,0.1,10,XAUUSD,395,-67.7604,0.7146138654894136,0.3975
bos_long_rr1.5_sl1.0_h6_b0.1_cd20,fx,bos,long,1.5,1.0,6,0.1,20,XAUUSD,308,-36.8872,0.7940139449016675,0.4123
bos_long_rr1.5_sl1.0_h6_b0.2_cd0,fx,bos,long,1.5,1.0,6,0.2,0,XAUUSD,713,-96.6867,0.7699100407745983,0.4123
bos_long_rr1.5_sl1.0_h6_b0.2_cd5,fx,bos,long,1.5,1.0,6,0.2,5,XAUUSD,441,-56.4018,0.781437590992106,0.4195
bos_long_rr1.5_sl1.0_h6_b0.2_cd10,fx,bos,long,1.5,1.0,6,0.2,10,XAUUSD,370,-56.5075,0.7439671487752152,0.4162
bos_long_rr1.5_sl1.0_h6_b0.2_cd20,fx,bos,long,1.5,1.0,6,0.2,20,XAUUSD,295,-29.3873,0.8251879743974111,0.4305
bos_long_rr1.5_sl1.0_h12_b0.1_cd0,fx,bos,long,1.5,1.0,12,0.1,0,XAUUSD,710,-79.2144,0.8250344732076417,0.4056
bos_long_rr1.5_sl1.0_h12_b0.1_cd5,fx,bos,long,1.5,1.0,12,0.1,5,XAUUSD,455,-49.9548,0.8282785504595986,0.4066
bos_long_rr1.5_sl1.0_h12_b0.1_cd10,fx,bos,long,1.5,1.0,12,0.1,10,XAUUSD,386,-60.8613,0.7613768021332129,0.3886
bos_long_rr1.5_sl1.0_h12_b0.1_cd20,fx,bos,long,1.5,1.0,12,0.1,20,XAUUSD,301,-31.3564,0.8354999884584957,0.4086
bos_long_rr1.5_sl1.0_h12_b0.2_cd0,fx,bos,long,1.5,1.0,12,0.2,0,XAUUSD,666,-71.8774,0.8308764273258803,0.4039
bos_long_rr1.5_sl1.0_h12_b0.2_cd5,fx,bos,long,1.5,1.0,12,0.2,5,XAUUSD,424,-50.4451,0.8155556026817056,0.4009
bos_long_rr1.5_sl1.0_h12_b0.2_cd10,fx,bos,long,1.5,1.0,12,0.2,10,XAUUSD,362,-49.9807,0.7887701506565867,0.395
bos_long_rr1.5_sl1.0_h12_b0.2_cd20,fx,bos,long,1.5,1.0,12,0.2,20,XAUUSD,290,-32.7106,0.8237892534425378,0.4
bos_long_rr2.0_sl0.8_h6_b0.1_cd0,fx,bos,long,2.0,0.8,6,0.1,0,XAUUSD,790,-141.7777,0.7411912696546678,0.3443
bos_long_rr2.0_sl0.8_h6_b0.1_cd5,fx,bos,long,2.0,0.8,6,0.1,5,XAUUSD,491,-88.146,0.7409847434119279,0.3462
bos_long_rr2.0_sl0.8_h6_b0.1_cd10,fx,bos,long,2.0,0.8,6,0.1,10,XAUUSD,398,-68.6653,0.7507873944303504,0.3518
bos_long_rr2.0_sl0.8_h6_b0.1_cd20,fx,bos,long,2.0,0.8,6,0.1,20,XAUUSD,315,-61.3423,0.7227371426091925,0.3397
bos_long_rr2.0_sl0.8_h6_b0.2_cd0,fx,bos,long,2.0,0.8,6,0.2,0,XAUUSD,727,-108.7654,0.7805122914884528,0.3576
bos_long_rr2.0_sl0.8_h6_b0.2_cd5,fx,bos,long,2.0,0.8,6,0.2,5,XAUUSD,451,-66.052,0.785371033667945,0.3636
bos_long_rr2.0_sl0.8_h6_b0.2_cd10,fx,bos,long,2.0,0.8,6,0.2,10,XAUUSD,372,-53.9776,0.7875235592449076,0.3683
bos_long_rr2.0_sl0.8_h6_b0.2_cd20,fx,bos,long,2.0,0.8,6,0.2,20,XAUUSD,302,-47.6256,0.7703056861226353,0.3576
bos_long_rr2.0_sl0.8_h12_b0.1_cd0,fx,bos,long,2.0,0.8,12,0.1,0,XAUUSD,744,-132.8493,0.7617847250575996,0.3199
bos_long_rr2.0_sl0.8_h12_b0.1_cd5,fx,bos,long,2.0,0.8,12,0.1,5,XAUUSD,475,-71.5714,0.7958892319345398,0.3305
bos_long_rr2.0_sl0.8_h12_b0.1_cd10,fx,bos,long,2.0,0.8,12,0.1,10,XAUUSD,391,-70.4774,0.7588373395711266,0.3248
bos_long_rr2.0_sl0.8_h12_b0.1_cd20,fx,bos,long,2.0,0.8,12,0.1,20,XAUUSD,310,-57.8422,0.7509119745891647,0.3194
bos_long_rr2.0_sl0.8_h12_b0.2_cd0,fx,bos,long,2.0,0.8,12,0.2,0,XAUUSD,688,-104.3166,0.7950946029082115,0.3285
bos_long_rr2.0_sl0.8_h12_b0.2_cd5,fx,bos,long,2.0,0.8,12,0.2,5,XAUUSD,437,-51.8583,0.8367045224820467,0.341
bos_long_rr2.0_sl0.8_h12_b0.2_cd10,fx,bos,long,2.0,0.8,12,0.2,10,XAUUSD,366,-53.3597,0.8022965738500181,0.3333
bos_long_rr2.0_sl0.8_h12_b0.2_cd20,fx,bos,long,2.0,0.8,12,0.2,20,XAUUSD,298,-49.1706,0.7784614136935938,0.3221
bos_long_rr2.0_sl1.0_h6_b0.1_cd0,fx,bos,long,2.0,1.0,6,0.1,0,XAUUSD,713,-85.82,0.8032237191771807,0.3829
bos_long_rr2.0_sl1.0_h6_b0.1_cd5,fx,bos,long,2.0,1.0,6,0.1,5,XAUUSD,464,-39.3227,0.857376384427673,0.403
bos_long_rr2.0_sl1.0_h6_b0.1_cd10,fx,bos,long,2.0,1.0,6,0.1,10,XAUUSD,388,-44.6777,0.8106782457766956,0.3866
bos_long_rr2.0_sl1.0_h6_b0.1_cd20,fx,bos,long,2.0,1.0,6,0.1,20,XAUUSD,303,-28.9767,0.8413463117850737,0.3894
bos_long_rr2.0_sl1.0_h6_b0.2_cd0,fx,bos,long,2.0,1.0,6,0.2,0,XAUUSD,661,-72.958,0.8179405810240274,0.3933
bos_long_rr2.0_sl1.0_h6_b0.2_cd5,fx,bos,long,2.0,1.0,6,0.2,5,XAUUSD,432,-28.609,0.8877460814714919,0.4144
bos_long_rr2.0_sl1.0_h6_b0.2_cd10,fx,bos,long,2.0,1.0,6,0.2,10,XAUUSD,366,-42.9419,0.8078614050284929,0.3989
bos_long_rr2.0_sl1.0_h6_b0.2_cd20,fx,bos,long,2.0,1.0,6,0.2,20,XAUUSD,291,-20.2693,0.8820057503080937,0.4055
bos_long_rr2.0_sl1.0_h12_b0.1_cd0,fx,bos,long,2.0,1.0,12,0.1,0,XAUUSD,645,-62.1511,0.8594906666377289,0.3597
bos_long_rr2.0_sl1.0_h12_b0.1_cd5,fx,bos,long,2.0,1.0,12,0.1,5,XAUUSD,436,-15.4973,0.946389313909277,0.383
bos_long_rr2.0_sl1.0_h12_b0.1_cd10,fx,bos,long,2.0,1.0,12,0.1,10,XAUUSD,374,-24.8036,0.902027963796687,0.3717
bos_long_rr2.0_sl1.0_h12_b0.1_cd20,fx,bos,long,2.0,1.0,12,0.1,20,XAUUSD,295,-16.4736,0.9167952514461684,0.3729
bos_long_rr2.0_sl1.0_h12_b0.2_cd0,fx,bos,long,2.0,1.0,12,0.2,0,XAUUSD,599,-45.6221,0.8878401946308362,0.3656
bos_long_rr2.0_sl1.0_h12_b0.2_cd5,fx,bos,long,2.0,1.0,12,0.2,5,XAUUSD,410,-19.5863,0.9284376773182772,0.378
bos_long_rr2.0_sl1.0_h12_b0.2_cd10,fx,bos,long,2.0,1.0,12,0.2,10,XAUUSD,354,-23.4823,0.9018334199383217,0.3729
bos_long_rr2.0_sl1.0_h12_b0.2_cd20,fx,bos,long,2.0,1.0,12,0.2,20,XAUUSD,286,-18.4119,0.9049510685319321,0.3671
bos_long_rr2.5_sl0.8_h6_b0.1_cd0,fx,bos,long,2.5,0.8,6,0.1,0,XAUUSD,752,-104.8379,0.8012088126710115,0.3351
bos_long_rr2.5_sl0.8_h6_b0.1_cd5,fx,bos,long,2.5,0.8,6,0.1,5,XAUUSD,479,-54.3773,0.8362175890200698,0.3445
bos_long_rr2.5_sl0.8_h6_b0.1_cd10,fx,bos,long,2.5,0.8,6,0.1,10,XAUUSD,392,-42.4673,0.8432134463262654,0.3469
bos_long_rr2.5_sl0.8_h6_b0.1_cd20,fx,bos,long,2.5,0.8,6,0.1,20,XAUUSD,309,-46.7249,0.7868543234566122,0.3301
bos_long_rr2.5_sl0.8_h6_b0.2_cd0,fx,bos,long,2.5,0.8,6,0.2,0,XAUUSD,691,-72.2956,0.8481442326899621,0.3488
bos_long_rr2.5_sl0.8_h6_b0.2_cd5,fx,bos,long,2.5,0.8,6,0.2,5,XAUUSD,442,-30.4536,0.8982809338877509,0.3665
bos_long_rr2.5_sl0.8_h6_b0.2_cd10,fx,bos,long,2.5,0.8,6,0.2,10,XAUUSD,369,-39.3811,0.8454463680911001,0.3577
bos_long_rr2.5_sl0.8_h6_b0.2_cd20,fx,bos,long,2.5,0.8,6,0.2,20,XAUUSD,298,-32.6951,0.8417203461954421,0.3456
bos_long_rr2.5_sl0.8_h12_b0.1_cd0,fx,bos,long,2.5,0.8,12,0.1,0,XAUUSD,695,-89.0117,0.8332664925997849,0.3007
bos_long_rr2.5_sl0.8_h12_b0.1_cd5,fx,bos,long,2.5,0.8,12,0.1,5,XAUUSD,458,-30.3977,0.9112810324633839,0.321
bos_long_rr2.5_sl0.8_h12_b0.1_cd10,fx,bos,long,2.5,0.8,12,0.1,10,XAUUSD,381,-34.5442,0.8807297732242239,0.3123
bos_long_rr2.5_sl0.8_h12_b0.1_cd20,fx,bos,long,2.5,0.8,12,0.1,20,XAUUSD,304,-43.6247,0.8151784742131422,0.2961
bos_long_rr2.5_sl0.8_h12_b0.2_cd0,fx,bos,long,2.5,0.8,12,0.2,0,XAUUSD,639,-59.8031,0.8762469593612358,0.313
bos_long_rr2.5_sl0.8_h12_b0.2_cd5,fx,bos,long,2.5,0.8,12,0.2,5,XAUUSD,425,-19.5575,0.9377364034865704,0.3294
bos_long_rr2.5_sl0.8_h12_b0.2_cd10,fx,bos,long,2.5,0.8,12,0.2,10,XAUUSD,359,-30.6026,0.8874687623645142,0.3148
bos_long_rr2.5_sl0.8_h12_b0.2_cd20,fx,bos,long,2.5,0.8,12,0.2,20,XAUUSD,294,-42.3728,0.8145126693877265,0.2959
bos_long_rr2.5_sl1.0_h6_b0.1_cd0,fx,bos,long,2.5,1.0,6,0.1,0,XAUUSD,689,-97.8117,0.7749489726775177,0.3657
bos_long_rr2.5_sl1.0_h6_b0.1_cd5,fx,bos,long,2.5,1.0,6,0.1,5,XAUUSD,460,-33.1587,0.8801084706541685,0.3957
bos_long_rr2.5_sl1.0_h6_b0.1_cd10,fx,bos,long,2.5,1.0,6,0.1,10,XAUUSD,386,-35.0332,0.8519258031329858,0.3834
bos_long_rr2.5_sl1.0_h6_b0.1_cd20,fx,bos,long,2.5,1.0,6,0.1,20,XAUUSD,302,-21.8056,0.8809087930092846,0.3841
bos_long_rr2.5_sl1.0_h6_b0.2_cd0,fx,bos,long,2.5,1.0,6,0.2,0,XAUUSD,637,-81.5807,0.7953744179583369,0.3768
bos_long_rr2.5_sl1.0_h6_b0.2_cd5,fx,bos,long,2.5,1.0,6,0.2,5,XAUUSD,428,-29.9936,0.8840539820686013,0.3995
bos_long_rr2.5_sl1.0_h6_b0.2_cd10,fx,bos,long,2.5,1.0,6,0.2,10,XAUUSD,364,-41.6332,0.8157677905604954,0.3874
bos_long_rr2.5_sl1.0_h6_b0.2_cd20,fx,bos,long,2.5,1.0,6,0.2,20,XAUUSD,290,-18.3058,0.8945273585976468,0.3966
bos_long_rr2.5_sl1.0_h12_b0.1_cd0,fx,bos,long,2.5,1.0,12,0.1,0,XAUUSD,603,-45.6659,0.8936673909824087,0.3333
bos_long_rr2.5_sl1.0_h12_b0.1_cd5,fx,bos,long,2.5,1.0,12,0.1,5,XAUUSD,425,0.6975,1.0023882291631716,0.36
bos_long_rr2.5_sl1.0_h12_b0.1_cd10,fx,bos,long,2.5,1.0,12,0.1,10,XAUUSD,370,-4.7025,0.9817118914123865,0.3541
bos_long_rr2.5_sl1.0_h12_b0.1_cd20,fx,bos,long,2.5,1.0,12,0.1,20,XAUUSD,292,-4.2085,0.9792237887002291,0.3527
bos_long_rr2.5_sl1.0_h12_b0.2_cd0,fx,bos,long,2.5,1.0,12,0.2,0,XAUUSD,562,-34.4637,0.9135448572740205,0.3381
bos_long_rr2.5_sl1.0_h12_b0.2_cd5,fx,bos,long,2.5,1.0,12,0.2,5,XAUUSD,398,-7.6092,0.9724110225383223,0.3543
bos_long_rr2.5_sl1.0_h12_b0.2_cd10,fx,bos,long,2.5,1.0,12,0.2,10,XAUUSD,349,-8.4181,0.9654028599633894,0.3524
bos_long_rr2.5_sl1.0_h12_b0.2_cd20,fx,bos,long,2.5,1.0,12,0.2,20,XAUUSD,283,-14.0792,0.9296011488465283,0.3392
bos_short_rr1.5_sl0.8_h6_b0.1_cd0,fx,bos,short,1.5,0.8,6,0.1,0,XAUUSD,535,-61.2371,0.8202978548581155,0.4075
bos_short_rr1.5_sl0.8_h6_b0.1_cd5,fx,bos,short,1.5,0.8,6,0.1,5,XAUUSD,337,-40.5381,0.8116285553640051,0.4065
bos_short_rr1.5_sl0.8_h6_b0.1_cd10,fx,bos,short,1.5,0.8,6,0.1,10,XAUUSD,281,-29.1548,0.8361413280202781,0.4164
bos_short_rr1.5_sl0.8_h6_b0.1_cd20,fx,bos,short,1.5,0.8,6,0.1,20,XAUUSD,229,-23.5311,0.8387450248347094,0.4192
bos_short_rr1.5_sl0.8_h6_b0.2_cd0,fx,bos,short,1.5,0.8,6,0.2,0,XAUUSD,498,-54.2778,0.8277162688077946,0.4096
bos_short_rr1.5_sl0.8_h6_b0.2_cd5,fx,bos,short,1.5,0.8,6,0.2,5,XAUUSD,318,-38.8521,0.807266527304169,0.4057
bos_short_rr1.5_sl0.8_h6_b0.2_cd10,fx,bos,short,1.5,0.8,6,0.2,10,XAUUSD,264,-21.3096,0.8696269032473973,0.4242
bos_short_rr1.5_sl0.8_h6_b0.2_cd20,fx,bos,short,1.5,0.8,6,0.2,20,XAUUSD,218,-13.1216,0.901794795609146,0.4358
bos_short_rr1.5_sl0.8_h12_b0.1_cd0,fx,bos,short,1.5,0.8,12,0.1,0,XAUUSD,530,-60.3588,0.8293291620506016,0.4
bos_short_rr1.5_sl0.8_h12_b0.1_cd5,fx,bos,short,1.5,0.8,12,0.1,5,XAUUSD,335,-37.9392,0.8302624232272473,0.4
bos_short_rr1.5_sl0.8_h12_b0.1_cd10,fx,bos,short,1.5,0.8,12,0.1,10,XAUUSD,279,-17.0974,0.9050542161783343,0.4229
bos_short_rr1.5_sl0.8_h12_b0.1_cd20,fx,bos,short,1.5,0.8,12,0.1,20,XAUUSD,226,-8.2245,0.9427156720643742,0.4336
bos_short_rr1.5_sl0.8_h12_b0.2_cd0,fx,bos,short,1.5,0.8,12,0.2,0,XAUUSD,493,-44.2637,0.8632150249412394,0.4097
bos_short_rr1.5_sl0.8_h12_b0.2_cd5,fx,bos,short,1.5,0.8,12,0.2,5,XAUUSD,316,-32.3971,0.8452950687686772,0.4051
bos_short_rr1.5_sl0.8_h12_b0.2_cd10,fx,bos,short,1.5,0.8,12,0.2,10,XAUUSD,262,-8.758,0.9472485270184156,0.4351
bos_short_rr1.5_sl0.8_h12_b0.2_cd20,fx,bos,short,1.5,0.8,12,0.2,20,XAUUSD,215,1.0987,1.0082712506474265,0.4512
bos_short_rr1.5_sl1.0_h6_b0.1_cd0,fx,bos,short,1.5,1.0,6,0.1,0,XAUUSD,484,-44.6512,0.8436884200562146,0.4132
bos_short_rr1.5_sl1.0_h6_b0.1_cd5,fx,bos,short,1.5,1.0,6,0.1,5,XAUUSD,326,-30.9979,0.8381129797272385,0.4202
bos_short_rr1.5_sl1.0_h6_b0.1_cd10,fx,bos,short,1.5,1.0,6,0.1,10,XAUUSD,276,-23.0362,0.8577182368727437,0.4312
bos_short_rr1.5_sl1.0_h6_b0.1_cd20,fx,bos,short,1.5,1.0,6,0.1,20,XAUUSD,227,-10.323,0.9204021913878918,0.4493
bos_short_rr1.5_sl1.0_h6_b0.2_cd0,fx,bos,short,1.5,1.0,6,0.2,0,XAUUSD,456,-44.2264,0.8350214269514045,0.4101
bos_short_rr1.5_sl1.0_h6_b0.2_cd5,fx,bos,short,1.5,1.0,6,0.2,5,XAUUSD,305,-31.157,0.8255907032461389,0.4164
bos_short_rr1.5_sl1.0_h6_b0.2_cd10,fx,bos,short,1.5,1.0,6,0.2,10,XAUUSD,260,-19.3107,0.8717226865915543,0.4346
bos_short_rr1.5_sl1.0_h6_b0.2_cd20,fx,bos,short,1.5,1.0,6,0.2,20,XAUUSD,216,-8.047,0.9340422270727682,0.4491
bos_short_rr1.5_sl1.0_h12_b0.1_cd0,fx,bos,short,1.5,1.0,12,0.1,0,XAUUSD,473,-28.6755,0.9037485226872608,0.4123
bos_short_rr1.5_sl1.0_h12_b0.1_cd5,fx,bos,short,1.5,1.0,12,0.1,5,XAUUSD,318,-20.1024,0.9003901662641457,0.4151
bos_short_rr1.5_sl1.0_h12_b0.1_cd10,fx,bos,short,1.5,1.0,12,0.1,10,XAUUSD,275,-11.6771,0.9321599354894557,0.4218
bos_short_rr1.5_sl1.0_h12_b0.1_cd20,fx,bos,short,1.5,1.0,12,0.1,20,XAUUSD,221,10.6522,1.0821212985591266,0.4615
bos_short_rr1.5_sl1.0_h12_b0.2_cd0,fx,bos,short,1.5,1.0,12,0.2,0,XAUUSD,442,-23.0705,0.9164915633692952,0.4163
bos_short_rr1.5_sl1.0_h12_b0.2_cd5,fx,bos,short,1.5,1.0,12,0.2,5,XAUUSD,296,-16.7853,0.9103028806769086,0.4189
bos_short_rr1.5_sl1.0_h12_b0.2_cd10,fx,bos,short,1.5,1.0,12,0.2,10,XAUUSD,259,-7.3871,0.9540473777749577,0.4286
bos_short_rr1.5_sl1.0_h12_b0.2_cd20,fx,bos,short,1.5,1.0,12,0.2,20,XAUUSD,212,12.3879,1.100134100592419,0.467
bos_short_rr2.0_sl0.8_h6_b0.1_cd0,fx,bos,short,2.0,0.8,6,0.1,0,XAUUSD,491,-61.7839,0.8184160578492624,0.3564
bos_short_rr2.0_sl0.8_h6_b0.1_cd5,fx,bos,short,2.0,0.8,6,0.1,5,XAUUSD,331,-47.2214,0.7940072815089282,0.3565
bos_short_rr2.0_sl0.8_h6_b0.1_cd10,fx,bos,short,2.0,0.8,6,0.1,10,XAUUSD,280,-38.1973,0.8028777750655788,0.3643
bos_short_rr2.0_sl0.8_h6_b0.1_cd20,fx,bos,short,2.0,0.8,6,0.1,20,XAUUSD,228,-26.7996,0.8305966059397002,0.3684
bos_short_rr2.0_sl0.8_h6_b0.2_cd0,fx,bos,short,2.0,0.8,6,0.2,0,XAUUSD,460,-63.7064,0.7995217958021501,0.3543
bos_short_rr2.0_sl0.8_h6_b0.2_cd5,fx,bos,short,2.0,0.8,6,0.2,5,XAUUSD,311,-53.3132,0.7551161394546184,0.3473
bos_short_rr2.0_sl0.8_h6_b0.2_cd10,fx,bos,short,2.0,0.8,6,0.2,10,XAUUSD,262,-36.1048,0.7990160331596158,0.3626
bos_short_rr2.0_sl0.8_h6_b0.2_cd20,fx,bos,short,2.0,0.8,6,0.2,20,XAUUSD,217,-28.3522,0.8116386959101198,0.3641
bos_short_rr2.0_sl0.8_h12_b0.1_cd0,fx,bos,short,2.0,0.8,12,0.1,0,XAUUSD,478,-49.497,0.8582157359708141,0.341
bos_short_rr2.0_sl0.8_h12_b0.1_cd5,fx,bos,short,2.0,0.8,12,0.1,5,XAUUSD,324,-36.1536,0.8480378661176678,0.3395
bos_short_rr2.0_sl0.8_h12_b0.1_cd10,fx,bos,short,2.0,0.8,12,0.1,10,XAUUSD,279,-21.3931,0.8937975117766407,0.3513
bos_short_rr2.0_sl0.8_h12_b0.1_cd20,fx,bos,short,2.0,0.8,12,0.1,20,XAUUSD,224,-9.9151,0.9376429590711757,0.3661
bos_short_rr2.0_sl0.8_h12_b0.2_cd0,fx,bos,short,2.0,0.8,12,0.2,0,XAUUSD,446,-45.7242,0.8594754107630964,0.3408
bos_short_rr2.0_sl0.8_h12_b0.2_cd5,fx,bos,short,2.0,0.8,12,0.2,5,XAUUSD,303,-37.3721,0.8332018184755761,0.3366
bos_short_rr2.0_sl0.8_h12_b0.2_cd10,fx,bos,short,2.0,0.8,12,0.2,10,XAUUSD,260,-15.8967,0.9148121056227645,0.3577
bos_short_rr2.0_sl0.8_h12_b0.2_cd20,fx,bos,short,2.0,0.8,12,0.2,20,XAUUSD,214,-11.2956,0.9261758300938259,0.3645
bos_short_rr2.0_sl1.0_h6_b0.1_cd0,fx,bos,short,2.0,1.0,6,0.1,0,XAUUSD,449,-27.4772,0.8994224989320787,0.3987
bos_short_rr2.0_sl1.0_h6_b0.1_cd5,fx,bos,short,2.0,1.0,6,0.1,5,XAUUSD,321,-24.0767,0.8736330899947041,0.4019
bos_short_rr2.0_sl1.0_h6_b0.1_cd10,fx,bos,short,2.0,1.0,6,0.1,10,XAUUSD,275,-19.5435,0.8830970270449721,0.4036
bos_short_rr2.0_sl1.0_h6_b0.1_cd20,fx,bos,short,2.0,1.0,6,0.1,20,XAUUSD,223,-10.7545,0.9193284030481854,0.4126
bos_short_rr2.0_sl1.0_h6_b0.2_cd0,fx,bos,short,2.0,1.0,6,0.2,0,XAUUSD,421,-29.7011,0.8832546150060611,0.3943
bos_short_rr2.0_sl1.0_h6_b0.2_cd5,fx,bos,short,2.0,1.0,6,0.2,5,XAUUSD,299,-27.2656,0.8476035465420769,0.3946
bos_short_rr2.0_sl1.0_h6_b0.2_cd10,fx,bos,short,2.0,1.0,6,0.2,10,XAUUSD,258,-18.0614,0.8841972981464027,0.3992
bos_short_rr2.0_sl1.0_h6_b0.2_cd20,fx,bos,short,2.0,1.0,6,0.2,20,XAUUSD,212,-12.4682,0.9021813491664993,0.4057
bos_short_rr2.0_sl1.0_h12_b0.1_cd0,fx,bos,short,2.0,1.0,12,0.1,0,XAUUSD,425,-14.3615,0.9501111439577393,0.3647
bos_short_rr2.0_sl1.0_h12_b0.1_cd5,fx,bos,short,2.0,1.0,12,0.1,5,XAUUSD,303,-5.2496,0.9741050389514554,0.3762
bos_short_rr2.0_sl1.0_h12_b0.1_cd10,fx,bos,short,2.0,1.0,12,0.1,10,XAUUSD,271,-8.9377,0.951172169496933,0.369
bos_short_rr2.0_sl1.0_h12_b0.1_cd20,fx,bos,short,2.0,1.0,12,0.1,20,XAUUSD,216,8.0413,1.05758931704669,0.3981
bos_short_rr2.0_sl1.0_h12_b0.2_cd0,fx,bos,short,2.0,1.0,12,0.2,0,XAUUSD,397,-11.5308,0.9568520738755,0.3678
bos_short_rr2.0_sl1.0_h12_b0.2_cd5,fx,bos,short,2.0,1.0,12,0.2,5,XAUUSD,280,2.1651,1.0117165811458881,0.3857
bos_short_rr2.0_sl1.0_h12_b0.2_cd10,fx,bos,short,2.0,1.0,12,0.2,10,XAUUSD,254,-7.947,0.9536740441154611,0.3701
bos_short_rr2.0_sl1.0_h12_b0.2_cd20,fx,bos,short,2.0,1.0,12,0.2,20,XAUUSD,206,6.3864,1.0474230463351915,0.3932
bos_short_rr2.5_sl0.8_h6_b0.1_cd0,fx,bos,short,2.5,0.8,6,0.1,0,XAUUSD,465,-35.8273,0.8887343329674924,0.3527
bos_short_rr2.5_sl0.8_h6_b0.1_cd5,fx,bos,short,2.5,0.8,6,0.1,5,XAUUSD,328,-38.2334,0.8329576707902895,0.3445
bos_short_rr2.5_sl0.8_h6_b0.1_cd10,fx,bos,short,2.5,0.8,6,0.1,10,XAUUSD,279,-32.3818,0.8353483982699831,0.3477
bos_short_rr2.5_sl0.8_h6_b0.1_cd20,fx,bos,short,2.5,0.8,6,0.1,20,XAUUSD,225,-27.3927,0.8296092408748226,0.3422
bos_short_rr2.5_sl0.8_h6_b0.2_cd0,fx,bos,short,2.5,0.8,6,0.2,0,XAUUSD,434,-44.806,0.8515089541698027,0.3456
bos_short_rr2.5_sl0.8_h6_b0.2_cd5,fx,bos,short,2.5,0.8,6,0.2,5,XAUUSD,307,-48.674,0.7771451280886694,0.329
bos_short_rr2.5_sl0.8_h6_b0.2_cd10,fx,bos,short,2.5,0.8,6,0.2,10,XAUUSD,261,-29.7388,0.8370781130758581,0.3448
bos_short_rr2.5_sl0.8_h6_b0.2_cd20,fx,bos,short,2.5,0.8,6,0.2,20,XAUUSD,214,-31.7306,0.7939907196943874,0.3364
bos_short_rr2.5_sl0.8_h12_b0.1_cd0,fx,bos,short,2.5,0.8,12,0.1,0,XAUUSD,444,-26.3852,0.9212556737416149,0.3131
bos_short_rr2.5_sl0.8_h12_b0.1_cd5,fx,bos,short,2.5,0.8,12,0.1,5,XAUUSD,314,-27.6229,0.8850534391296605,0.3057
bos_short_rr2.5_sl0.8_h12_b0.1_cd10,fx,bos,short,2.5,0.8,12,0.1,10,XAUUSD,277,-17.0095,0.9187333108143295,0.3141
bos_short_rr2.5_sl0.8_h12_b0.1_cd20,fx,bos,short,2.5,0.8,12,0.1,20,XAUUSD,220,-14.0915,0.9152578047432537,0.3182
bos_short_rr2.5_sl0.8_h12_b0.2_cd0,fx,bos,short,2.5,0.8,12,0.2,0,XAUUSD,413,-26.6452,0.914378682138907,0.3123
bos_short_rr2.5_sl0.8_h12_b0.2_cd5,fx,bos,short,2.5,0.8,12,0.2,5,XAUUSD,292,-26.9605,0.8796886421222957,0.3048
bos_short_rr2.5_sl0.8_h12_b0.2_cd10,fx,bos,short,2.5,0.8,12,0.2,10,XAUUSD,259,-17.1898,0.9124482335881821,0.3127
bos_short_rr2.5_sl0.8_h12_b0.2_cd20,fx,bos,short,2.5,0.8,12,0.2,20,XAUUSD,209,-16.4939,0.8969134471454777,0.311
bos_short_rr2.5_sl1.0_h6_b0.1_cd0,fx,bos,short,2.5,1.0,6,0.1,0,XAUUSD,428,-25.5689,0.9040685753476774,0.3808
bos_short_rr2.5_sl1.0_h6_b0.1_cd5,fx,bos,short,2.5,1.0,6,0.1,5,XAUUSD,318,-34.7571,0.8224529890254941,0.3805
bos_short_rr2.5_sl1.0_h6_b0.1_cd10,fx,bos,short,2.5,1.0,6,0.1,10,XAUUSD,273,-33.734,0.8062809666771563,0.3736
bos_short_rr2.5_sl1.0_h6_b0.1_cd20,fx,bos,short,2.5,1.0,6,0.1,20,XAUUSD,222,-17.8418,0.8708280361760847,0.3874
bos_short_rr2.5_sl1.0_h6_b0.2_cd0,fx,bos,short,2.5,1.0,6,0.2,0,XAUUSD,400,-26.474,0.8927113504128996,0.3775
bos_short_rr2.5_sl1.0_h6_b0.2_cd5,fx,bos,short,2.5,1.0,6,0.2,5,XAUUSD,296,-27.5276,0.8482205575692882,0.3818
bos_short_rr2.5_sl1.0_h6_b0.2_cd10,fx,bos,short,2.5,1.0,6,0.2,10,XAUUSD,258,-27.0563,0.833663981114038,0.376
bos_short_rr2.5_sl1.0_h6_b0.2_cd20,fx,bos,short,2.5,1.0,6,0.2,20,XAUUSD,211,-13.6015,0.8961366324642608,0.3886
bos_short_rr2.5_sl1.0_h12_b0.1_cd0,fx,bos,short,2.5,1.0,12,0.1,0,XAUUSD,398,-15.3355,0.9453322734045816,0.3392
bos_short_rr2.5_sl1.0_h12_b0.1_cd5,fx,bos,short,2.5,1.0,12,0.1,5,XAUUSD,299,-4.7064,0.9774158239908404,0.3512
bos_short_rr2.5_sl1.0_h12_b0.1_cd10,fx,bos,short,2.5,1.0,12,0.1,10,XAUUSD,268,-26.2214,0.8639072418034702,0.3321
bos_short_rr2.5_sl1.0_h12_b0.1_cd20,fx,bos,short,2.5,1.0,12,0.1,20,XAUUSD,213,2.6277,1.0181086935098282,0.3662
bos_short_rr2.5_sl1.0_h12_b0.2_cd0,fx,bos,short,2.5,1.0,12,0.2,0,XAUUSD,369,-6.8167,0.9735202419603574,0.3469
bos_short_rr2.5_sl1.0_h12_b0.2_cd5,fx,bos,short,2.5,1.0,12,0.2,5,XAUUSD,278,5.3408,1.0279080072487246,0.3597
bos_short_rr2.5_sl1.0_h12_b0.2_cd10,fx,bos,short,2.5,1.0,12,0.2,10,XAUUSD,253,-20.806,0.8850859121713053,0.336
bos_short_rr2.5_sl1.0_h12_b0.2_cd20,fx,bos,short,2.5,1.0,12,0.2,20,XAUUSD,204,11.0615,1.080225034794522,0.3725
choch_long_rr1.5_sl0.8_h6_b0.1_cd0,fx,choch,long,1.5,0.8,6,0.1,0,XAUUSD,258,-74.9348,0.5834703981652304,0.3295
choch_long_rr1.5_sl0.8_h6_b0.1_cd5,fx,choch,long,1.5,0.8,6,0.1,5,XAUUSD,194,-67.6545,0.5231098360424626,0.3144
choch_long_rr1.5_sl0.8_h6_b0.1_cd10,fx,choch,long,1.5,0.8,6,0.1,10,XAUUSD,186,-63.8744,0.5272030140859666,0.3172
choch_long_rr1.5_sl0.8_h6_b0.1_cd20,fx,choch,long,1.5,0.8,6,0.1,20,XAUUSD,169,-58.9672,0.5202345812003085,0.3136
choch_long_rr1.5_sl0.8_h6_b0.2_cd0,fx,choch,long,1.5,0.8,6,0.2,0,XAUUSD,232,-61.7728,0.6127776941978837,0.3405
choch_long_rr1.5_sl0.8_h6_b0.2_cd5,fx,choch,long,1.5,0.8,6,0.2,5,XAUUSD,170,-56.4472,0.5427158597570806,0.3235
choch_long_rr1.5_sl0.8_h6_b0.2_cd10,fx,choch,long,1.5,0.8,6,0.2,10,XAUUSD,165,-50.948,0.5672515017259655,0.3333
choch_long_rr1.5_sl0.8_h6_b0.2_cd20,fx,choch,long,1.5,0.8,6,0.2,20,XAUUSD,149,-47.1249,0.5582480996425668,0.3289
choch_long_rr1.5_sl0.8_h12_b0.1_cd0,fx,choch,long,1.5,0.8,12,0.1,0,XAUUSD,256,-58.5885,0.6775630650289232,0.3594
choch_long_rr1.5_sl0.8_h12_b0.1_cd5,fx,choch,long,1.5,0.8,12,0.1,5,XAUUSD,194,-55.0352,0.6164997533231689,0.3351
choch_long_rr1.5_sl0.8_h12_b0.1_cd10,fx,choch,long,1.5,0.8,12,0.1,10,XAUUSD,186,-51.0498,0.6266668421814735,0.3387
choch_long_rr1.5_sl0.8_h12_b0.1_cd20,fx,choch,long,1.5,0.8,12,0.1,20,XAUUSD,169,-46.878,0.623621035728623,0.3373
choch_long_rr1.5_sl0.8_h12_b0.2_cd0,fx,choch,long,1.5,0.8,12,0.2,0,XAUUSD,230,-46.7437,0.7079637613839198,0.3696
choch_long_rr1.5_sl0.8_h12_b0.2_cd5,fx,choch,long,1.5,0.8,12,0.2,5,XAUUSD,170,-45.4091,0.6340230696570822,0.3412
choch_long_rr1.5_sl0.8_h12_b0.2_cd10,fx,choch,long,1.5,0.8,12,0.2,10,XAUUSD,165,-39.7046,0.664565019959026,0.3515
choch_long_rr1.5_sl0.8_h12_b0.2_cd20,fx,choch,long,1.5,0.8,12,0.2,20,XAUUSD,149,-36.6169,0.6587860252568174,0.349
choch_long_rr1.5_sl1.0_h6_b0.1_cd0,fx,choch,long,1.5,1.0,6,0.1,0,XAUUSD,241,-67.42,0.5670111567519799,0.3402
choch_long_rr1.5_sl1.0_h6_b0.1_cd5,fx,choch,long,1.5,1.0,6,0.1,5,XAUUSD,191,-56.9059,0.5501207591023902,0.3455
choch_long_rr1.5_sl1.0_h6_b0.1_cd10,fx,choch,long,1.5,1.0,6,0.1,10,XAUUSD,186,-53.956,0.5576234847522106,0.3495
choch_long_rr1.5_sl1.0_h6_b0.1_cd20,fx,choch,long,1.5,1.0,6,0.1,20,XAUUSD,167,-50.6721,0.5407831466152399,0.3473
choch_long_rr1.5_sl1.0_h6_b0.2_cd0,fx,choch,long,1.5,1.0,6,0.2,0,XAUUSD,216,-55.0498,0.5988299346101349,0.3472
choch_long_rr1.5_sl1.0_h6_b0.2_cd5,fx,choch,long,1.5,1.0,6,0.2,5,XAUUSD,169,-46.0061,0.5803316582272823,0.355
choch_long_rr1.5_sl1.0_h6_b0.2_cd10,fx,choch,long,1.5,1.0,6,0.2,10,XAUUSD,165,-41.6508,0.6037103040002132,0.3636
choch_long_rr1.5_sl1.0_h6_b0.2_cd20,fx,choch,long,1.5,1.0,6,0.2,20,XAUUSD,148,-40.8359,0.572938258074097,0.3581
choch_long_rr1.5_sl1.0_h12_b0.1_cd0,fx,choch,long,1.5,1.0,12,0.1,0,XAUUSD,238,-58.454,0.6448348731882958,0.3529
choch_long_rr1.5_sl1.0_h12_b0.1_cd5,fx,choch,long,1.5,1.0,12,0.1,5,XAUUSD,191,-46.8239,0.6482946867777478,0.356
choch_long_rr1.5_sl1.0_h12_b0.1_cd10,fx,choch,long,1.5,1.0,12,0.1,10,XAUUSD,184,-41.5466,0.6713392262431197,0.3641
choch_long_rr1.5_sl1.0_h12_b0.1_cd20,fx,choch,long,1.5,1.0,12,0.1,20,XAUUSD,165,-41.1487,0.6431332416927207,0.3515
choch_long_rr1.5_sl1.0_h12_b0.2_cd0,fx,choch,long,1.5,1.0,12,0.2,0,XAUUSD,214,-45.3785,0.6855499973321452,0.3645
choch_long_rr1.5_sl1.0_h12_b0.2_cd5,fx,choch,long,1.5,1.0,12,0.2,5,XAUUSD,169,-35.9205,0.687743403758154,0.3669
choch_long_rr1.5_sl1.0_h12_b0.2_cd10,fx,choch,long,1.5,1.0,12,0.2,10,XAUUSD,164,-30.3052,0.7230287232992495,0.378
choch_long_rr1.5_sl1.0_h12_b0.2_cd20,fx,choch,long,1.5,1.0,12,0.2,20,XAUUSD,147,-32.1498,0.6802888655305498,0.3605
choch_long_rr2.0_sl0.8_h6_b0.1_cd0,fx,choch,long,2.0,0.8,6,0.1,0,XAUUSD,246,-77.1444,0.5801400251662145,0.2805
choch_long_rr2.0_sl0.8_h6_b0.1_cd5,fx,choch,long,2.0,0.8,6,0.1,5,XAUUSD,192,-65.4757,0.5550138982336671,0.2812
choch_long_rr2.0_sl0.8_h6_b0.1_cd10,fx,choch,long,2.0,0.8,6,0.1,10,XAUUSD,186,-61.8554,0.5626405296784539,0.2849
choch_long_rr2.0_sl0.8_h6_b0.1_cd20,fx,choch,long,2.0,0.8,6,0.1,20,XAUUSD,167,-50.6052,0.5942953851432768,0.2934
choch_long_rr2.0_sl0.8_h6_b0.2_cd0,fx,choch,long,2.0,0.8,6,0.2,0,XAUUSD,221,-64.9846,0.6037947170271465,0.2896
choch_long_rr2.0_sl0.8_h6_b0.2_cd5,fx,choch,long,2.0,0.8,6,0.2,5,XAUUSD,169,-55.2635,0.5728223707552589,0.2899
choch_long_rr2.0_sl0.8_h6_b0.2_cd10,fx,choch,long,2.0,0.8,6,0.2,10,XAUUSD,165,-50.8195,0.5925155875145933,0.297
choch_long_rr2.0_sl0.8_h6_b0.2_cd20,fx,choch,long,2.0,0.8,6,0.2,20,XAUUSD,148,-42.2823,0.6163130671506352,0.3041
choch_long_rr2.0_sl0.8_h12_b0.1_cd0,fx,choch,long,2.0,0.8,12,0.1,0,XAUUSD,244,-70.1614,0.6337131690957396,0.2828
choch_long_rr2.0_sl0.8_h12_b0.1_cd5,fx,choch,long,2.0,0.8,12,0.1,5,XAUUSD,192,-58.5835,0.6192719547312934,0.276
choch_long_rr2.0_sl0.8_h12_b0.1_cd10,fx,choch,long,2.0,0.8,12,0.1,10,XAUUSD,186,-54.7635,0.6303911623509022,0.2796
choch_long_rr2.0_sl0.8_h12_b0.1_cd20,fx,choch,long,2.0,0.8,12,0.1,20,XAUUSD,166,-44.0661,0.661544452432303,0.2892
choch_long_rr2.0_sl0.8_h12_b0.2_cd0,fx,choch,long,2.0,0.8,12,0.2,0,XAUUSD,219,-58.1015,0.6580780362298457,0.2877
choch_long_rr2.0_sl0.8_h12_b0.2_cd5,fx,choch,long,2.0,0.8,12,0.2,5,XAUUSD,169,-48.7351,0.6375591609922686,0.2781
choch_long_rr2.0_sl0.8_h12_b0.2_cd10,fx,choch,long,2.0,0.8,12,0.2,10,XAUUSD,165,-44.0914,0.660353347635683,0.2848
choch_long_rr2.0_sl0.8_h12_b0.2_cd20,fx,choch,long,2.0,0.8,12,0.2,20,XAUUSD,148,-36.7832,0.6809473253256171,0.2905
choch_long_rr2.0_sl1.0_h6_b0.1_cd0,fx,choch,long,2.0,1.0,6,0.1,0,XAUUSD,234,-59.1203,0.6156721996934235,0.3248
choch_long_rr2.0_sl1.0_h6_b0.1_cd5,fx,choch,long,2.0,1.0,6,0.1,5,XAUUSD,191,-51.8451,0.5976033989233224,0.3246
choch_long_rr2.0_sl1.0_h6_b0.1_cd10,fx,choch,long,2.0,1.0,6,0.1,10,XAUUSD,186,-49.9478,0.6000028829890831,0.328
choch_long_rr2.0_sl1.0_h6_b0.1_cd20,fx,choch,long,2.0,1.0,6,0.1,20,XAUUSD,165,-42.7673,0.6108462195013202,0.3333
choch_long_rr2.0_sl1.0_h6_b0.2_cd0,fx,choch,long,2.0,1.0,6,0.2,0,XAUUSD,209,-47.5447,0.6505751637445468,0.3301
choch_long_rr2.0_sl1.0_h6_b0.2_cd5,fx,choch,long,2.0,1.0,6,0.2,5,XAUUSD,169,-41.7399,0.6296282164701373,0.3314
choch_long_rr2.0_sl1.0_h6_b0.2_cd10,fx,choch,long,2.0,1.0,6,0.2,10,XAUUSD,165,-37.9372,0.6510780680769892,0.3394
choch_long_rr2.0_sl1.0_h6_b0.2_cd20,fx,choch,long,2.0,1.0,6,0.2,20,XAUUSD,146,-33.7168,0.6484072022882813,0.3425
choch_long_rr2.0_sl1.0_h12_b0.1_cd0,fx,choch,long,2.0,1.0,12,0.1,0,XAUUSD,231,-53.564,0.6811571772969434,0.316
choch_long_rr2.0_sl1.0_h12_b0.1_cd5,fx,choch,long,2.0,1.0,12,0.1,5,XAUUSD,191,-49.5414,0.6511114960936014,0.3089
choch_long_rr2.0_sl1.0_h12_b0.1_cd10,fx,choch,long,2.0,1.0,12,0.1,10,XAUUSD,184,-44.7746,0.6690210549581496,0.3152
choch_long_rr2.0_sl1.0_h12_b0.1_cd20,fx,choch,long,2.0,1.0,12,0.1,20,XAUUSD,163,-42.8147,0.6455898117221484,0.3067
choch_long_rr2.0_sl1.0_h12_b0.2_cd0,fx,choch,long,2.0,1.0,12,0.2,0,XAUUSD,206,-40.1871,0.7260258750045167,0.3252
choch_long_rr2.0_sl1.0_h12_b0.2_cd5,fx,choch,long,2.0,1.0,12,0.2,5,XAUUSD,169,-36.4297,0.7034814961325302,0.3195
choch_long_rr2.0_sl1.0_h12_b0.2_cd10,fx,choch,long,2.0,1.0,12,0.2,10,XAUUSD,164,-30.818,0.7371439976322659,0.3293
choch_long_rr2.0_sl1.0_h12_b0.2_cd20,fx,choch,long,2.0,1.0,12,0.2,20,XAUUSD,144,-27.1009,0.7367037374197629,0.3264
choch_long_rr2.5_sl0.8_h6_b0.1_cd0,fx,choch,long,2.5,0.8,6,0.1,0,XAUUSD,239,-67.9088,0.6235414120079716,0.272
choch_long_rr2.5_sl0.8_h6_b0.1_cd5,fx,choch,long,2.5,0.8,6,0.1,5,XAUUSD,192,-58.4414,0.6076847375296546,0.2708
choch_long_rr2.5_sl0.8_h6_b0.1_cd10,fx,choch,long,2.5,0.8,6,0.1,10,XAUUSD,186,-55.7618,0.6119414618394745,0.2742
choch_long_rr2.5_sl0.8_h6_b0.1_cd20,fx,choch,long,2.5,0.8,6,0.1,20,XAUUSD,166,-44.389,0.6473296076602466,0.2831
choch_long_rr2.5_sl0.8_h6_b0.2_cd0,fx,choch,long,2.5,0.8,6,0.2,0,XAUUSD,214,-55.3609,0.6554320846268944,0.2804
choch_long_rr2.5_sl0.8_h6_b0.2_cd5,fx,choch,long,2.5,0.8,6,0.2,5,XAUUSD,169,-47.8411,0.6353388473344295,0.2781
choch_long_rr2.5_sl0.8_h6_b0.2_cd10,fx,choch,long,2.5,0.8,6,0.2,10,XAUUSD,165,-43.8378,0.6547669205380677,0.2848
choch_long_rr2.5_sl0.8_h6_b0.2_cd20,fx,choch,long,2.5,0.8,6,0.2,20,XAUUSD,147,-35.6668,0.6796336699562477,0.2925
choch_long_rr2.5_sl0.8_h12_b0.1_cd0,fx,choch,long,2.5,0.8,12,0.1,0,XAUUSD,237,-64.2337,0.6668993345111927,0.2574
choch_long_rr2.5_sl0.8_h12_b0.1_cd5,fx,choch,long,2.5,0.8,12,0.1,5,XAUUSD,192,-55.1124,0.6524736292507227,0.25
choch_long_rr2.5_sl0.8_h12_b0.1_cd10,fx,choch,long,2.5,0.8,12,0.1,10,XAUUSD,186,-55.3054,0.640842074911859,0.2473
choch_long_rr2.5_sl0.8_h12_b0.1_cd20,fx,choch,long,2.5,0.8,12,0.1,20,XAUUSD,165,-45.8932,0.6596676855901673,0.2545
choch_long_rr2.5_sl0.8_h12_b0.2_cd0,fx,choch,long,2.5,0.8,12,0.2,0,XAUUSD,211,-51.4221,0.6977666679988997,0.2607
choch_long_rr2.5_sl0.8_h12_b0.2_cd5,fx,choch,long,2.5,0.8,12,0.2,5,XAUUSD,169,-42.1286,0.6949464273947648,0.2544
choch_long_rr2.5_sl0.8_h12_b0.2_cd10,fx,choch,long,2.5,0.8,12,0.2,10,XAUUSD,165,-37.4893,0.719094161035707,0.2606
choch_long_rr2.5_sl0.8_h12_b0.2_cd20,fx,choch,long,2.5,0.8,12,0.2,20,XAUUSD,146,-30.4667,0.7390542067185188,0.2671
choch_long_rr2.5_sl1.0_h6_b0.1_cd0,fx,choch,long,2.5,1.0,6,0.1,0,XAUUSD,226,-51.902,0.6527109582533172,0.323
choch_long_rr2.5_sl1.0_h6_b0.1_cd5,fx,choch,long,2.5,1.0,6,0.1,5,XAUUSD,191,-50.9748,0.6081655619416001,0.3141
choch_long_rr2.5_sl1.0_h6_b0.1_cd10,fx,choch,long,2.5,1.0,6,0.1,10,XAUUSD,186,-49.8616,0.6055452888461343,0.3172
choch_long_rr2.5_sl1.0_h6_b0.1_cd20,fx,choch,long,2.5,1.0,6,0.1,20,XAUUSD,164,-40.861,0.6297772828709589,0.3232
choch_long_rr2.5_sl1.0_h6_b0.2_cd0,fx,choch,long,2.5,1.0,6,0.2,0,XAUUSD,200,-42.8502,0.6757634090310631,0.325
choch_long_rr2.5_sl1.0_h6_b0.2_cd5,fx,choch,long,2.5,1.0,6,0.2,5,XAUUSD,169,-40.9862,0.6403116476464951,0.3195
choch_long_rr2.5_sl1.0_h6_b0.2_cd10,fx,choch,long,2.5,1.0,6,0.2,10,XAUUSD,165,-37.4676,0.6601975823237008,0.3273
choch_long_rr2.5_sl1.0_h6_b0.2_cd20,fx,choch,long,2.5,1.0,6,0.2,20,XAUUSD,145,-31.9271,0.6686953525970292,0.331
choch_long_rr2.5_sl1.0_h12_b0.1_cd0,fx,choch,long,2.5,1.0,12,0.1,0,XAUUSD,221,-47.6178,0.7117798627592331,0.2941
choch_long_rr2.5_sl1.0_h12_b0.1_cd5,fx,choch,long,2.5,1.0,12,0.1,5,XAUUSD,191,-47.1232,0.6786180971009392,0.288
choch_long_rr2.5_sl1.0_h12_b0.1_cd10,fx,choch,long,2.5,1.0,12,0.1,10,XAUUSD,184,-42.8563,0.6936827148087104,0.2935
choch_long_rr2.5_sl1.0_h12_b0.1_cd20,fx,choch,long,2.5,1.0,12,0.1,20,XAUUSD,162,-42.8382,0.6555755843963716,0.284
choch_long_rr2.5_sl1.0_h12_b0.2_cd0,fx,choch,long,2.5,1.0,12,0.2,0,XAUUSD,197,-30.3329,0.7875585506336916,0.3096
choch_long_rr2.5_sl1.0_h12_b0.2_cd5,fx,choch,long,2.5,1.0,12,0.2,5,XAUUSD,169,-32.0115,0.7466825355249028,0.3018
choch_long_rr2.5_sl1.0_h12_b0.2_cd10,fx,choch,long,2.5,1.0,12,0.2,10,XAUUSD,164,-26.3997,0.781375824197665,0.311
choch_long_rr2.5_sl1.0_h12_b0.2_cd20,fx,choch,long,2.5,1.0,12,0.2,20,XAUUSD,143,-24.1244,0.7710766544571178,0.3077
choch_short_rr1.5_sl0.8_h6_b0.1_cd0,fx,choch,short,1.5,0.8,6,0.1,0,XAUUSD,186,-16.4455,0.8562844476448233,0.3978
choch_short_rr1.5_sl0.8_h6_b0.1_cd5,fx,choch,short,1.5,0.8,6,0.1,5,XAUUSD,137,-20.3302,0.7684010029402416,0.3723
choch_short_rr1.5_sl0.8_h6_b0.1_cd10,fx,choch,short,1.5,0.8,6,0.1,10,XAUUSD,133,-15.985,0.8084332512418583,0.3835
choch_short_rr1.5_sl0.8_h6_b0.1_cd20,fx,choch,short,1.5,0.8,6,0.1,20,XAUUSD,115,-12.1359,0.8298759665580719,0.3913
choch_short_rr1.5_sl0.8_h6_b0.2_cd0,fx,choch,short,1.5,0.8,6,0.2,0,XAUUSD,165,-21.728,0.7922467337759692,0.3818
choch_short_rr1.5_sl0.8_h6_b0.2_cd5,fx,choch,short,1.5,0.8,6,0.2,5,XAUUSD,120,-22.7093,0.7129271462233143,0.3583
choch_short_rr1.5_sl0.8_h6_b0.2_cd10,fx,choch,short,1.5,0.8,6,0.2,10,XAUUSD,118,-20.5316,0.7331322991336898,0.3644
choch_short_rr1.5_sl0.8_h6_b0.2_cd20,fx,choch,short,1.5,0.8,6,0.2,20,XAUUSD,104,-21.2353,0.693872932031669,0.3558
choch_short_rr1.5_sl0.8_h12_b0.1_cd0,fx,choch,short,1.5,0.8,12,0.1,0,XAUUSD,185,-20.2349,0.8349130954090357,0.4108
choch_short_rr1.5_sl0.8_h12_b0.1_cd5,fx,choch,short,1.5,0.8,12,0.1,5,XAUUSD,137,-21.9854,0.7671319353383173,0.3869
choch_short_rr1.5_sl0.8_h12_b0.1_cd10,fx,choch,short,1.5,0.8,12,0.1,10,XAUUSD,132,-16.4369,0.8150449478281124,0.4015
choch_short_rr1.5_sl0.8_h12_b0.1_cd20,fx,choch,short,1.5,0.8,12,0.1,20,XAUUSD,115,-12.8671,0.8329839527213397,0.4087
choch_short_rr1.5_sl0.8_h12_b0.2_cd0,fx,choch,short,1.5,0.8,12,0.2,0,XAUUSD,164,-24.5472,0.779408117269417,0.3902
choch_short_rr1.5_sl0.8_h12_b0.2_cd5,fx,choch,short,1.5,0.8,12,0.2,5,XAUUSD,120,-21.7575,0.7380618442516869,0.375
choch_short_rr1.5_sl0.8_h12_b0.2_cd10,fx,choch,short,1.5,0.8,12,0.2,10,XAUUSD,118,-19.5798,0.7579531378642793,0.3814
choch_short_rr1.5_sl0.8_h12_b0.2_cd20,fx,choch,short,1.5,0.8,12,0.2,20,XAUUSD,104,-19.3502,0.7327002931287419,0.375
choch_short_rr1.5_sl1.0_h6_b0.1_cd0,fx,choch,short,1.5,1.0,6,0.1,0,XAUUSD,170,-2.8849,0.968768099703043,0.4176
choch_short_rr1.5_sl1.0_h6_b0.1_cd5,fx,choch,short,1.5,1.0,6,0.1,5,XAUUSD,137,-4.4816,0.9406785381950741,0.4088
choch_short_rr1.5_sl1.0_h6_b0.1_cd10,fx,choch,short,1.5,1.0,6,0.1,10,XAUUSD,132,-4.5596,0.9374240032937626,0.4167
choch_short_rr1.5_sl1.0_h6_b0.1_cd20,fx,choch,short,1.5,1.0,6,0.1,20,XAUUSD,114,-1.379,0.9774646322192025,0.4211
choch_short_rr1.5_sl1.0_h6_b0.2_cd0,fx,choch,short,1.5,1.0,6,0.2,0,XAUUSD,149,-13.1004,0.8468296458599083,0.3893
choch_short_rr1.5_sl1.0_h6_b0.2_cd5,fx,choch,short,1.5,1.0,6,0.2,5,XAUUSD,120,-14.9042,0.7895582533456458,0.375
choch_short_rr1.5_sl1.0_h6_b0.2_cd10,fx,choch,short,1.5,1.0,6,0.2,10,XAUUSD,117,-14.6161,0.7888148949788975,0.3846
choch_short_rr1.5_sl1.0_h6_b0.2_cd20,fx,choch,short,1.5,1.0,6,0.2,20,XAUUSD,103,-15.8779,0.7437800347911403,0.3689
choch_short_rr1.5_sl1.0_h12_b0.1_cd0,fx,choch,short,1.5,1.0,12,0.1,0,XAUUSD,169,-9.5323,0.908145340103049,0.426
choch_short_rr1.5_sl1.0_h12_b0.1_cd5,fx,choch,short,1.5,1.0,12,0.1,5,XAUUSD,137,-7.6019,0.9102776095903427,0.4234
choch_short_rr1.5_sl1.0_h12_b0.1_cd10,fx,choch,short,1.5,1.0,12,0.1,10,XAUUSD,131,-9.547,0.882843658193581,0.4122
choch_short_rr1.5_sl1.0_h12_b0.1_cd20,fx,choch,short,1.5,1.0,12,0.1,20,XAUUSD,113,-6.1209,0.9122779863018999,0.4248
choch_short_rr1.5_sl1.0_h12_b0.2_cd0,fx,choch,short,1.5,1.0,12,0.2,0,XAUUSD,148,-15.4093,0.8363866674028362,0.4054
choch_short_rr1.5_sl1.0_h12_b0.2_cd5,fx,choch,short,1.5,1.0,12,0.2,5,XAUUSD,120,-14.76,0.810457214183348,0.3917
choch_short_rr1.5_sl1.0_h12_b0.2_cd10,fx,choch,short,1.5,1.0,12,0.2,10,XAUUSD,117,-17.5017,0.7723089532433065,0.3761
choch_short_rr1.5_sl1.0_h12_b0.2_cd20,fx,choch,short,1.5,1.0,12,0.2,20,XAUUSD,102,-17.4086,0.7457689246518829,0.3725
choch_short_rr2.0_sl0.8_h6_b0.1_cd0,fx,choch,short,2.0,0.8,6,0.1,0,XAUUSD,175,-24.7339,0.7930342272264768,0.3257
choch_short_rr2.0_sl0.8_h6_b0.1_cd5,fx,choch,short,2.0,0.8,6,0.1,5,XAUUSD,137,-23.4582,0.7585477167318891,0.3139
choch_short_rr2.0_sl0.8_h6_b0.1_cd10,fx,choch,short,2.0,0.8,6,0.1,10,XAUUSD,133,-20.9016,0.7748065531663655,0.3233
choch_short_rr2.0_sl0.8_h6_b0.1_cd20,fx,choch,short,2.0,0.8,6,0.1,20,XAUUSD,114,-17.6762,0.7793773308903189,0.3246
choch_short_rr2.0_sl0.8_h6_b0.2_cd0,fx,choch,short,2.0,0.8,6,0.2,0,XAUUSD,153,-28.7711,0.7314974070005851,0.3137
choch_short_rr2.0_sl0.8_h6_b0.2_cd5,fx,choch,short,2.0,0.8,6,0.2,5,XAUUSD,120,-24.6966,0.7137309813540186,0.3083
choch_short_rr2.0_sl0.8_h6_b0.2_cd10,fx,choch,short,2.0,0.8,6,0.2,10,XAUUSD,118,-24.3075,0.7109680533937696,0.3136
choch_short_rr2.0_sl0.8_h6_b0.2_cd20,fx,choch,short,2.0,0.8,6,0.2,20,XAUUSD,103,-25.6349,0.6624459628326997,0.301
choch_short_rr2.0_sl0.8_h12_b0.1_cd0,fx,choch,short,2.0,0.8,12,0.1,0,XAUUSD,174,-31.204,0.7627682010251358,0.3276
choch_short_rr2.0_sl0.8_h12_b0.1_cd5,fx,choch,short,2.0,0.8,12,0.1,5,XAUUSD,137,-26.9159,0.7460821641774149,0.3139
choch_short_rr2.0_sl0.8_h12_b0.1_cd10,fx,choch,short,2.0,0.8,12,0.1,10,XAUUSD,132,-26.4938,0.7395756744111067,0.3106
choch_short_rr2.0_sl0.8_h12_b0.1_cd20,fx,choch,short,2.0,0.8,12,0.1,20,XAUUSD,114,-19.6002,0.7758278558496323,0.3246
choch_short_rr2.0_sl0.8_h12_b0.2_cd0,fx,choch,short,2.0,0.8,12,0.2,0,XAUUSD,152,-31.2408,0.7311511581976573,0.3158
choch_short_rr2.0_sl0.8_h12_b0.2_cd5,fx,choch,short,2.0,0.8,12,0.2,5,XAUUSD,120,-24.688,0.7331612629876902,0.3083
choch_short_rr2.0_sl0.8_h12_b0.2_cd10,fx,choch,short,2.0,0.8,12,0.2,10,XAUUSD,118,-27.6367,0.6983614179579336,0.2966
choch_short_rr2.0_sl0.8_h12_b0.2_cd20,fx,choch,short,2.0,0.8,12,0.2,20,XAUUSD,103,-24.0833,0.7013842563775732,0.301
choch_short_rr2.0_sl1.0_h6_b0.1_cd0,fx,choch,short,2.0,1.0,6,0.1,0,XAUUSD,165,1.7098,1.0182383141133062,0.3939
choch_short_rr2.0_sl1.0_h6_b0.1_cd5,fx,choch,short,2.0,1.0,6,0.1,5,XAUUSD,137,-1.9161,0.9761111893787614,0.3796
choch_short_rr2.0_sl1.0_h6_b0.1_cd10,fx,choch,short,2.0,1.0,6,0.1,10,XAUUSD,130,1.269,1.0166268574191293,0.3846
choch_short_rr2.0_sl1.0_h6_b0.1_cd20,fx,choch,short,2.0,1.0,6,0.1,20,XAUUSD,114,2.1064,1.0320345530309942,0.386
choch_short_rr2.0_sl1.0_h6_b0.2_cd0,fx,choch,short,2.0,1.0,6,0.2,0,XAUUSD,145,-7.4232,0.9143741046031186,0.3655
choch_short_rr2.0_sl1.0_h6_b0.2_cd5,fx,choch,short,2.0,1.0,6,0.2,5,XAUUSD,120,-9.4631,0.8706428012926015,0.3583
choch_short_rr2.0_sl1.0_h6_b0.2_cd10,fx,choch,short,2.0,1.0,6,0.2,10,XAUUSD,115,-7.2875,0.8963919519116486,0.3652
choch_short_rr2.0_sl1.0_h6_b0.2_cd20,fx,choch,short,2.0,1.0,6,0.2,20,XAUUSD,103,-10.8925,0.8303377979505024,0.3495
choch_short_rr2.0_sl1.0_h12_b0.1_cd0,fx,choch,short,2.0,1.0,12,0.1,0,XAUUSD,163,-5.947,0.9453514251635231,0.3742
choch_short_rr2.0_sl1.0_h12_b0.1_cd5,fx,choch,short,2.0,1.0,12,0.1,5,XAUUSD,137,-6.0572,0.9348384084615832,0.365
choch_short_rr2.0_sl1.0_h12_b0.1_cd10,fx,choch,short,2.0,1.0,12,0.1,10,XAUUSD,129,-4.3701,0.9499989702540728,0.3643
choch_short_rr2.0_sl1.0_h12_b0.1_cd20,fx,choch,short,2.0,1.0,12,0.1,20,XAUUSD,113,-5.2082,0.9323180565320055,0.3628
choch_short_rr2.0_sl1.0_h12_b0.2_cd0,fx,choch,short,2.0,1.0,12,0.2,0,XAUUSD,143,-7.5428,0.9221516158896244,0.3636
choch_short_rr2.0_sl1.0_h12_b0.2_cd5,fx,choch,short,2.0,1.0,12,0.2,5,XAUUSD,120,-9.2153,0.8885784205855397,0.35
choch_short_rr2.0_sl1.0_h12_b0.2_cd10,fx,choch,short,2.0,1.0,12,0.2,10,XAUUSD,115,-10.8248,0.8654415091712785,0.3391
choch_short_rr2.0_sl1.0_h12_b0.2_cd20,fx,choch,short,2.0,1.0,12,0.2,20,XAUUSD,102,-14.9959,0.7954746626114116,0.3235
choch_short_rr2.5_sl0.8_h6_b0.1_cd0,fx,choch,short,2.5,0.8,6,0.1,0,XAUUSD,173,-11.5996,0.9046414889594055,0.3121
choch_short_rr2.5_sl0.8_h6_b0.1_cd5,fx,choch,short,2.5,0.8,6,0.1,5,XAUUSD,137,-17.4146,0.8248576149715734,0.2993
choch_short_rr2.5_sl0.8_h6_b0.1_cd10,fx,choch,short,2.5,0.8,6,0.1,10,XAUUSD,131,-12.7613,0.8642058072706338,0.3053
choch_short_rr2.5_sl0.8_h6_b0.1_cd20,fx,choch,short,2.5,0.8,6,0.1,20,XAUUSD,114,-13.0129,0.8420931285167707,0.307
choch_short_rr2.5_sl0.8_h6_b0.2_cd0,fx,choch,short,2.5,0.8,6,0.2,0,XAUUSD,151,-19.6289,0.8203810733449974,0.298
choch_short_rr2.5_sl0.8_h6_b0.2_cd5,fx,choch,short,2.5,0.8,6,0.2,5,XAUUSD,120,-21.653,0.7554634765000773,0.2917
choch_short_rr2.5_sl0.8_h6_b0.2_cd10,fx,choch,short,2.5,0.8,6,0.2,10,XAUUSD,116,-19.1672,0.7751880157825352,0.2931
choch_short_rr2.5_sl0.8_h6_b0.2_cd20,fx,choch,short,2.5,0.8,6,0.2,20,XAUUSD,103,-23.9716,0.6935839718172313,0.2816
choch_short_rr2.5_sl0.8_h12_b0.1_cd0,fx,choch,short,2.5,0.8,12,0.1,0,XAUUSD,172,-17.8618,0.8659877195299089,0.3081
choch_short_rr2.5_sl0.8_h12_b0.1_cd5,fx,choch,short,2.5,0.8,12,0.1,5,XAUUSD,137,-21.985,0.8001221904825978,0.2847
choch_short_rr2.5_sl0.8_h12_b0.1_cd10,fx,choch,short,2.5,0.8,12,0.1,10,XAUUSD,130,-20.1477,0.8070243493152653,0.2846
choch_short_rr2.5_sl0.8_h12_b0.1_cd20,fx,choch,short,2.5,0.8,12,0.1,20,XAUUSD,114,-16.5843,0.8186241539173259,0.2895
choch_short_rr2.5_sl0.8_h12_b0.2_cd0,fx,choch,short,2.5,0.8,12,0.2,0,XAUUSD,150,-21.8907,0.8143993990429454,0.2933
choch_short_rr2.5_sl0.8_h12_b0.2_cd5,fx,choch,short,2.5,0.8,12,0.2,5,XAUUSD,120,-22.7571,0.7641998091391471,0.275
choch_short_rr2.5_sl0.8_h12_b0.2_cd10,fx,choch,short,2.5,0.8,12,0.2,10,XAUUSD,116,-24.2906,0.7423953354451658,0.2672
choch_short_rr2.5_sl0.8_h12_b0.2_cd20,fx,choch,short,2.5,0.8,12,0.2,20,XAUUSD,103,-24.0674,0.715690791261184,0.2621
choch_short_rr2.5_sl1.0_h6_b0.1_cd0,fx,choch,short,2.5,1.0,6,0.1,0,XAUUSD,161,-8.1083,0.9169977387122433,0.3478
choch_short_rr2.5_sl1.0_h6_b0.1_cd5,fx,choch,short,2.5,1.0,6,0.1,5,XAUUSD,137,-4.2894,0.948382857823618,0.3504
choch_short_rr2.5_sl1.0_h6_b0.1_cd10,fx,choch,short,2.5,1.0,6,0.1,10,XAUUSD,130,-0.7215,0.990891704065595,0.3538
choch_short_rr2.5_sl1.0_h6_b0.1_cd20,fx,choch,short,2.5,1.0,6,0.1,20,XAUUSD,113,-1.2749,0.9811226605069888,0.354
choch_short_rr2.5_sl1.0_h6_b0.2_cd0,fx,choch,short,2.5,1.0,6,0.2,0,XAUUSD,142,-11.9605,0.8656158323998367,0.331
choch_short_rr2.5_sl1.0_h6_b0.2_cd5,fx,choch,short,2.5,1.0,6,0.2,5,XAUUSD,120,-6.7936,0.9087064552932276,0.3417
choch_short_rr2.5_sl1.0_h6_b0.2_cd10,fx,choch,short,2.5,1.0,6,0.2,10,XAUUSD,115,-4.2352,0.9408469313786971,0.3478
choch_short_rr2.5_sl1.0_h6_b0.2_cd20,fx,choch,short,2.5,1.0,6,0.2,20,XAUUSD,103,-10.3402,0.8420407814094456,0.3301
choch_short_rr2.5_sl1.0_h12_b0.1_cd0,fx,choch,short,2.5,1.0,12,0.1,0,XAUUSD,158,-13.7381,0.8789987035040621,0.3228
choch_short_rr2.5_sl1.0_h12_b0.1_cd5,fx,choch,short,2.5,1.0,12,0.1,5,XAUUSD,136,-5.655,0.94162321527562,0.3309
choch_short_rr2.5_sl1.0_h12_b0.1_cd10,fx,choch,short,2.5,1.0,12,0.1,10,XAUUSD,129,-4.8263,0.9477684465704205,0.3256
choch_short_rr2.5_sl1.0_h12_b0.1_cd20,fx,choch,short,2.5,1.0,12,0.1,20,XAUUSD,111,-6.4834,0.9187257668427102,0.3243
choch_short_rr2.5_sl1.0_h12_b0.2_cd0,fx,choch,short,2.5,1.0,12,0.2,0,XAUUSD,139,-12.8939,0.8716221396276873,0.3165
choch_short_rr2.5_sl1.0_h12_b0.2_cd5,fx,choch,short,2.5,1.0,12,0.2,5,XAUUSD,120,-6.4008,0.925119676557433,0.325
choch_short_rr2.5_sl1.0_h12_b0.2_cd10,fx,choch,short,2.5,1.0,12,0.2,10,XAUUSD,115,-7.781,0.9065015152498299,0.313
choch_short_rr2.5_sl1.0_h12_b0.2_cd20,fx,choch,short,2.5,1.0,12,0.2,20,XAUUSD,102,-14.9521,0.803505650226101,0.2941
