IRV4_LEVEL_ENTRY_MAX_CHASE_ATR,IRV4_LEVEL_ENTRY_VALIDITY_BARS,IRV4_RETEST_MIN_QUALITY,IRV4_TP_RR,avg_loss,avg_win,combo,days,end_date_utc,ending_equity,entry_execution,fee_bps_per_side,fold,max_drawdown,net_pnl,news_blocked_signals,phase,profit_factor,score,slippage_bps_per_side,starting_equity,strategies,summary_path,symbols,tag,trades,winrate
0.4,2,0.35,2.0,-0.2717,0.2697,1,120,2025-11-02,103.48,next_open,6.0000,1,1.4306,3.48,0,train,1.985,14.181750,2.0000,100.00,inplay_retest_v4,/Users/nikolay.bulgakov/Documents/Work/bot-new/bybit-bot-clean-v28/backtest_runs/portfolio_20260702_074445_irv4_wide_gate_20260702_f01_train_c001_20260702_044439/summary.csv,ADAUSDT;DOGEUSDT;SUIUSDT;DOTUSDT;LTCUSDT;LINKUSDT;SOLUSDT,irv4_wide_gate_20260702_f01_train_c001_20260702_044439,39,0.667
0.6,2,0.35,2.0,-0.2717,0.2697,2,120,2025-11-02,103.48,next_open,6.0000,1,1.4306,3.48,0,train,1.985,14.181750,2.0000,100.00,inplay_retest_v4,/Users/nikolay.bulgakov/Documents/Work/bot-new/bybit-bot-clean-v28/backtest_runs/portfolio_20260702_074536_irv4_wide_gate_20260702_f01_train_c002_20260702_044439/summary.csv,ADAUSDT;DOGEUSDT;SUIUSDT;DOTUSDT;LTCUSDT;LINKUSDT;SOLUSDT,irv4_wide_gate_20260702_f01_train_c002_20260702_044439,39,0.667
0.4,4,0.35,2.0,-0.2820,0.2514,3,120,2025-11-02,101.40,next_open,6.0000,1,1.7021,1.40,0,train,1.248,6.168375,2.0000,100.00,inplay_retest_v4,/Users/nikolay.bulgakov/Documents/Work/bot-new/bybit-bot-clean-v28/backtest_runs/portfolio_20260702_074627_irv4_wide_gate_20260702_f01_train_c003_20260702_044439/summary.csv,ADAUSDT;DOGEUSDT;SUIUSDT;DOTUSDT;LTCUSDT;LINKUSDT;SOLUSDT,irv4_wide_gate_20260702_f01_train_c003_20260702_044439,48,0.583
0.6,4,0.35,2.0,-0.2820,0.2514,4,120,2025-11-02,101.40,next_open,6.0000,1,1.7021,1.40,0,train,1.248,6.168375,2.0000,100.00,inplay_retest_v4,/Users/nikolay.bulgakov/Documents/Work/bot-new/bybit-bot-clean-v28/backtest_runs/portfolio_20260702_074718_irv4_wide_gate_20260702_f01_train_c004_20260702_044439/summary.csv,ADAUSDT;DOGEUSDT;SUIUSDT;DOTUSDT;LTCUSDT;LINKUSDT;SOLUSDT,irv4_wide_gate_20260702_f01_train_c004_20260702_044439,48,0.583
0.4,2,0.45,2.0,-0.2586,0.2393,5,120,2025-11-02,101.72,next_open,6.0000,1,1.1452,1.72,0,train,1.666,8.180500,2.0000,100.00,inplay_retest_v4,/Users/nikolay.bulgakov/Documents/Work/bot-new/bybit-bot-clean-v28/backtest_runs/portfolio_20260702_074809_irv4_wide_gate_20260702_f01_train_c005_20260702_044439/summary.csv,ADAUSDT;DOGEUSDT;SUIUSDT;DOTUSDT;LTCUSDT;LINKUSDT;SOLUSDT,irv4_wide_gate_20260702_f01_train_c005_20260702_044439,28,0.643
0.6,2,0.45,2.0,-0.2586,0.2393,6,120,2025-11-02,101.72,next_open,6.0000,1,1.1452,1.72,0,train,1.666,8.180500,2.0000,100.00,inplay_retest_v4,/Users/nikolay.bulgakov/Documents/Work/bot-new/bybit-bot-clean-v28/backtest_runs/portfolio_20260702_074859_irv4_wide_gate_20260702_f01_train_c006_20260702_044439/summary.csv,ADAUSDT;DOGEUSDT;SUIUSDT;DOTUSDT;LTCUSDT;LINKUSDT;SOLUSDT,irv4_wide_gate_20260702_f01_train_c006_20260702_044439,28,0.643
0.4,4,0.45,2.0,-0.2649,0.2282,7,120,2025-11-02,101.16,next_open,6.0000,1,1.1598,1.16,0,train,1.364,5.998250,2.0000,100.00,inplay_retest_v4,/Users/nikolay.bulgakov/Documents/Work/bot-new/bybit-bot-clean-v28/backtest_runs/portfolio_20260702_074949_irv4_wide_gate_20260702_f01_train_c007_20260702_044439/summary.csv,ADAUSDT;DOGEUSDT;SUIUSDT;DOTUSDT;LTCUSDT;LINKUSDT;SOLUSDT,irv4_wide_gate_20260702_f01_train_c007_20260702_044439,31,0.613
0.6,4,0.45,2.0,-0.2649,0.2282,8,120,2025-11-02,101.16,next_open,6.0000,1,1.1598,1.16,0,train,1.364,5.998250,2.0000,100.00,inplay_retest_v4,/Users/nikolay.bulgakov/Documents/Work/bot-new/bybit-bot-clean-v28/backtest_runs/portfolio_20260702_075039_irv4_wide_gate_20260702_f01_train_c008_20260702_044439/summary.csv,ADAUSDT;DOGEUSDT;SUIUSDT;DOTUSDT;LTCUSDT;LINKUSDT;SOLUSDT,irv4_wide_gate_20260702_f01_train_c008_20260702_044439,31,0.613
0.4,2,0.55,2.0,-0.2769,0.1997,9,120,2025-11-02,100.09,next_open,6.0000,1,0.8343,0.09,0,train,1.082,1.791125,2.0000,100.00,inplay_retest_v4,/Users/nikolay.bulgakov/Documents/Work/bot-new/bybit-bot-clean-v28/backtest_runs/portfolio_20260702_075129_irv4_wide_gate_20260702_f01_train_c009_20260702_044439/summary.csv,ADAUSDT;DOGEUSDT;SUIUSDT;DOTUSDT;LTCUSDT;LINKUSDT;SOLUSDT,irv4_wide_gate_20260702_f01_train_c009_20260702_044439,10,0.600
0.6,2,0.55,2.0,-0.2769,0.1997,10,120,2025-11-02,100.09,next_open,6.0000,1,0.8343,0.09,0,train,1.082,1.791125,2.0000,100.00,inplay_retest_v4,/Users/nikolay.bulgakov/Documents/Work/bot-new/bybit-bot-clean-v28/backtest_runs/portfolio_20260702_075218_irv4_wide_gate_20260702_f01_train_c010_20260702_044439/summary.csv,ADAUSDT;DOGEUSDT;SUIUSDT;DOTUSDT;LTCUSDT;LINKUSDT;SOLUSDT,irv4_wide_gate_20260702_f01_train_c010_20260702_044439,10,0.600
0.4,4,0.55,2.0,-0.2882,0.1751,11,120,2025-11-02,99.78,next_open,6.0000,1,0.8340,-0.22,0,train,0.851,-1000000000.000000,2.0000,100.00,inplay_retest_v4,/Users/nikolay.bulgakov/Documents/Work/bot-new/bybit-bot-clean-v28/backtest_runs/portfolio_20260702_075308_irv4_wide_gate_20260702_f01_train_c011_20260702_044439/summary.csv,ADAUSDT;DOGEUSDT;SUIUSDT;DOTUSDT;LTCUSDT;LINKUSDT;SOLUSDT,irv4_wide_gate_20260702_f01_train_c011_20260702_044439,12,0.583
0.6,4,0.55,2.0,-0.2882,0.1751,12,120,2025-11-02,99.78,next_open,6.0000,1,0.8340,-0.22,0,train,0.851,-1000000000.000000,2.0000,100.00,inplay_retest_v4,/Users/nikolay.bulgakov/Documents/Work/bot-new/bybit-bot-clean-v28/backtest_runs/portfolio_20260702_075357_irv4_wide_gate_20260702_f01_train_c012_20260702_044439/summary.csv,ADAUSDT;DOGEUSDT;SUIUSDT;DOTUSDT;LTCUSDT;LINKUSDT;SOLUSDT,irv4_wide_gate_20260702_f01_train_c012_20260702_044439,12,0.583
0.4,2,0.35,2.5,-0.2717,0.2571,13,120,2025-11-02,103.15,next_open,6.0000,1,1.4289,3.15,0,train,1.892,13.007875,2.0000,100.00,inplay_retest_v4,/Users/nikolay.bulgakov/Documents/Work/bot-new/bybit-bot-clean-v28/backtest_runs/portfolio_20260702_075446_irv4_wide_gate_20260702_f01_train_c013_20260702_044439/summary.csv,ADAUSDT;DOGEUSDT;SUIUSDT;DOTUSDT;LTCUSDT;LINKUSDT;SOLUSDT,irv4_wide_gate_20260702_f01_train_c013_20260702_044439,39,0.667
0.6,2,0.35,2.5,-0.2717,0.2571,14,120,2025-11-02,103.15,next_open,6.0000,1,1.4289,3.15,0,train,1.892,13.007875,2.0000,100.00,inplay_retest_v4,/Users/nikolay.bulgakov/Documents/Work/bot-new/bybit-bot-clean-v28/backtest_runs/portfolio_20260702_075535_irv4_wide_gate_20260702_f01_train_c014_20260702_044439/summary.csv,ADAUSDT;DOGEUSDT;SUIUSDT;DOTUSDT;LTCUSDT;LINKUSDT;SOLUSDT,irv4_wide_gate_20260702_f01_train_c014_20260702_044439,39,0.667
0.4,4,0.35,2.5,-0.2820,0.2397,15,120,2025-11-02,101.07,next_open,6.0000,1,1.6045,1.07,0,train,1.190,5.184375,2.0000,100.00,inplay_retest_v4,/Users/nikolay.bulgakov/Documents/Work/bot-new/bybit-bot-clean-v28/backtest_runs/portfolio_20260702_075626_irv4_wide_gate_20260702_f01_train_c015_20260702_044439/summary.csv,ADAUSDT;DOGEUSDT;SUIUSDT;DOTUSDT;LTCUSDT;LINKUSDT;SOLUSDT,irv4_wide_gate_20260702_f01_train_c015_20260702_044439,48,0.583
0.6,4,0.35,2.5,-0.2820,0.2397,16,120,2025-11-02,101.07,next_open,6.0000,1,1.6045,1.07,0,train,1.190,5.184375,2.0000,100.00,inplay_retest_v4,/Users/nikolay.bulgakov/Documents/Work/bot-new/bybit-bot-clean-v28/backtest_runs/portfolio_20260702_075716_irv4_wide_gate_20260702_f01_train_c016_20260702_044439/summary.csv,ADAUSDT;DOGEUSDT;SUIUSDT;DOTUSDT;LTCUSDT;LINKUSDT;SOLUSDT,irv4_wide_gate_20260702_f01_train_c016_20260702_044439,48,0.583
0.4,2,0.45,2.5,-0.2586,0.2435,17,120,2025-11-02,101.80,next_open,6.0000,1,1.1445,1.80,0,train,1.695,8.479375,2.0000,100.00,inplay_retest_v4,/Users/nikolay.bulgakov/Documents/Work/bot-new/bybit-bot-clean-v28/backtest_runs/portfolio_20260702_075806_irv4_wide_gate_20260702_f01_train_c017_20260702_044439/summary.csv,ADAUSDT;DOGEUSDT;SUIUSDT;DOTUSDT;LTCUSDT;LINKUSDT;SOLUSDT,irv4_wide_gate_20260702_f01_train_c017_20260702_044439,28,0.643
0.6,2,0.45,2.5,-0.2586,0.2435,18,120,2025-11-02,101.80,next_open,6.0000,1,1.1445,1.80,0,train,1.695,8.479375,2.0000,100.00,inplay_retest_v4,/Users/nikolay.bulgakov/Documents/Work/bot-new/bybit-bot-clean-v28/backtest_runs/portfolio_20260702_075855_irv4_wide_gate_20260702_f01_train_c018_20260702_044439/summary.csv,ADAUSDT;DOGEUSDT;SUIUSDT;DOTUSDT;LTCUSDT;LINKUSDT;SOLUSDT,irv4_wide_gate_20260702_f01_train_c018_20260702_044439,28,0.643
0.4,4,0.45,2.5,-0.2649,0.2321,19,120,2025-11-02,101.23,next_open,6.0000,1,1.1472,1.23,0,train,1.388,6.272000,2.0000,100.00,inplay_retest_v4,/Users/nikolay.bulgakov/Documents/Work/bot-new/bybit-bot-clean-v28/backtest_runs/portfolio_20260702_075944_irv4_wide_gate_20260702_f01_train_c019_20260702_044439/summary.csv,ADAUSDT;DOGEUSDT;SUIUSDT;DOTUSDT;LTCUSDT;LINKUSDT;SOLUSDT,irv4_wide_gate_20260702_f01_train_c019_20260702_044439,31,0.613
0.6,4,0.45,2.5,-0.2649,0.2321,20,120,2025-11-02,101.23,next_open,6.0000,1,1.1472,1.23,0,train,1.388,6.272000,2.0000,100.00,inplay_retest_v4,/Users/nikolay.bulgakov/Documents/Work/bot-new/bybit-bot-clean-v28/backtest_runs/portfolio_20260702_080033_irv4_wide_gate_20260702_f01_train_c020_20260702_044439/summary.csv,ADAUSDT;DOGEUSDT;SUIUSDT;DOTUSDT;LTCUSDT;LINKUSDT;SOLUSDT,irv4_wide_gate_20260702_f01_train_c020_20260702_044439,31,0.613
0.4,2,0.55,2.5,-0.2769,0.1978,21,120,2025-11-02,100.08,next_open,6.0000,1,0.8343,0.08,0,train,1.072,1.741125,2.0000,100.00,inplay_retest_v4,/Users/nikolay.bulgakov/Documents/Work/bot-new/bybit-bot-clean-v28/backtest_runs/portfolio_20260702_080124_irv4_wide_gate_20260702_f01_train_c021_20260702_044439/summary.csv,ADAUSDT;DOGEUSDT;SUIUSDT;DOTUSDT;LTCUSDT;LINKUSDT;SOLUSDT,irv4_wide_gate_20260702_f01_train_c021_20260702_044439,10,0.600
0.6,2,0.55,2.5,-0.2769,0.1978,22,120,2025-11-02,100.08,next_open,6.0000,1,0.8343,0.08,0,train,1.072,1.741125,2.0000,100.00,inplay_retest_v4,/Users/nikolay.bulgakov/Documents/Work/bot-new/bybit-bot-clean-v28/backtest_runs/portfolio_20260702_080215_irv4_wide_gate_20260702_f01_train_c022_20260702_044439/summary.csv,ADAUSDT;DOGEUSDT;SUIUSDT;DOTUSDT;LTCUSDT;LINKUSDT;SOLUSDT,irv4_wide_gate_20260702_f01_train_c022_20260702_044439,10,0.600
0.4,4,0.55,2.5,-0.2882,0.1735,23,120,2025-11-02,99.77,next_open,6.0000,1,0.8340,-0.23,0,train,0.843,-1000000000.000000,2.0000,100.00,inplay_retest_v4,/Users/nikolay.bulgakov/Documents/Work/bot-new/bybit-bot-clean-v28/backtest_runs/portfolio_20260702_080306_irv4_wide_gate_20260702_f01_train_c023_20260702_044439/summary.csv,ADAUSDT;DOGEUSDT;SUIUSDT;DOTUSDT;LTCUSDT;LINKUSDT;SOLUSDT,irv4_wide_gate_20260702_f01_train_c023_20260702_044439,12,0.583
0.6,4,0.55,2.5,-0.2882,0.1735,24,120,2025-11-02,99.77,next_open,6.0000,1,0.8340,-0.23,0,train,0.843,-1000000000.000000,2.0000,100.00,inplay_retest_v4,/Users/nikolay.bulgakov/Documents/Work/bot-new/bybit-bot-clean-v28/backtest_runs/portfolio_20260702_080357_irv4_wide_gate_20260702_f01_train_c024_20260702_044439/summary.csv,ADAUSDT;DOGEUSDT;SUIUSDT;DOTUSDT;LTCUSDT;LINKUSDT;SOLUSDT,irv4_wide_gate_20260702_f01_train_c024_20260702_044439,12,0.583
0.4,2,0.35,3.0,-0.2717,0.2434,25,120,2025-11-02,102.80,next_open,6.0000,1,1.4317,2.80,0,train,1.792,11.754375,2.0000,100.00,inplay_retest_v4,/Users/nikolay.bulgakov/Documents/Work/bot-new/bybit-bot-clean-v28/backtest_runs/portfolio_20260702_080449_irv4_wide_gate_20260702_f01_train_c025_20260702_044439/summary.csv,ADAUSDT;DOGEUSDT;SUIUSDT;DOTUSDT;LTCUSDT;LINKUSDT;SOLUSDT,irv4_wide_gate_20260702_f01_train_c025_20260702_044439,39,0.667
0.6,2,0.35,3.0,-0.2717,0.2434,26,120,2025-11-02,102.80,next_open,6.0000,1,1.4317,2.80,0,train,1.792,11.754375,2.0000,100.00,inplay_retest_v4,/Users/nikolay.bulgakov/Documents/Work/bot-new/bybit-bot-clean-v28/backtest_runs/portfolio_20260702_080540_irv4_wide_gate_20260702_f01_train_c026_20260702_044439/summary.csv,ADAUSDT;DOGEUSDT;SUIUSDT;DOTUSDT;LTCUSDT;LINKUSDT;SOLUSDT,irv4_wide_gate_20260702_f01_train_c026_20260702_044439,39,0.667
0.4,4,0.35,3.0,-0.2820,0.2270,27,120,2025-11-02,100.72,next_open,6.0000,1,2.0833,0.72,0,train,1.127,3.409875,2.0000,100.00,inplay_retest_v4,/Users/nikolay.bulgakov/Documents/Work/bot-new/bybit-bot-clean-v28/backtest_runs/portfolio_20260702_080631_irv4_wide_gate_20260702_f01_train_c027_20260702_044439/summary.csv,ADAUSDT;DOGEUSDT;SUIUSDT;DOTUSDT;LTCUSDT;LINKUSDT;SOLUSDT,irv4_wide_gate_20260702_f01_train_c027_20260702_044439,48,0.583
0.6,4,0.35,3.0,-0.2820,0.2270,28,120,2025-11-02,100.72,next_open,6.0000,1,2.0833,0.72,0,train,1.127,3.409875,2.0000,100.00,inplay_retest_v4,/Users/nikolay.bulgakov/Documents/Work/bot-new/bybit-bot-clean-v28/backtest_runs/portfolio_20260702_080722_irv4_wide_gate_20260702_f01_train_c028_20260702_044439/summary.csv,ADAUSDT;DOGEUSDT;SUIUSDT;DOTUSDT;LTCUSDT;LINKUSDT;SOLUSDT,irv4_wide_gate_20260702_f01_train_c028_20260702_044439,48,0.583
0.4,2,0.45,3.0,-0.2586,0.2481,29,120,2025-11-02,101.88,next_open,6.0000,1,1.1450,1.88,0,train,1.727,8.782750,2.0000,100.00,inplay_retest_v4,/Users/nikolay.bulgakov/Documents/Work/bot-new/bybit-bot-clean-v28/backtest_runs/portfolio_20260702_080810_irv4_wide_gate_20260702_f01_train_c029_20260702_044439/summary.csv,ADAUSDT;DOGEUSDT;SUIUSDT;DOTUSDT;LTCUSDT;LINKUSDT;SOLUSDT,irv4_wide_gate_20260702_f01_train_c029_20260702_044439,28,0.643
0.6,2,0.45,3.0,-0.2586,0.2481,30,120,2025-11-02,101.88,next_open,6.0000,1,1.1450,1.88,0,train,1.727,8.782750,2.0000,100.00,inplay_retest_v4,/Users/nikolay.bulgakov/Documents/Work/bot-new/bybit-bot-clean-v28/backtest_runs/portfolio_20260702_080859_irv4_wide_gate_20260702_f01_train_c030_20260702_044439/summary.csv,ADAUSDT;DOGEUSDT;SUIUSDT;DOTUSDT;LTCUSDT;LINKUSDT;SOLUSDT,irv4_wide_gate_20260702_f01_train_c030_20260702_044439,28,0.643
0.4,4,0.45,3.0,-0.2649,0.2365,31,120,2025-11-02,101.32,next_open,6.0000,1,1.1476,1.32,0,train,1.414,6.593500,2.0000,100.00,inplay_retest_v4,/Users/nikolay.bulgakov/Documents/Work/bot-new/bybit-bot-clean-v28/backtest_runs/portfolio_20260702_080947_irv4_wide_gate_20260702_f01_train_c031_20260702_044439/summary.csv,ADAUSDT;DOGEUSDT;SUIUSDT;DOTUSDT;LTCUSDT;LINKUSDT;SOLUSDT,irv4_wide_gate_20260702_f01_train_c031_20260702_044439,31,0.613
0.6,4,0.45,3.0,-0.2649,0.2365,32,120,2025-11-02,101.32,next_open,6.0000,1,1.1476,1.32,0,train,1.414,6.593500,2.0000,100.00,inplay_retest_v4,/Users/nikolay.bulgakov/Documents/Work/bot-new/bybit-bot-clean-v28/backtest_runs/portfolio_20260702_081036_irv4_wide_gate_20260702_f01_train_c032_20260702_044439/summary.csv,ADAUSDT;DOGEUSDT;SUIUSDT;DOTUSDT;LTCUSDT;LINKUSDT;SOLUSDT,irv4_wide_gate_20260702_f01_train_c032_20260702_044439,31,0.613
0.4,2,0.55,3.0,-0.2769,0.1902,33,120,2025-11-02,100.03,next_open,6.0000,1,0.8343,0.03,0,train,1.030,-1000000000.000000,2.0000,100.00,inplay_retest_v4,/Users/nikolay.bulgakov/Documents/Work/bot-new/bybit-bot-clean-v28/backtest_runs/portfolio_20260702_081124_irv4_wide_gate_20260702_f01_train_c033_20260702_044439/summary.csv,ADAUSDT;DOGEUSDT;SUIUSDT;DOTUSDT;LTCUSDT;LINKUSDT;SOLUSDT,irv4_wide_gate_20260702_f01_train_c033_20260702_044439,10,0.600
0.6,2,0.55,3.0,-0.2769,0.1902,34,120,2025-11-02,100.03,next_open,6.0000,1,0.8343,0.03,0,train,1.030,-1000000000.000000,2.0000,100.00,inplay_retest_v4,/Users/nikolay.bulgakov/Documents/Work/bot-new/bybit-bot-clean-v28/backtest_runs/portfolio_20260702_081213_irv4_wide_gate_20260702_f01_train_c034_20260702_044439/summary.csv,ADAUSDT;DOGEUSDT;SUIUSDT;DOTUSDT;LTCUSDT;LINKUSDT;SOLUSDT,irv4_wide_gate_20260702_f01_train_c034_20260702_044439,10,0.600
0.4,4,0.55,3.0,-0.2882,0.1669,35,120,2025-11-02,99.73,next_open,6.0000,1,0.8340,-0.27,0,train,0.811,-1000000000.000000,2.0000,100.00,inplay_retest_v4,/Users/nikolay.bulgakov/Documents/Work/bot-new/bybit-bot-clean-v28/backtest_runs/portfolio_20260702_081302_irv4_wide_gate_20260702_f01_train_c035_20260702_044439/summary.csv,ADAUSDT;DOGEUSDT;SUIUSDT;DOTUSDT;LTCUSDT;LINKUSDT;SOLUSDT,irv4_wide_gate_20260702_f01_train_c035_20260702_044439,12,0.583
0.6,4,0.55,3.0,-0.2882,0.1669,36,120,2025-11-02,99.73,next_open,6.0000,1,0.8340,-0.27,0,train,0.811,-1000000000.000000,2.0000,100.00,inplay_retest_v4,/Users/nikolay.bulgakov/Documents/Work/bot-new/bybit-bot-clean-v28/backtest_runs/portfolio_20260702_081351_irv4_wide_gate_20260702_f01_train_c036_20260702_044439/summary.csv,ADAUSDT;DOGEUSDT;SUIUSDT;DOTUSDT;LTCUSDT;LINKUSDT;SOLUSDT,irv4_wide_gate_20260702_f01_train_c036_20260702_044439,12,0.583
0.4,2,0.35,2.0,-0.3093,0.2474,,60,2026-01-01,100.06,next_open,6.0000,1,1.4725,0.06,0,oos,1.029,,2.0000,100.00,inplay_retest_v4,/Users/nikolay.bulgakov/Documents/Work/bot-new/bybit-bot-clean-v28/backtest_runs/portfolio_20260702_081439_irv4_wide_gate_20260702_f01_oos_20260702_044439/summary.csv,ADAUSDT;DOGEUSDT;SUIUSDT;DOTUSDT;LTCUSDT;LINKUSDT;SOLUSDT,irv4_wide_gate_20260702_f01_oos_20260702_044439,16,0.562
0.4,2,0.35,2.0,-0.2958,0.2658,1,120,2026-01-01,100.73,next_open,6.0000,2,1.5848,0.73,0,train,1.226,3.701000,2.0000,100.00,inplay_retest_v4,/Users/nikolay.bulgakov/Documents/Work/bot-new/bybit-bot-clean-v28/backtest_runs/portfolio_20260702_081505_irv4_wide_gate_20260702_f02_train_c001_20260702_044439/summary.csv,ADAUSDT;DOGEUSDT;SUIUSDT;DOTUSDT;LTCUSDT;LINKUSDT;SOLUSDT,irv4_wide_gate_20260702_f02_train_c001_20260702_044439,26,0.577
0.6,2,0.35,2.0,-0.2958,0.2658,2,120,2026-01-01,100.73,next_open,6.0000,2,1.5848,0.73,0,train,1.226,3.701000,2.0000,100.00,inplay_retest_v4,/Users/nikolay.bulgakov/Documents/Work/bot-new/bybit-bot-clean-v28/backtest_runs/portfolio_20260702_081554_irv4_wide_gate_20260702_f02_train_c002_20260702_044439/summary.csv,ADAUSDT;DOGEUSDT;SUIUSDT;DOTUSDT;LTCUSDT;LINKUSDT;SOLUSDT,irv4_wide_gate_20260702_f02_train_c002_20260702_044439,26,0.577
0.4,4,0.35,2.0,-0.2975,0.2571,3,120,2026-01-01,100.25,next_open,6.0000,2,1.4698,0.25,0,train,1.064,2.200750,2.0000,100.00,inplay_retest_v4,/Users/nikolay.bulgakov/Documents/Work/bot-new/bybit-bot-clean-v28/backtest_runs/portfolio_20260702_081642_irv4_wide_gate_20260702_f02_train_c003_20260702_044439/summary.csv,ADAUSDT;DOGEUSDT;SUIUSDT;DOTUSDT;LTCUSDT;LINKUSDT;SOLUSDT,irv4_wide_gate_20260702_f02_train_c003_20260702_044439,29,0.552
0.6,4,0.35,2.0,-0.2975,0.2571,4,120,2026-01-01,100.25,next_open,6.0000,2,1.4698,0.25,0,train,1.064,2.200750,2.0000,100.00,inplay_retest_v4,/Users/nikolay.bulgakov/Documents/Work/bot-new/bybit-bot-clean-v28/backtest_runs/portfolio_20260702_081731_irv4_wide_gate_20260702_f02_train_c004_20260702_044439/summary.csv,ADAUSDT;DOGEUSDT;SUIUSDT;DOTUSDT;LTCUSDT;LINKUSDT;SOLUSDT,irv4_wide_gate_20260702_f02_train_c004_20260702_044439,29,0.552
0.4,2,0.45,2.0,-0.2851,0.2634,5,120,2026-01-01,100.33,next_open,6.0000,2,1.4386,0.33,0,train,1.129,2.249750,2.0000,100.00,inplay_retest_v4,/Users/nikolay.bulgakov/Documents/Work/bot-new/bybit-bot-clean-v28/backtest_runs/portfolio_20260702_081820_irv4_wide_gate_20260702_f02_train_c005_20260702_044439/summary.csv,ADAUSDT;DOGEUSDT;SUIUSDT;DOTUSDT;LTCUSDT;LINKUSDT;SOLUSDT,irv4_wide_gate_20260702_f02_train_c005_20260702_044439,20,0.550
0.6,2,0.45,2.0,-0.2851,0.2634,6,120,2026-01-01,100.33,next_open,6.0000,2,1.4386,0.33,0,train,1.129,2.249750,2.0000,100.00,inplay_retest_v4,/Users/nikolay.bulgakov/Documents/Work/bot-new/bybit-bot-clean-v28/backtest_runs/portfolio_20260702_081908_irv4_wide_gate_20260702_f02_train_c006_20260702_044439/summary.csv,ADAUSDT;DOGEUSDT;SUIUSDT;DOTUSDT;LTCUSDT;LINKUSDT;SOLUSDT,irv4_wide_gate_20260702_f02_train_c006_20260702_044439,20,0.550
0.4,4,0.45,2.0,-0.2899,0.2634,7,120,2026-01-01,100.00,next_open,6.0000,2,1.4433,-0.00,0,train,0.999,-1000000000.000000,2.0000,100.00,inplay_retest_v4,/Users/nikolay.bulgakov/Documents/Work/bot-new/bybit-bot-clean-v28/backtest_runs/portfolio_20260702_081957_irv4_wide_gate_20260702_f02_train_c007_20260702_044439/summary.csv,ADAUSDT;DOGEUSDT;SUIUSDT;DOTUSDT;LTCUSDT;LINKUSDT;SOLUSDT,irv4_wide_gate_20260702_f02_train_c007_20260702_044439,21,0.524
0.6,4,0.45,2.0,-0.2899,0.2634,8,120,2026-01-01,100.00,next_open,6.0000,2,1.4433,-0.00,0,train,0.999,-1000000000.000000,2.0000,100.00,inplay_retest_v4,/Users/nikolay.bulgakov/Documents/Work/bot-new/bybit-bot-clean-v28/backtest_runs/portfolio_20260702_082046_irv4_wide_gate_20260702_f02_train_c008_20260702_044439/summary.csv,ADAUSDT;DOGEUSDT;SUIUSDT;DOTUSDT;LTCUSDT;LINKUSDT;SOLUSDT,irv4_wide_gate_20260702_f02_train_c008_20260702_044439,21,0.524
0.4,2,0.55,2.0,-0.2920,0.0022,9,120,2026-01-01,98.84,next_open,6.0000,2,1.1860,-1.16,0,train,0.004,-1000000000.000000,2.0000,100.00,inplay_retest_v4,/Users/nikolay.bulgakov/Documents/Work/bot-new/bybit-bot-clean-v28/backtest_runs/portfolio_20260702_082134_irv4_wide_gate_20260702_f02_train_c009_20260702_044439/summary.csv,ADAUSDT;DOGEUSDT;SUIUSDT;DOTUSDT;LTCUSDT;LINKUSDT;SOLUSDT,irv4_wide_gate_20260702_f02_train_c009_20260702_044439,6,0.333
0.6,2,0.55,2.0,-0.2920,0.0022,10,120,2026-01-01,98.84,next_open,6.0000,2,1.1860,-1.16,0,train,0.004,-1000000000.000000,2.0000,100.00,inplay_retest_v4,/Users/nikolay.bulgakov/Documents/Work/bot-new/bybit-bot-clean-v28/backtest_runs/portfolio_20260702_082223_irv4_wide_gate_20260702_f02_train_c010_20260702_044439/summary.csv,ADAUSDT;DOGEUSDT;SUIUSDT;DOTUSDT;LTCUSDT;LINKUSDT;SOLUSDT,irv4_wide_gate_20260702_f02_train_c010_20260702_044439,6,0.333
0.4,4,0.55,2.0,-0.3003,0.0022,11,120,2026-01-01,98.50,next_open,6.0000,2,1.5192,-1.50,0,train,0.003,-1000000000.000000,2.0000,100.00,inplay_retest_v4,/Users/nikolay.bulgakov/Documents/Work/bot-new/bybit-bot-clean-v28/backtest_runs/portfolio_20260702_082312_irv4_wide_gate_20260702_f02_train_c011_20260702_044439/summary.csv,ADAUSDT;DOGEUSDT;SUIUSDT;DOTUSDT;LTCUSDT;LINKUSDT;SOLUSDT,irv4_wide_gate_20260702_f02_train_c011_20260702_044439,7,0.286
0.6,4,0.55,2.0,-0.3003,0.0022,12,120,2026-01-01,98.50,next_open,6.0000,2,1.5192,-1.50,0,train,0.003,-1000000000.000000,2.0000,100.00,inplay_retest_v4,/Users/nikolay.bulgakov/Documents/Work/bot-new/bybit-bot-clean-v28/backtest_runs/portfolio_20260702_082401_irv4_wide_gate_20260702_f02_train_c012_20260702_044439/summary.csv,ADAUSDT;DOGEUSDT;SUIUSDT;DOTUSDT;LTCUSDT;LINKUSDT;SOLUSDT,irv4_wide_gate_20260702_f02_train_c012_20260702_044439,7,0.286
0.4,2,0.35,2.5,-0.2958,0.2676,13,120,2026-01-01,100.76,next_open,6.0000,2,1.5844,0.76,0,train,1.234,3.807500,2.0000,100.00,inplay_retest_v4,/Users/nikolay.bulgakov/Documents/Work/bot-new/bybit-bot-clean-v28/backtest_runs/portfolio_20260702_082450_irv4_wide_gate_20260702_f02_train_c013_20260702_044439/summary.csv,ADAUSDT;DOGEUSDT;SUIUSDT;DOTUSDT;LTCUSDT;LINKUSDT;SOLUSDT,irv4_wide_gate_20260702_f02_train_c013_20260702_044439,26,0.577
0.6,2,0.35,2.5,-0.2958,0.2676,14,120,2026-01-01,100.76,next_open,6.0000,2,1.5844,0.76,0,train,1.234,3.807500,2.0000,100.00,inplay_retest_v4,/Users/nikolay.bulgakov/Documents/Work/bot-new/bybit-bot-clean-v28/backtest_runs/portfolio_20260702_082538_irv4_wide_gate_20260702_f02_train_c014_20260702_044439/summary.csv,ADAUSDT;DOGEUSDT;SUIUSDT;DOTUSDT;LTCUSDT;LINKUSDT;SOLUSDT,irv4_wide_gate_20260702_f02_train_c014_20260702_044439,26,0.577
0.4,4,0.35,2.5,-0.2975,0.2588,15,120,2026-01-01,100.27,next_open,6.0000,2,1.4694,0.27,0,train,1.071,2.275250,2.0000,100.00,inplay_retest_v4,/Users/nikolay.bulgakov/Documents/Work/bot-new/bybit-bot-clean-v28/backtest_runs/portfolio_20260702_082627_irv4_wide_gate_20260702_f02_train_c015_20260702_044439/summary.csv,ADAUSDT;DOGEUSDT;SUIUSDT;DOTUSDT;LTCUSDT;LINKUSDT;SOLUSDT,irv4_wide_gate_20260702_f02_train_c015_20260702_044439,29,0.552
0.6,4,0.35,2.5,-0.2975,0.2588,16,120,2026-01-01,100.27,next_open,6.0000,2,1.4694,0.27,0,train,1.071,2.275250,2.0000,100.00,inplay_retest_v4,/Users/nikolay.bulgakov/Documents/Work/bot-new/bybit-bot-clean-v28/backtest_runs/portfolio_20260702_082719_irv4_wide_gate_20260702_f02_train_c016_20260702_044439/summary.csv,ADAUSDT;DOGEUSDT;SUIUSDT;DOTUSDT;LTCUSDT;LINKUSDT;SOLUSDT,irv4_wide_gate_20260702_f02_train_c016_20260702_044439,29,0.552
0.4,2,0.45,2.5,-0.2851,0.2714,17,120,2026-01-01,100.42,next_open,6.0000,2,1.4373,0.42,0,train,1.163,2.589375,2.0000,100.00,inplay_retest_v4,/Users/nikolay.bulgakov/Documents/Work/bot-new/bybit-bot-clean-v28/backtest_runs/portfolio_20260702_082809_irv4_wide_gate_20260702_f02_train_c017_20260702_044439/summary.csv,ADAUSDT;DOGEUSDT;SUIUSDT;DOTUSDT;LTCUSDT;LINKUSDT;SOLUSDT,irv4_wide_gate_20260702_f02_train_c017_20260702_044439,20,0.550
0.6,2,0.45,2.5,-0.2851,0.2714,18,120,2026-01-01,100.42,next_open,6.0000,2,1.4373,0.42,0,train,1.163,2.589375,2.0000,100.00,inplay_retest_v4,/Users/nikolay.bulgakov/Documents/Work/bot-new/bybit-bot-clean-v28/backtest_runs/portfolio_20260702_082858_irv4_wide_gate_20260702_f02_train_c018_20260702_044439/summary.csv,ADAUSDT;DOGEUSDT;SUIUSDT;DOTUSDT;LTCUSDT;LINKUSDT;SOLUSDT,irv4_wide_gate_20260702_f02_train_c018_20260702_044439,20,0.550
0.4,4,0.45,2.5,-0.2899,0.2714,19,120,2026-01-01,100.09,next_open,6.0000,2,1.4420,0.09,0,train,1.030,-1000000000.000000,2.0000,100.00,inplay_retest_v4,/Users/nikolay.bulgakov/Documents/Work/bot-new/bybit-bot-clean-v28/backtest_runs/portfolio_20260702_082947_irv4_wide_gate_20260702_f02_train_c019_20260702_044439/summary.csv,ADAUSDT;DOGEUSDT;SUIUSDT;DOTUSDT;LTCUSDT;LINKUSDT;SOLUSDT,irv4_wide_gate_20260702_f02_train_c019_20260702_044439,21,0.524
0.6,4,0.45,2.5,-0.2899,0.2714,20,120,2026-01-01,100.09,next_open,6.0000,2,1.4420,0.09,0,train,1.030,-1000000000.000000,2.0000,100.00,inplay_retest_v4,/Users/nikolay.bulgakov/Documents/Work/bot-new/bybit-bot-clean-v28/backtest_runs/portfolio_20260702_083035_irv4_wide_gate_20260702_f02_train_c020_20260702_044439/summary.csv,ADAUSDT;DOGEUSDT;SUIUSDT;DOTUSDT;LTCUSDT;LINKUSDT;SOLUSDT,irv4_wide_gate_20260702_f02_train_c020_20260702_044439,21,0.524
0.4,2,0.55,2.5,-0.2920,0.0022,21,120,2026-01-01,98.84,next_open,6.0000,2,1.1860,-1.16,0,train,0.004,-1000000000.000000,2.0000,100.00,inplay_retest_v4,/Users/nikolay.bulgakov/Documents/Work/bot-new/bybit-bot-clean-v28/backtest_runs/portfolio_20260702_083125_irv4_wide_gate_20260702_f02_train_c021_20260702_044439/summary.csv,ADAUSDT;DOGEUSDT;SUIUSDT;DOTUSDT;LTCUSDT;LINKUSDT;SOLUSDT,irv4_wide_gate_20260702_f02_train_c021_20260702_044439,6,0.333
0.6,2,0.55,2.5,-0.2920,0.0022,22,120,2026-01-01,98.84,next_open,6.0000,2,1.1860,-1.16,0,train,0.004,-1000000000.000000,2.0000,100.00,inplay_retest_v4,/Users/nikolay.bulgakov/Documents/Work/bot-new/bybit-bot-clean-v28/backtest_runs/portfolio_20260702_083214_irv4_wide_gate_20260702_f02_train_c022_20260702_044439/summary.csv,ADAUSDT;DOGEUSDT;SUIUSDT;DOTUSDT;LTCUSDT;LINKUSDT;SOLUSDT,irv4_wide_gate_20260702_f02_train_c022_20260702_044439,6,0.333
0.4,4,0.55,2.5,-0.3003,0.0022,23,120,2026-01-01,98.50,next_open,6.0000,2,1.5192,-1.50,0,train,0.003,-1000000000.000000,2.0000,100.00,inplay_retest_v4,/Users/nikolay.bulgakov/Documents/Work/bot-new/bybit-bot-clean-v28/backtest_runs/portfolio_20260702_083304_irv4_wide_gate_20260702_f02_train_c023_20260702_044439/summary.csv,ADAUSDT;DOGEUSDT;SUIUSDT;DOTUSDT;LTCUSDT;LINKUSDT;SOLUSDT,irv4_wide_gate_20260702_f02_train_c023_20260702_044439,7,0.286
0.6,4,0.55,2.5,-0.3003,0.0022,24,120,2026-01-01,98.50,next_open,6.0000,2,1.5192,-1.50,0,train,0.003,-1000000000.000000,2.0000,100.00,inplay_retest_v4,/Users/nikolay.bulgakov/Documents/Work/bot-new/bybit-bot-clean-v28/backtest_runs/portfolio_20260702_083352_irv4_wide_gate_20260702_f02_train_c024_20260702_044439/summary.csv,ADAUSDT;DOGEUSDT;SUIUSDT;DOTUSDT;LTCUSDT;LINKUSDT;SOLUSDT,irv4_wide_gate_20260702_f02_train_c024_20260702_044439,7,0.286
0.4,2,0.35,3.0,-0.2958,0.2605,25,120,2026-01-01,100.39,next_open,6.0000,2,1.5901,0.39,0,train,1.121,2.424375,2.0000,100.00,inplay_retest_v4,/Users/nikolay.bulgakov/Documents/Work/bot-new/bybit-bot-clean-v28/backtest_runs/portfolio_20260702_083441_irv4_wide_gate_20260702_f02_train_c025_20260702_044439/summary.csv,ADAUSDT;DOGEUSDT;SUIUSDT;DOTUSDT;LTCUSDT;LINKUSDT;SOLUSDT,irv4_wide_gate_20260702_f02_train_c025_20260702_044439,25,0.560
0.6,2,0.35,3.0,-0.2958,0.2605,26,120,2026-01-01,100.39,next_open,6.0000,2,1.5901,0.39,0,train,1.121,2.424375,2.0000,100.00,inplay_retest_v4,/Users/nikolay.bulgakov/Documents/Work/bot-new/bybit-bot-clean-v28/backtest_runs/portfolio_20260702_083530_irv4_wide_gate_20260702_f02_train_c026_20260702_044439/summary.csv,ADAUSDT;DOGEUSDT;SUIUSDT;DOTUSDT;LTCUSDT;LINKUSDT;SOLUSDT,irv4_wide_gate_20260702_f02_train_c026_20260702_044439,25,0.560
0.4,4,0.35,3.0,-0.2975,0.2837,27,120,2026-01-01,100.39,next_open,6.0000,2,1.5902,0.39,0,train,1.100,2.502250,2.0000,100.00,inplay_retest_v4,/Users/nikolay.bulgakov/Documents/Work/bot-new/bybit-bot-clean-v28/backtest_runs/portfolio_20260702_083618_irv4_wide_gate_20260702_f02_train_c027_20260702_044439/summary.csv,ADAUSDT;DOGEUSDT;SUIUSDT;DOTUSDT;LTCUSDT;LINKUSDT;SOLUSDT,irv4_wide_gate_20260702_f02_train_c027_20260702_044439,28,0.536
0.6,4,0.35,3.0,-0.2975,0.2837,28,120,2026-01-01,100.39,next_open,6.0000,2,1.5902,0.39,0,train,1.100,2.502250,2.0000,100.00,inplay_retest_v4,/Users/nikolay.bulgakov/Documents/Work/bot-new/bybit-bot-clean-v28/backtest_runs/portfolio_20260702_083707_irv4_wide_gate_20260702_f02_train_c028_20260702_044439/summary.csv,ADAUSDT;DOGEUSDT;SUIUSDT;DOTUSDT;LTCUSDT;LINKUSDT;SOLUSDT,irv4_wide_gate_20260702_f02_train_c028_20260702_044439,28,0.536
0.4,2,0.45,3.0,-0.2851,0.2618,29,120,2026-01-01,100.05,next_open,6.0000,2,1.4425,0.05,0,train,1.020,-1000000000.000000,2.0000,100.00,inplay_retest_v4,/Users/nikolay.bulgakov/Documents/Work/bot-new/bybit-bot-clean-v28/backtest_runs/portfolio_20260702_083756_irv4_wide_gate_20260702_f02_train_c029_20260702_044439/summary.csv,ADAUSDT;DOGEUSDT;SUIUSDT;DOTUSDT;LTCUSDT;LINKUSDT;SOLUSDT,irv4_wide_gate_20260702_f02_train_c029_20260702_044439,19,0.526
0.6,2,0.45,3.0,-0.2851,0.2618,30,120,2026-01-01,100.05,next_open,6.0000,2,1.4425,0.05,0,train,1.020,-1000000000.000000,2.0000,100.00,inplay_retest_v4,/Users/nikolay.bulgakov/Documents/Work/bot-new/bybit-bot-clean-v28/backtest_runs/portfolio_20260702_083844_irv4_wide_gate_20260702_f02_train_c030_20260702_044439/summary.csv,ADAUSDT;DOGEUSDT;SUIUSDT;DOTUSDT;LTCUSDT;LINKUSDT;SOLUSDT,irv4_wide_gate_20260702_f02_train_c030_20260702_044439,19,0.526
0.4,4,0.45,3.0,-0.2899,0.2933,31,120,2026-01-01,100.33,next_open,6.0000,2,1.4386,0.33,0,train,1.113,2.257750,2.0000,100.00,inplay_retest_v4,/Users/nikolay.bulgakov/Documents/Work/bot-new/bybit-bot-clean-v28/backtest_runs/portfolio_20260702_083933_irv4_wide_gate_20260702_f02_train_c031_20260702_044439/summary.csv,ADAUSDT;DOGEUSDT;SUIUSDT;DOTUSDT;LTCUSDT;LINKUSDT;SOLUSDT,irv4_wide_gate_20260702_f02_train_c031_20260702_044439,21,0.524
0.6,4,0.45,3.0,-0.2899,0.2933,32,120,2026-01-01,100.33,next_open,6.0000,2,1.4386,0.33,0,train,1.113,2.257750,2.0000,100.00,inplay_retest_v4,/Users/nikolay.bulgakov/Documents/Work/bot-new/bybit-bot-clean-v28/backtest_runs/portfolio_20260702_084021_irv4_wide_gate_20260702_f02_train_c032_20260702_044439/summary.csv,ADAUSDT;DOGEUSDT;SUIUSDT;DOTUSDT;LTCUSDT;LINKUSDT;SOLUSDT,irv4_wide_gate_20260702_f02_train_c032_20260702_044439,21,0.524
0.4,2,0.55,3.0,-0.2920,0.0022,33,120,2026-01-01,98.84,next_open,6.0000,2,1.1860,-1.16,0,train,0.004,-1000000000.000000,2.0000,100.00,inplay_retest_v4,/Users/nikolay.bulgakov/Documents/Work/bot-new/bybit-bot-clean-v28/backtest_runs/portfolio_20260702_084110_irv4_wide_gate_20260702_f02_train_c033_20260702_044439/summary.csv,ADAUSDT;DOGEUSDT;SUIUSDT;DOTUSDT;LTCUSDT;LINKUSDT;SOLUSDT,irv4_wide_gate_20260702_f02_train_c033_20260702_044439,6,0.333
0.6,2,0.55,3.0,-0.2920,0.0022,34,120,2026-01-01,98.84,next_open,6.0000,2,1.1860,-1.16,0,train,0.004,-1000000000.000000,2.0000,100.00,inplay_retest_v4,/Users/nikolay.bulgakov/Documents/Work/bot-new/bybit-bot-clean-v28/backtest_runs/portfolio_20260702_084159_irv4_wide_gate_20260702_f02_train_c034_20260702_044439/summary.csv,ADAUSDT;DOGEUSDT;SUIUSDT;DOTUSDT;LTCUSDT;LINKUSDT;SOLUSDT,irv4_wide_gate_20260702_f02_train_c034_20260702_044439,6,0.333
0.4,4,0.55,3.0,-0.3003,0.0022,35,120,2026-01-01,98.50,next_open,6.0000,2,1.5192,-1.50,0,train,0.003,-1000000000.000000,2.0000,100.00,inplay_retest_v4,/Users/nikolay.bulgakov/Documents/Work/bot-new/bybit-bot-clean-v28/backtest_runs/portfolio_20260702_084249_irv4_wide_gate_20260702_f02_train_c035_20260702_044439/summary.csv,ADAUSDT;DOGEUSDT;SUIUSDT;DOTUSDT;LTCUSDT;LINKUSDT;SOLUSDT,irv4_wide_gate_20260702_f02_train_c035_20260702_044439,7,0.286
0.6,4,0.55,3.0,-0.3003,0.0022,36,120,2026-01-01,98.50,next_open,6.0000,2,1.5192,-1.50,0,train,0.003,-1000000000.000000,2.0000,100.00,inplay_retest_v4,/Users/nikolay.bulgakov/Documents/Work/bot-new/bybit-bot-clean-v28/backtest_runs/portfolio_20260702_084339_irv4_wide_gate_20260702_f02_train_c036_20260702_044439/summary.csv,ADAUSDT;DOGEUSDT;SUIUSDT;DOTUSDT;LTCUSDT;LINKUSDT;SOLUSDT,irv4_wide_gate_20260702_f02_train_c036_20260702_044439,7,0.286
0.4,2,0.35,2.5,-0.2756,0.2737,,60,2026-03-02,100.81,next_open,6.0000,2,0.6000,0.81,0,oos,1.490,,2.0000,100.00,inplay_retest_v4,/Users/nikolay.bulgakov/Documents/Work/bot-new/bybit-bot-clean-v28/backtest_runs/portfolio_20260702_084428_irv4_wide_gate_20260702_f02_oos_20260702_044439/summary.csv,ADAUSDT;DOGEUSDT;SUIUSDT;DOTUSDT;LTCUSDT;LINKUSDT;SOLUSDT,irv4_wide_gate_20260702_f02_oos_20260702_044439,15,0.600
0.4,2,0.35,2.0,-0.2937,0.2391,1,120,2026-03-02,100.72,next_open,6.0000,3,1.4725,0.72,0,train,1.190,3.979375,2.0000,100.00,inplay_retest_v4,/Users/nikolay.bulgakov/Documents/Work/bot-new/bybit-bot-clean-v28/backtest_runs/portfolio_20260702_084455_irv4_wide_gate_20260702_f03_train_c001_20260702_044439/summary.csv,ADAUSDT;DOGEUSDT;SUIUSDT;DOTUSDT;LTCUSDT;LINKUSDT;SOLUSDT,irv4_wide_gate_20260702_f03_train_c001_20260702_044439,32,0.594
0.6,2,0.35,2.0,-0.2937,0.2391,2,120,2026-03-02,100.72,next_open,6.0000,3,1.4725,0.72,0,train,1.190,3.979375,2.0000,100.00,inplay_retest_v4,/Users/nikolay.bulgakov/Documents/Work/bot-new/bybit-bot-clean-v28/backtest_runs/portfolio_20260702_084544_irv4_wide_gate_20260702_f03_train_c002_20260702_044439/summary.csv,ADAUSDT;DOGEUSDT;SUIUSDT;DOTUSDT;LTCUSDT;LINKUSDT;SOLUSDT,irv4_wide_gate_20260702_f03_train_c002_20260702_044439,32,0.594
0.4,4,0.35,2.0,-0.2972,0.2441,3,120,2026-03-02,100.72,next_open,6.0000,3,1.4725,0.72,0,train,1.173,4.025375,2.0000,100.00,inplay_retest_v4,/Users/nikolay.bulgakov/Documents/Work/bot-new/bybit-bot-clean-v28/backtest_runs/portfolio_20260702_084634_irv4_wide_gate_20260702_f03_train_c003_20260702_044439/summary.csv,ADAUSDT;DOGEUSDT;SUIUSDT;DOTUSDT;LTCUSDT;LINKUSDT;SOLUSDT,irv4_wide_gate_20260702_f03_train_c003_20260702_044439,34,0.588
0.6,4,0.35,2.0,-0.2972,0.2441,4,120,2026-03-02,100.72,next_open,6.0000,3,1.4725,0.72,0,train,1.173,4.025375,2.0000,100.00,inplay_retest_v4,/Users/nikolay.bulgakov/Documents/Work/bot-new/bybit-bot-clean-v28/backtest_runs/portfolio_20260702_084725_irv4_wide_gate_20260702_f03_train_c004_20260702_044439/summary.csv,ADAUSDT;DOGEUSDT;SUIUSDT;DOTUSDT;LTCUSDT;LINKUSDT;SOLUSDT,irv4_wide_gate_20260702_f03_train_c004_20260702_044439,34,0.588
0.4,2,0.45,2.0,-0.2863,0.2405,5,120,2026-03-02,100.70,next_open,6.0000,3,1.4420,0.70,0,train,1.222,3.821500,2.0000,100.00,inplay_retest_v4,/Users/nikolay.bulgakov/Documents/Work/bot-new/bybit-bot-clean-v28/backtest_runs/portfolio_20260702_084813_irv4_wide_gate_20260702_f03_train_c005_20260702_044439/summary.csv,ADAUSDT;DOGEUSDT;SUIUSDT;DOTUSDT;LTCUSDT;LINKUSDT;SOLUSDT,irv4_wide_gate_20260702_f03_train_c005_20260702_044439,27,0.593
0.6,2,0.45,2.0,-0.2863,0.2405,6,120,2026-03-02,100.70,next_open,6.0000,3,1.4420,0.70,0,train,1.222,3.821500,2.0000,100.00,inplay_retest_v4,/Users/nikolay.bulgakov/Documents/Work/bot-new/bybit-bot-clean-v28/backtest_runs/portfolio_20260702_084902_irv4_wide_gate_20260702_f03_train_c006_20260702_044439/summary.csv,ADAUSDT;DOGEUSDT;SUIUSDT;DOTUSDT;LTCUSDT;LINKUSDT;SOLUSDT,irv4_wide_gate_20260702_f03_train_c006_20260702_044439,27,0.593
0.4,4,0.45,2.0,-0.2909,0.2463,7,120,2026-03-02,100.70,next_open,6.0000,3,1.4420,0.70,0,train,1.199,3.855500,2.0000,100.00,inplay_retest_v4,/Users/nikolay.bulgakov/Documents/Work/bot-new/bybit-bot-clean-v28/backtest_runs/portfolio_20260702_084950_irv4_wide_gate_20260702_f03_train_c007_20260702_044439/summary.csv,ADAUSDT;DOGEUSDT;SUIUSDT;DOTUSDT;LTCUSDT;LINKUSDT;SOLUSDT,irv4_wide_gate_20260702_f03_train_c007_20260702_044439,29,0.586
0.6,4,0.45,2.0,-0.2909,0.2463,8,120,2026-03-02,100.70,next_open,6.0000,3,1.4420,0.70,0,train,1.199,3.855500,2.0000,100.00,inplay_retest_v4,/Users/nikolay.bulgakov/Documents/Work/bot-new/bybit-bot-clean-v28/backtest_runs/portfolio_20260702_085038_irv4_wide_gate_20260702_f03_train_c008_20260702_044439/summary.csv,ADAUSDT;DOGEUSDT;SUIUSDT;DOTUSDT;LTCUSDT;LINKUSDT;SOLUSDT,irv4_wide_gate_20260702_f03_train_c008_20260702_044439,29,0.586
0.4,2,0.55,2.0,-0.2860,0.1632,9,120,2026-03-02,99.51,next_open,6.0000,3,0.8950,-0.49,0,train,0.571,-1000000000.000000,2.0000,100.00,inplay_retest_v4,/Users/nikolay.bulgakov/Documents/Work/bot-new/bybit-bot-clean-v28/backtest_runs/portfolio_20260702_085127_irv4_wide_gate_20260702_f03_train_c009_20260702_044439/summary.csv,ADAUSDT;DOGEUSDT;SUIUSDT;DOTUSDT;LTCUSDT;LINKUSDT;SOLUSDT,irv4_wide_gate_20260702_f03_train_c009_20260702_044439,8,0.500
0.6,2,0.55,2.0,-0.2860,0.1632,10,120,2026-03-02,99.51,next_open,6.0000,3,0.8950,-0.49,0,train,0.571,-1000000000.000000,2.0000,100.00,inplay_retest_v4,/Users/nikolay.bulgakov/Documents/Work/bot-new/bybit-bot-clean-v28/backtest_runs/portfolio_20260702_085216_irv4_wide_gate_20260702_f03_train_c010_20260702_044439/summary.csv,ADAUSDT;DOGEUSDT;SUIUSDT;DOTUSDT;LTCUSDT;LINKUSDT;SOLUSDT,irv4_wide_gate_20260702_f03_train_c010_20260702_044439,8,0.500
0.4,4,0.55,2.0,-0.2860,0.1632,11,120,2026-03-02,99.51,next_open,6.0000,3,0.8950,-0.49,0,train,0.571,-1000000000.000000,2.0000,100.00,inplay_retest_v4,/Users/nikolay.bulgakov/Documents/Work/bot-new/bybit-bot-clean-v28/backtest_runs/portfolio_20260702_085305_irv4_wide_gate_20260702_f03_train_c011_20260702_044439/summary.csv,ADAUSDT;DOGEUSDT;SUIUSDT;DOTUSDT;LTCUSDT;LINKUSDT;SOLUSDT,irv4_wide_gate_20260702_f03_train_c011_20260702_044439,8,0.500
0.6,4,0.55,2.0,-0.2860,0.1632,12,120,2026-03-02,99.51,next_open,6.0000,3,0.8950,-0.49,0,train,0.571,-1000000000.000000,2.0000,100.00,inplay_retest_v4,/Users/nikolay.bulgakov/Documents/Work/bot-new/bybit-bot-clean-v28/backtest_runs/portfolio_20260702_085355_irv4_wide_gate_20260702_f03_train_c012_20260702_044439/summary.csv,ADAUSDT;DOGEUSDT;SUIUSDT;DOTUSDT;LTCUSDT;LINKUSDT;SOLUSDT,irv4_wide_gate_20260702_f03_train_c012_20260702_044439,8,0.500
0.4,2,0.35,2.5,-0.2937,0.2574,13,120,2026-03-02,101.07,next_open,6.0000,3,1.4697,1.07,0,train,1.281,5.214875,2.0000,100.00,inplay_retest_v4,/Users/nikolay.bulgakov/Documents/Work/bot-new/bybit-bot-clean-v28/backtest_runs/portfolio_20260702_085445_irv4_wide_gate_20260702_f03_train_c013_20260702_044439/summary.csv,ADAUSDT;DOGEUSDT;SUIUSDT;DOTUSDT;LTCUSDT;LINKUSDT;SOLUSDT,irv4_wide_gate_20260702_f03_train_c013_20260702_044439,32,0.594
0.6,2,0.35,2.5,-0.2937,0.2574,14,120,2026-03-02,101.07,next_open,6.0000,3,1.4697,1.07,0,train,1.281,5.214875,2.0000,100.00,inplay_retest_v4,/Users/nikolay.bulgakov/Documents/Work/bot-new/bybit-bot-clean-v28/backtest_runs/portfolio_20260702_085533_irv4_wide_gate_20260702_f03_train_c014_20260702_044439/summary.csv,ADAUSDT;DOGEUSDT;SUIUSDT;DOTUSDT;LTCUSDT;LINKUSDT;SOLUSDT,irv4_wide_gate_20260702_f03_train_c014_20260702_044439,32,0.594
0.4,4,0.35,2.5,-0.2972,0.2643,15,120,2026-03-02,101.12,next_open,6.0000,3,1.4697,1.12,0,train,1.270,5.422875,2.0000,100.00,inplay_retest_v4,/Users/nikolay.bulgakov/Documents/Work/bot-new/bybit-bot-clean-v28/backtest_runs/portfolio_20260702_085623_irv4_wide_gate_20260702_f03_train_c015_20260702_044439/summary.csv,ADAUSDT;DOGEUSDT;SUIUSDT;DOTUSDT;LTCUSDT;LINKUSDT;SOLUSDT,irv4_wide_gate_20260702_f03_train_c015_20260702_044439,34,0.588
0.6,4,0.35,2.5,-0.2972,0.2643,16,120,2026-03-02,101.12,next_open,6.0000,3,1.4697,1.12,0,train,1.270,5.422875,2.0000,100.00,inplay_retest_v4,/Users/nikolay.bulgakov/Documents/Work/bot-new/bybit-bot-clean-v28/backtest_runs/portfolio_20260702_085712_irv4_wide_gate_20260702_f03_train_c016_20260702_044439/summary.csv,ADAUSDT;DOGEUSDT;SUIUSDT;DOTUSDT;LTCUSDT;LINKUSDT;SOLUSDT,irv4_wide_gate_20260702_f03_train_c016_20260702_044439,34,0.588
0.4,2,0.45,2.5,-0.2863,0.2623,17,120,2026-03-02,101.05,next_open,6.0000,3,1.4393,1.05,0,train,1.333,5.096875,2.0000,100.00,inplay_retest_v4,/Users/nikolay.bulgakov/Documents/Work/bot-new/bybit-bot-clean-v28/backtest_runs/portfolio_20260702_085801_irv4_wide_gate_20260702_f03_train_c017_20260702_044439/summary.csv,ADAUSDT;DOGEUSDT;SUIUSDT;DOTUSDT;LTCUSDT;LINKUSDT;SOLUSDT,irv4_wide_gate_20260702_f03_train_c017_20260702_044439,27,0.593
0.6,2,0.45,2.5,-0.2863,0.2623,18,120,2026-03-02,101.05,next_open,6.0000,3,1.4393,1.05,0,train,1.333,5.096875,2.0000,100.00,inplay_retest_v4,/Users/nikolay.bulgakov/Documents/Work/bot-new/bybit-bot-clean-v28/backtest_runs/portfolio_20260702_085851_irv4_wide_gate_20260702_f03_train_c018_20260702_044439/summary.csv,ADAUSDT;DOGEUSDT;SUIUSDT;DOTUSDT;LTCUSDT;LINKUSDT;SOLUSDT,irv4_wide_gate_20260702_f03_train_c018_20260702_044439,27,0.593
0.4,4,0.45,2.5,-0.2909,0.2701,19,120,2026-03-02,101.10,next_open,6.0000,3,1.4393,1.10,0,train,1.315,5.290875,2.0000,100.00,inplay_retest_v4,/Users/nikolay.bulgakov/Documents/Work/bot-new/bybit-bot-clean-v28/backtest_runs/portfolio_20260702_085940_irv4_wide_gate_20260702_f03_train_c019_20260702_044439/summary.csv,ADAUSDT;DOGEUSDT;SUIUSDT;DOTUSDT;LTCUSDT;LINKUSDT;SOLUSDT,irv4_wide_gate_20260702_f03_train_c019_20260702_044439,29,0.586
0.6,4,0.45,2.5,-0.2909,0.2701,20,120,2026-03-02,101.10,next_open,6.0000,3,1.4393,1.10,0,train,1.315,5.290875,2.0000,100.00,inplay_retest_v4,/Users/nikolay.bulgakov/Documents/Work/bot-new/bybit-bot-clean-v28/backtest_runs/portfolio_20260702_090029_irv4_wide_gate_20260702_f03_train_c020_20260702_044439/summary.csv,ADAUSDT;DOGEUSDT;SUIUSDT;DOTUSDT;LTCUSDT;LINKUSDT;SOLUSDT,irv4_wide_gate_20260702_f03_train_c020_20260702_044439,29,0.586
0.4,2,0.55,2.5,-0.2860,0.1897,21,120,2026-03-02,99.61,next_open,6.0000,3,0.8950,-0.39,0,train,0.663,-1000000000.000000,2.0000,100.00,inplay_retest_v4,/Users/nikolay.bulgakov/Documents/Work/bot-new/bybit-bot-clean-v28/backtest_runs/portfolio_20260702_090118_irv4_wide_gate_20260702_f03_train_c021_20260702_044439/summary.csv,ADAUSDT;DOGEUSDT;SUIUSDT;DOTUSDT;LTCUSDT;LINKUSDT;SOLUSDT,irv4_wide_gate_20260702_f03_train_c021_20260702_044439,8,0.500
0.6,2,0.55,2.5,-0.2860,0.1897,22,120,2026-03-02,99.61,next_open,6.0000,3,0.8950,-0.39,0,train,0.663,-1000000000.000000,2.0000,100.00,inplay_retest_v4,/Users/nikolay.bulgakov/Documents/Work/bot-new/bybit-bot-clean-v28/backtest_runs/portfolio_20260702_090206_irv4_wide_gate_20260702_f03_train_c022_20260702_044439/summary.csv,ADAUSDT;DOGEUSDT;SUIUSDT;DOTUSDT;LTCUSDT;LINKUSDT;SOLUSDT,irv4_wide_gate_20260702_f03_train_c022_20260702_044439,8,0.500
0.4,4,0.55,2.5,-0.2860,0.1897,23,120,2026-03-02,99.61,next_open,6.0000,3,0.8950,-0.39,0,train,0.663,-1000000000.000000,2.0000,100.00,inplay_retest_v4,/Users/nikolay.bulgakov/Documents/Work/bot-new/bybit-bot-clean-v28/backtest_runs/portfolio_20260702_090255_irv4_wide_gate_20260702_f03_train_c023_20260702_044439/summary.csv,ADAUSDT;DOGEUSDT;SUIUSDT;DOTUSDT;LTCUSDT;LINKUSDT;SOLUSDT,irv4_wide_gate_20260702_f03_train_c023_20260702_044439,8,0.500
0.6,4,0.55,2.5,-0.2860,0.1897,24,120,2026-03-02,99.61,next_open,6.0000,3,0.8950,-0.39,0,train,0.663,-1000000000.000000,2.0000,100.00,inplay_retest_v4,/Users/nikolay.bulgakov/Documents/Work/bot-new/bybit-bot-clean-v28/backtest_runs/portfolio_20260702_090343_irv4_wide_gate_20260702_f03_train_c024_20260702_044439/summary.csv,ADAUSDT;DOGEUSDT;SUIUSDT;DOTUSDT;LTCUSDT;LINKUSDT;SOLUSDT,irv4_wide_gate_20260702_f03_train_c024_20260702_044439,8,0.500
0.4,2,0.35,3.0,-0.2937,0.2468,25,120,2026-03-02,100.62,next_open,6.0000,3,1.4758,0.62,0,train,1.163,3.581250,2.0000,100.00,inplay_retest_v4,/Users/nikolay.bulgakov/Documents/Work/bot-new/bybit-bot-clean-v28/backtest_runs/portfolio_20260702_090431_irv4_wide_gate_20260702_f03_train_c025_20260702_044439/summary.csv,ADAUSDT;DOGEUSDT;SUIUSDT;DOTUSDT;LTCUSDT;LINKUSDT;SOLUSDT,irv4_wide_gate_20260702_f03_train_c025_20260702_044439,31,0.581
0.6,2,0.35,3.0,-0.2937,0.2468,26,120,2026-03-02,100.62,next_open,6.0000,3,1.4758,0.62,0,train,1.163,3.581250,2.0000,100.00,inplay_retest_v4,/Users/nikolay.bulgakov/Documents/Work/bot-new/bybit-bot-clean-v28/backtest_runs/portfolio_20260702_090519_irv4_wide_gate_20260702_f03_train_c026_20260702_044439/summary.csv,ADAUSDT;DOGEUSDT;SUIUSDT;DOTUSDT;LTCUSDT;LINKUSDT;SOLUSDT,irv4_wide_gate_20260702_f03_train_c026_20260702_044439,31,0.581
0.4,4,0.35,3.0,-0.2972,0.2750,27,120,2026-03-02,101.34,next_open,6.0000,3,1.4670,1.34,0,train,1.322,6.190250,2.0000,100.00,inplay_retest_v4,/Users/nikolay.bulgakov/Documents/Work/bot-new/bybit-bot-clean-v28/backtest_runs/portfolio_20260702_090608_irv4_wide_gate_20260702_f03_train_c027_20260702_044439/summary.csv,ADAUSDT;DOGEUSDT;SUIUSDT;DOTUSDT;LTCUSDT;LINKUSDT;SOLUSDT,irv4_wide_gate_20260702_f03_train_c027_20260702_044439,34,0.588
0.6,4,0.35,3.0,-0.2972,0.2750,28,120,2026-03-02,101.34,next_open,6.0000,3,1.4670,1.34,0,train,1.322,6.190250,2.0000,100.00,inplay_retest_v4,/Users/nikolay.bulgakov/Documents/Work/bot-new/bybit-bot-clean-v28/backtest_runs/portfolio_20260702_090657_irv4_wide_gate_20260702_f03_train_c028_20260702_044439/summary.csv,ADAUSDT;DOGEUSDT;SUIUSDT;DOTUSDT;LTCUSDT;LINKUSDT;SOLUSDT,irv4_wide_gate_20260702_f03_train_c028_20260702_044439,34,0.588
0.4,2,0.45,3.0,-0.2863,0.2499,29,120,2026-03-02,100.60,next_open,6.0000,3,1.4452,0.60,0,train,1.190,3.413500,2.0000,100.00,inplay_retest_v4,/Users/nikolay.bulgakov/Documents/Work/bot-new/bybit-bot-clean-v28/backtest_runs/portfolio_20260702_090747_irv4_wide_gate_20260702_f03_train_c029_20260702_044439/summary.csv,ADAUSDT;DOGEUSDT;SUIUSDT;DOTUSDT;LTCUSDT;LINKUSDT;SOLUSDT,irv4_wide_gate_20260702_f03_train_c029_20260702_044439,26,0.577
0.6,2,0.45,3.0,-0.2863,0.2499,30,120,2026-03-02,100.60,next_open,6.0000,3,1.4452,0.60,0,train,1.190,3.413500,2.0000,100.00,inplay_retest_v4,/Users/nikolay.bulgakov/Documents/Work/bot-new/bybit-bot-clean-v28/backtest_runs/portfolio_20260702_090836_irv4_wide_gate_20260702_f03_train_c030_20260702_044439/summary.csv,ADAUSDT;DOGEUSDT;SUIUSDT;DOTUSDT;LTCUSDT;LINKUSDT;SOLUSDT,irv4_wide_gate_20260702_f03_train_c030_20260702_044439,26,0.577
0.4,4,0.45,3.0,-0.2909,0.2827,31,120,2026-03-02,101.31,next_open,6.0000,3,1.4366,1.31,0,train,1.376,6.046250,2.0000,100.00,inplay_retest_v4,/Users/nikolay.bulgakov/Documents/Work/bot-new/bybit-bot-clean-v28/backtest_runs/portfolio_20260702_090926_irv4_wide_gate_20260702_f03_train_c031_20260702_044439/summary.csv,ADAUSDT;DOGEUSDT;SUIUSDT;DOTUSDT;LTCUSDT;LINKUSDT;SOLUSDT,irv4_wide_gate_20260702_f03_train_c031_20260702_044439,29,0.586
0.6,4,0.45,3.0,-0.2909,0.2827,32,120,2026-03-02,101.31,next_open,6.0000,3,1.4366,1.31,0,train,1.376,6.046250,2.0000,100.00,inplay_retest_v4,/Users/nikolay.bulgakov/Documents/Work/bot-new/bybit-bot-clean-v28/backtest_runs/portfolio_20260702_091016_irv4_wide_gate_20260702_f03_train_c032_20260702_044439/summary.csv,ADAUSDT;DOGEUSDT;SUIUSDT;DOTUSDT;LTCUSDT;LINKUSDT;SOLUSDT,irv4_wide_gate_20260702_f03_train_c032_20260702_044439,29,0.586
0.4,2,0.55,3.0,-0.2860,0.1939,33,120,2026-03-02,99.63,next_open,6.0000,3,0.8950,-0.37,0,train,0.678,-1000000000.000000,2.0000,100.00,inplay_retest_v4,/Users/nikolay.bulgakov/Documents/Work/bot-new/bybit-bot-clean-v28/backtest_runs/portfolio_20260702_091104_irv4_wide_gate_20260702_f03_train_c033_20260702_044439/summary.csv,ADAUSDT;DOGEUSDT;SUIUSDT;DOTUSDT;LTCUSDT;LINKUSDT;SOLUSDT,irv4_wide_gate_20260702_f03_train_c033_20260702_044439,8,0.500
0.6,2,0.55,3.0,-0.2860,0.1939,34,120,2026-03-02,99.63,next_open,6.0000,3,0.8950,-0.37,0,train,0.678,-1000000000.000000,2.0000,100.00,inplay_retest_v4,/Users/nikolay.bulgakov/Documents/Work/bot-new/bybit-bot-clean-v28/backtest_runs/portfolio_20260702_091153_irv4_wide_gate_20260702_f03_train_c034_20260702_044439/summary.csv,ADAUSDT;DOGEUSDT;SUIUSDT;DOTUSDT;LTCUSDT;LINKUSDT;SOLUSDT,irv4_wide_gate_20260702_f03_train_c034_20260702_044439,8,0.500
0.4,4,0.55,3.0,-0.2860,0.1939,35,120,2026-03-02,99.63,next_open,6.0000,3,0.8950,-0.37,0,train,0.678,-1000000000.000000,2.0000,100.00,inplay_retest_v4,/Users/nikolay.bulgakov/Documents/Work/bot-new/bybit-bot-clean-v28/backtest_runs/portfolio_20260702_091243_irv4_wide_gate_20260702_f03_train_c035_20260702_044439/summary.csv,ADAUSDT;DOGEUSDT;SUIUSDT;DOTUSDT;LTCUSDT;LINKUSDT;SOLUSDT,irv4_wide_gate_20260702_f03_train_c035_20260702_044439,8,0.500
0.6,4,0.55,3.0,-0.2860,0.1939,36,120,2026-03-02,99.63,next_open,6.0000,3,0.8950,-0.37,0,train,0.678,-1000000000.000000,2.0000,100.00,inplay_retest_v4,/Users/nikolay.bulgakov/Documents/Work/bot-new/bybit-bot-clean-v28/backtest_runs/portfolio_20260702_091332_irv4_wide_gate_20260702_f03_train_c036_20260702_044439/summary.csv,ADAUSDT;DOGEUSDT;SUIUSDT;DOTUSDT;LTCUSDT;LINKUSDT;SOLUSDT,irv4_wide_gate_20260702_f03_train_c036_20260702_044439,8,0.500
0.4,4,0.35,3.0,-0.2578,0.2683,,60,2026-05-01,100.28,next_open,6.0000,3,0.2758,0.28,0,oos,2.081,,2.0000,100.00,inplay_retest_v4,/Users/nikolay.bulgakov/Documents/Work/bot-new/bybit-bot-clean-v28/backtest_runs/portfolio_20260702_091420_irv4_wide_gate_20260702_f03_oos_20260702_044439/summary.csv,ADAUSDT;DOGEUSDT;SUIUSDT;DOTUSDT;LTCUSDT;LINKUSDT;SOLUSDT,irv4_wide_gate_20260702_f03_oos_20260702_044439,3,0.667
0.4,2,0.35,2.0,-0.2730,0.2763,1,120,2026-05-01,101.68,next_open,6.0000,4,0.6003,1.68,0,train,1.879,8.847625,2.0000,100.00,inplay_retest_v4,/Users/nikolay.bulgakov/Documents/Work/bot-new/bybit-bot-clean-v28/backtest_runs/portfolio_20260702_091445_irv4_wide_gate_20260702_f04_train_c001_20260702_044439/summary.csv,ADAUSDT;DOGEUSDT;SUIUSDT;DOTUSDT;LTCUSDT;LINKUSDT;SOLUSDT,irv4_wide_gate_20260702_f04_train_c001_20260702_044439,20,0.650
0.6,2,0.35,2.0,-0.2730,0.2763,2,120,2026-05-01,101.68,next_open,6.0000,4,0.6003,1.68,0,train,1.879,8.847625,2.0000,100.00,inplay_retest_v4,/Users/nikolay.bulgakov/Documents/Work/bot-new/bybit-bot-clean-v28/backtest_runs/portfolio_20260702_091534_irv4_wide_gate_20260702_f04_train_c002_20260702_044439/summary.csv,ADAUSDT;DOGEUSDT;SUIUSDT;DOTUSDT;LTCUSDT;LINKUSDT;SOLUSDT,irv4_wide_gate_20260702_f04_train_c002_20260702_044439,20,0.650
0.4,4,0.35,2.0,-0.2817,0.2808,3,120,2026-05-01,101.68,next_open,6.0000,4,0.6293,1.68,0,train,1.745,8.623375,2.0000,100.00,inplay_retest_v4,/Users/nikolay.bulgakov/Documents/Work/bot-new/bybit-bot-clean-v28/backtest_runs/portfolio_20260702_091622_irv4_wide_gate_20260702_f04_train_c003_20260702_044439/summary.csv,ADAUSDT;DOGEUSDT;SUIUSDT;DOTUSDT;LTCUSDT;LINKUSDT;SOLUSDT,irv4_wide_gate_20260702_f04_train_c003_20260702_044439,22,0.636
0.6,4,0.35,2.0,-0.2817,0.2808,4,120,2026-05-01,101.68,next_open,6.0000,4,0.6293,1.68,0,train,1.745,8.623375,2.0000,100.00,inplay_retest_v4,/Users/nikolay.bulgakov/Documents/Work/bot-new/bybit-bot-clean-v28/backtest_runs/portfolio_20260702_091711_irv4_wide_gate_20260702_f04_train_c004_20260702_044439/summary.csv,ADAUSDT;DOGEUSDT;SUIUSDT;DOTUSDT;LTCUSDT;LINKUSDT;SOLUSDT,irv4_wide_gate_20260702_f04_train_c004_20260702_044439,22,0.636
0.4,2,0.45,2.0,-0.2743,0.2725,5,120,2026-05-01,101.62,next_open,6.0000,4,0.6023,1.62,0,train,1.987,8.801125,2.0000,100.00,inplay_retest_v4,/Users/nikolay.bulgakov/Documents/Work/bot-new/bybit-bot-clean-v28/backtest_runs/portfolio_20260702_091800_irv4_wide_gate_20260702_f04_train_c005_20260702_044439/summary.csv,ADAUSDT;DOGEUSDT;SUIUSDT;DOTUSDT;LTCUSDT;LINKUSDT;SOLUSDT,irv4_wide_gate_20260702_f04_train_c005_20260702_044439,18,0.667
0.6,2,0.45,2.0,-0.2743,0.2725,6,120,2026-05-01,101.62,next_open,6.0000,4,0.6023,1.62,0,train,1.987,8.801125,2.0000,100.00,inplay_retest_v4,/Users/nikolay.bulgakov/Documents/Work/bot-new/bybit-bot-clean-v28/backtest_runs/portfolio_20260702_091848_irv4_wide_gate_20260702_f04_train_c006_20260702_044439/summary.csv,ADAUSDT;DOGEUSDT;SUIUSDT;DOTUSDT;LTCUSDT;LINKUSDT;SOLUSDT,irv4_wide_gate_20260702_f04_train_c006_20260702_044439,18,0.667
0.4,4,0.45,2.0,-0.2840,0.2776,7,120,2026-05-01,101.62,next_open,6.0000,4,0.8949,1.62,0,train,1.816,8.173375,2.0000,100.00,inplay_retest_v4,/Users/nikolay.bulgakov/Documents/Work/bot-new/bybit-bot-clean-v28/backtest_runs/portfolio_20260702_091936_irv4_wide_gate_20260702_f04_train_c007_20260702_044439/summary.csv,ADAUSDT;DOGEUSDT;SUIUSDT;DOTUSDT;LTCUSDT;LINKUSDT;SOLUSDT,irv4_wide_gate_20260702_f04_train_c007_20260702_044439,20,0.650
0.6,4,0.45,2.0,-0.2840,0.2776,8,120,2026-05-01,101.62,next_open,6.0000,4,0.8949,1.62,0,train,1.816,8.173375,2.0000,100.00,inplay_retest_v4,/Users/nikolay.bulgakov/Documents/Work/bot-new/bybit-bot-clean-v28/backtest_runs/portfolio_20260702_092025_irv4_wide_gate_20260702_f04_train_c008_20260702_044439/summary.csv,ADAUSDT;DOGEUSDT;SUIUSDT;DOTUSDT;LTCUSDT;LINKUSDT;SOLUSDT,irv4_wide_gate_20260702_f04_train_c008_20260702_044439,20,0.650
0.4,2,0.55,2.0,-0.2624,0.2768,9,120,2026-05-01,101.14,next_open,6.0000,4,0.2831,1.14,0,train,3.165,9.716125,2.0000,100.00,inplay_retest_v4,/Users/nikolay.bulgakov/Documents/Work/bot-new/bybit-bot-clean-v28/backtest_runs/portfolio_20260702_092113_irv4_wide_gate_20260702_f04_train_c009_20260702_044439/summary.csv,ADAUSDT;DOGEUSDT;SUIUSDT;DOTUSDT;LTCUSDT;LINKUSDT;SOLUSDT,irv4_wide_gate_20260702_f04_train_c009_20260702_044439,8,0.750
0.6,2,0.55,2.0,-0.2624,0.2768,10,120,2026-05-01,101.14,next_open,6.0000,4,0.2831,1.14,0,train,3.165,9.716125,2.0000,100.00,inplay_retest_v4,/Users/nikolay.bulgakov/Documents/Work/bot-new/bybit-bot-clean-v28/backtest_runs/portfolio_20260702_092201_irv4_wide_gate_20260702_f04_train_c010_20260702_044439/summary.csv,ADAUSDT;DOGEUSDT;SUIUSDT;DOTUSDT;LTCUSDT;LINKUSDT;SOLUSDT,irv4_wide_gate_20260702_f04_train_c010_20260702_044439,8,0.750
0.4,4,0.55,2.0,-0.2624,0.2768,11,120,2026-05-01,101.14,next_open,6.0000,4,0.2831,1.14,0,train,3.165,9.716125,2.0000,100.00,inplay_retest_v4,/Users/nikolay.bulgakov/Documents/Work/bot-new/bybit-bot-clean-v28/backtest_runs/portfolio_20260702_092250_irv4_wide_gate_20260702_f04_train_c011_20260702_044439/summary.csv,ADAUSDT;DOGEUSDT;SUIUSDT;DOTUSDT;LTCUSDT;LINKUSDT;SOLUSDT,irv4_wide_gate_20260702_f04_train_c011_20260702_044439,8,0.750
0.6,4,0.55,2.0,-0.2624,0.2768,12,120,2026-05-01,101.14,next_open,6.0000,4,0.2831,1.14,0,train,3.165,9.716125,2.0000,100.00,inplay_retest_v4,/Users/nikolay.bulgakov/Documents/Work/bot-new/bybit-bot-clean-v28/backtest_runs/portfolio_20260702_092338_irv4_wide_gate_20260702_f04_train_c012_20260702_044439/summary.csv,ADAUSDT;DOGEUSDT;SUIUSDT;DOTUSDT;LTCUSDT;LINKUSDT;SOLUSDT,irv4_wide_gate_20260702_f04_train_c012_20260702_044439,8,0.750
0.4,2,0.35,2.5,-0.2730,0.2794,13,120,2026-05-01,101.72,next_open,6.0000,4,0.6000,1.72,0,train,1.901,9.012000,2.0000,100.00,inplay_retest_v4,/Users/nikolay.bulgakov/Documents/Work/bot-new/bybit-bot-clean-v28/backtest_runs/portfolio_20260702_092427_irv4_wide_gate_20260702_f04_train_c013_20260702_044439/summary.csv,ADAUSDT;DOGEUSDT;SUIUSDT;DOTUSDT;LTCUSDT;LINKUSDT;SOLUSDT,irv4_wide_gate_20260702_f04_train_c013_20260702_044439,20,0.650
0.6,2,0.35,2.5,-0.2730,0.2794,14,120,2026-05-01,101.72,next_open,6.0000,4,0.6000,1.72,0,train,1.901,9.012000,2.0000,100.00,inplay_retest_v4,/Users/nikolay.bulgakov/Documents/Work/bot-new/bybit-bot-clean-v28/backtest_runs/portfolio_20260702_092515_irv4_wide_gate_20260702_f04_train_c014_20260702_044439/summary.csv,ADAUSDT;DOGEUSDT;SUIUSDT;DOTUSDT;LTCUSDT;LINKUSDT;SOLUSDT,irv4_wide_gate_20260702_f04_train_c014_20260702_044439,20,0.650
0.4,4,0.35,2.5,-0.2817,0.2876,15,120,2026-05-01,101.77,next_open,6.0000,4,0.6286,1.77,0,train,1.787,8.978250,2.0000,100.00,inplay_retest_v4,/Users/nikolay.bulgakov/Documents/Work/bot-new/bybit-bot-clean-v28/backtest_runs/portfolio_20260702_092603_irv4_wide_gate_20260702_f04_train_c015_20260702_044439/summary.csv,ADAUSDT;DOGEUSDT;SUIUSDT;DOTUSDT;LTCUSDT;LINKUSDT;SOLUSDT,irv4_wide_gate_20260702_f04_train_c015_20260702_044439,22,0.636
0.6,4,0.35,2.5,-0.2817,0.2876,16,120,2026-05-01,101.77,next_open,6.0000,4,0.6286,1.77,0,train,1.787,8.978250,2.0000,100.00,inplay_retest_v4,/Users/nikolay.bulgakov/Documents/Work/bot-new/bybit-bot-clean-v28/backtest_runs/portfolio_20260702_092651_irv4_wide_gate_20260702_f04_train_c016_20260702_044439/summary.csv,ADAUSDT;DOGEUSDT;SUIUSDT;DOTUSDT;LTCUSDT;LINKUSDT;SOLUSDT,irv4_wide_gate_20260702_f04_train_c016_20260702_044439,22,0.636
0.4,2,0.45,2.5,-0.2743,0.2759,17,120,2026-05-01,101.67,next_open,6.0000,4,0.6019,1.67,0,train,2.012,9.001625,2.0000,100.00,inplay_retest_v4,/Users/nikolay.bulgakov/Documents/Work/bot-new/bybit-bot-clean-v28/backtest_runs/portfolio_20260702_092740_irv4_wide_gate_20260702_f04_train_c017_20260702_044439/summary.csv,ADAUSDT;DOGEUSDT;SUIUSDT;DOTUSDT;LTCUSDT;LINKUSDT;SOLUSDT,irv4_wide_gate_20260702_f04_train_c017_20260702_044439,18,0.667
0.6,2,0.45,2.5,-0.2743,0.2759,18,120,2026-05-01,101.67,next_open,6.0000,4,0.6019,1.67,0,train,2.012,9.001625,2.0000,100.00,inplay_retest_v4,/Users/nikolay.bulgakov/Documents/Work/bot-new/bybit-bot-clean-v28/backtest_runs/portfolio_20260702_092828_irv4_wide_gate_20260702_f04_train_c018_20260702_044439/summary.csv,ADAUSDT;DOGEUSDT;SUIUSDT;DOTUSDT;LTCUSDT;LINKUSDT;SOLUSDT,irv4_wide_gate_20260702_f04_train_c018_20260702_044439,18,0.667
0.4,4,0.45,2.5,-0.2840,0.2850,19,120,2026-05-01,101.72,next_open,6.0000,4,0.8940,1.72,0,train,1.864,8.570500,2.0000,100.00,inplay_retest_v4,/Users/nikolay.bulgakov/Documents/Work/bot-new/bybit-bot-clean-v28/backtest_runs/portfolio_20260702_092916_irv4_wide_gate_20260702_f04_train_c019_20260702_044439/summary.csv,ADAUSDT;DOGEUSDT;SUIUSDT;DOTUSDT;LTCUSDT;LINKUSDT;SOLUSDT,irv4_wide_gate_20260702_f04_train_c019_20260702_044439,20,0.650
0.6,4,0.45,2.5,-0.2840,0.2850,20,120,2026-05-01,101.72,next_open,6.0000,4,0.8940,1.72,0,train,1.864,8.570500,2.0000,100.00,inplay_retest_v4,/Users/nikolay.bulgakov/Documents/Work/bot-new/bybit-bot-clean-v28/backtest_runs/portfolio_20260702_093005_irv4_wide_gate_20260702_f04_train_c020_20260702_044439/summary.csv,ADAUSDT;DOGEUSDT;SUIUSDT;DOTUSDT;LTCUSDT;LINKUSDT;SOLUSDT,irv4_wide_gate_20260702_f04_train_c020_20260702_044439,20,0.650
0.4,2,0.55,2.5,-0.2624,0.2748,21,120,2026-05-01,101.12,next_open,6.0000,4,0.2828,1.12,0,train,3.142,9.610500,2.0000,100.00,inplay_retest_v4,/Users/nikolay.bulgakov/Documents/Work/bot-new/bybit-bot-clean-v28/backtest_runs/portfolio_20260702_093053_irv4_wide_gate_20260702_f04_train_c021_20260702_044439/summary.csv,ADAUSDT;DOGEUSDT;SUIUSDT;DOTUSDT;LTCUSDT;LINKUSDT;SOLUSDT,irv4_wide_gate_20260702_f04_train_c021_20260702_044439,8,0.750
0.6,2,0.55,2.5,-0.2624,0.2748,22,120,2026-05-01,101.12,next_open,6.0000,4,0.2828,1.12,0,train,3.142,9.610500,2.0000,100.00,inplay_retest_v4,/Users/nikolay.bulgakov/Documents/Work/bot-new/bybit-bot-clean-v28/backtest_runs/portfolio_20260702_093141_irv4_wide_gate_20260702_f04_train_c022_20260702_044439/summary.csv,ADAUSDT;DOGEUSDT;SUIUSDT;DOTUSDT;LTCUSDT;LINKUSDT;SOLUSDT,irv4_wide_gate_20260702_f04_train_c022_20260702_044439,8,0.750
0.4,4,0.55,2.5,-0.2624,0.2748,23,120,2026-05-01,101.12,next_open,6.0000,4,0.2828,1.12,0,train,3.142,9.610500,2.0000,100.00,inplay_retest_v4,/Users/nikolay.bulgakov/Documents/Work/bot-new/bybit-bot-clean-v28/backtest_runs/portfolio_20260702_093230_irv4_wide_gate_20260702_f04_train_c023_20260702_044439/summary.csv,ADAUSDT;DOGEUSDT;SUIUSDT;DOTUSDT;LTCUSDT;LINKUSDT;SOLUSDT,irv4_wide_gate_20260702_f04_train_c023_20260702_044439,8,0.750
0.6,4,0.55,2.5,-0.2624,0.2748,24,120,2026-05-01,101.12,next_open,6.0000,4,0.2828,1.12,0,train,3.142,9.610500,2.0000,100.00,inplay_retest_v4,/Users/nikolay.bulgakov/Documents/Work/bot-new/bybit-bot-clean-v28/backtest_runs/portfolio_20260702_093319_irv4_wide_gate_20260702_f04_train_c024_20260702_044439/summary.csv,ADAUSDT;DOGEUSDT;SUIUSDT;DOTUSDT;LTCUSDT;LINKUSDT;SOLUSDT,irv4_wide_gate_20260702_f04_train_c024_20260702_044439,8,0.750
0.4,2,0.35,3.0,-0.2730,0.2772,25,120,2026-05-01,101.69,next_open,6.0000,4,0.6002,1.69,0,train,1.885,8.889750,2.0000,100.00,inplay_retest_v4,/Users/nikolay.bulgakov/Documents/Work/bot-new/bybit-bot-clean-v28/backtest_runs/portfolio_20260702_093407_irv4_wide_gate_20260702_f04_train_c025_20260702_044439/summary.csv,ADAUSDT;DOGEUSDT;SUIUSDT;DOTUSDT;LTCUSDT;LINKUSDT;SOLUSDT,irv4_wide_gate_20260702_f04_train_c025_20260702_044439,20,0.650
0.6,2,0.35,3.0,-0.2730,0.2772,26,120,2026-05-01,101.69,next_open,6.0000,4,0.6002,1.69,0,train,1.885,8.889750,2.0000,100.00,inplay_retest_v4,/Users/nikolay.bulgakov/Documents/Work/bot-new/bybit-bot-clean-v28/backtest_runs/portfolio_20260702_093455_irv4_wide_gate_20260702_f04_train_c026_20260702_044439/summary.csv,ADAUSDT;DOGEUSDT;SUIUSDT;DOTUSDT;LTCUSDT;LINKUSDT;SOLUSDT,irv4_wide_gate_20260702_f04_train_c026_20260702_044439,20,0.650
0.4,4,0.35,3.0,-0.2817,0.2895,27,120,2026-05-01,101.80,next_open,6.0000,4,0.6285,1.80,0,train,1.799,9.092375,2.0000,100.00,inplay_retest_v4,/Users/nikolay.bulgakov/Documents/Work/bot-new/bybit-bot-clean-v28/backtest_runs/portfolio_20260702_093543_irv4_wide_gate_20260702_f04_train_c027_20260702_044439/summary.csv,ADAUSDT;DOGEUSDT;SUIUSDT;DOTUSDT;LTCUSDT;LINKUSDT;SOLUSDT,irv4_wide_gate_20260702_f04_train_c027_20260702_044439,22,0.636
0.6,4,0.35,3.0,-0.2817,0.2895,28,120,2026-05-01,101.80,next_open,6.0000,4,0.6285,1.80,0,train,1.799,9.092375,2.0000,100.00,inplay_retest_v4,/Users/nikolay.bulgakov/Documents/Work/bot-new/bybit-bot-clean-v28/backtest_runs/portfolio_20260702_093631_irv4_wide_gate_20260702_f04_train_c028_20260702_044439/summary.csv,ADAUSDT;DOGEUSDT;SUIUSDT;DOTUSDT;LTCUSDT;LINKUSDT;SOLUSDT,irv4_wide_gate_20260702_f04_train_c028_20260702_044439,22,0.636
0.4,2,0.45,3.0,-0.2743,0.2735,29,120,2026-05-01,101.64,next_open,6.0000,4,0.6022,1.64,0,train,1.994,8.875250,2.0000,100.00,inplay_retest_v4,/Users/nikolay.bulgakov/Documents/Work/bot-new/bybit-bot-clean-v28/backtest_runs/portfolio_20260702_093719_irv4_wide_gate_20260702_f04_train_c029_20260702_044439/summary.csv,ADAUSDT;DOGEUSDT;SUIUSDT;DOTUSDT;LTCUSDT;LINKUSDT;SOLUSDT,irv4_wide_gate_20260702_f04_train_c029_20260702_044439,18,0.667
0.6,2,0.45,3.0,-0.2743,0.2735,30,120,2026-05-01,101.64,next_open,6.0000,4,0.6022,1.64,0,train,1.994,8.875250,2.0000,100.00,inplay_retest_v4,/Users/nikolay.bulgakov/Documents/Work/bot-new/bybit-bot-clean-v28/backtest_runs/portfolio_20260702_093807_irv4_wide_gate_20260702_f04_train_c030_20260702_044439/summary.csv,ADAUSDT;DOGEUSDT;SUIUSDT;DOTUSDT;LTCUSDT;LINKUSDT;SOLUSDT,irv4_wide_gate_20260702_f04_train_c030_20260702_044439,18,0.667
0.4,4,0.45,3.0,-0.2840,0.2870,31,120,2026-05-01,101.74,next_open,6.0000,4,0.8938,1.74,0,train,1.877,8.656750,2.0000,100.00,inplay_retest_v4,/Users/nikolay.bulgakov/Documents/Work/bot-new/bybit-bot-clean-v28/backtest_runs/portfolio_20260702_093856_irv4_wide_gate_20260702_f04_train_c031_20260702_044439/summary.csv,ADAUSDT;DOGEUSDT;SUIUSDT;DOTUSDT;LTCUSDT;LINKUSDT;SOLUSDT,irv4_wide_gate_20260702_f04_train_c031_20260702_044439,20,0.650
0.6,4,0.45,3.0,-0.2840,0.2870,32,120,2026-05-01,101.74,next_open,6.0000,4,0.8938,1.74,0,train,1.877,8.656750,2.0000,100.00,inplay_retest_v4,/Users/nikolay.bulgakov/Documents/Work/bot-new/bybit-bot-clean-v28/backtest_runs/portfolio_20260702_093944_irv4_wide_gate_20260702_f04_train_c032_20260702_044439/summary.csv,ADAUSDT;DOGEUSDT;SUIUSDT;DOTUSDT;LTCUSDT;LINKUSDT;SOLUSDT,irv4_wide_gate_20260702_f04_train_c032_20260702_044439,20,0.650
0.4,2,0.55,3.0,-0.2624,0.2776,33,120,2026-05-01,101.14,next_open,6.0000,4,0.2827,1.14,0,train,3.174,9.734625,2.0000,100.00,inplay_retest_v4,/Users/nikolay.bulgakov/Documents/Work/bot-new/bybit-bot-clean-v28/backtest_runs/portfolio_20260702_094032_irv4_wide_gate_20260702_f04_train_c033_20260702_044439/summary.csv,ADAUSDT;DOGEUSDT;SUIUSDT;DOTUSDT;LTCUSDT;LINKUSDT;SOLUSDT,irv4_wide_gate_20260702_f04_train_c033_20260702_044439,8,0.750
0.6,2,0.55,3.0,-0.2624,0.2776,34,120,2026-05-01,101.14,next_open,6.0000,4,0.2827,1.14,0,train,3.174,9.734625,2.0000,100.00,inplay_retest_v4,/Users/nikolay.bulgakov/Documents/Work/bot-new/bybit-bot-clean-v28/backtest_runs/portfolio_20260702_094121_irv4_wide_gate_20260702_f04_train_c034_20260702_044439/summary.csv,ADAUSDT;DOGEUSDT;SUIUSDT;DOTUSDT;LTCUSDT;LINKUSDT;SOLUSDT,irv4_wide_gate_20260702_f04_train_c034_20260702_044439,8,0.750
0.4,4,0.55,3.0,-0.2624,0.2776,35,120,2026-05-01,101.14,next_open,6.0000,4,0.2827,1.14,0,train,3.174,9.734625,2.0000,100.00,inplay_retest_v4,/Users/nikolay.bulgakov/Documents/Work/bot-new/bybit-bot-clean-v28/backtest_runs/portfolio_20260702_094209_irv4_wide_gate_20260702_f04_train_c035_20260702_044439/summary.csv,ADAUSDT;DOGEUSDT;SUIUSDT;DOTUSDT;LTCUSDT;LINKUSDT;SOLUSDT,irv4_wide_gate_20260702_f04_train_c035_20260702_044439,8,0.750
0.6,4,0.55,3.0,-0.2624,0.2776,36,120,2026-05-01,101.14,next_open,6.0000,4,0.2827,1.14,0,train,3.174,9.734625,2.0000,100.00,inplay_retest_v4,/Users/nikolay.bulgakov/Documents/Work/bot-new/bybit-bot-clean-v28/backtest_runs/portfolio_20260702_094257_irv4_wide_gate_20260702_f04_train_c036_20260702_044439/summary.csv,ADAUSDT;DOGEUSDT;SUIUSDT;DOTUSDT;LTCUSDT;LINKUSDT;SOLUSDT,irv4_wide_gate_20260702_f04_train_c036_20260702_044439,8,0.750
0.4,2,0.55,3.0,-0.3365,0.0060,,60,2026-06-30,99.67,next_open,6.0000,4,0.3364,-0.33,0,oos,0.018,,2.0000,100.00,inplay_retest_v4,/Users/nikolay.bulgakov/Documents/Work/bot-new/bybit-bot-clean-v28/backtest_runs/portfolio_20260702_094345_irv4_wide_gate_20260702_f04_oos_20260702_044439/summary.csv,ADAUSDT;DOGEUSDT;SUIUSDT;DOTUSDT;LTCUSDT;LINKUSDT;SOLUSDT,irv4_wide_gate_20260702_f04_oos_20260702_044439,2,0.500
0.4,2,0.35,2.0,-0.2717,0.2697,1,120,2025-11-02,103.48,next_open,6.0000,1,1.4306,3.48,0,selected,1.985,14.181750,2.0000,100.00,inplay_retest_v4,/Users/nikolay.bulgakov/Documents/Work/bot-new/bybit-bot-clean-v28/backtest_runs/portfolio_20260702_074445_irv4_wide_gate_20260702_f01_train_c001_20260702_044439/summary.csv,ADAUSDT;DOGEUSDT;SUIUSDT;DOTUSDT;LTCUSDT;LINKUSDT;SOLUSDT,irv4_wide_gate_20260702_f01_train_c001_20260702_044439,39,0.667
0.4,2,0.35,2.5,-0.2958,0.2676,13,120,2026-01-01,100.76,next_open,6.0000,2,1.5844,0.76,0,selected,1.234,3.807500,2.0000,100.00,inplay_retest_v4,/Users/nikolay.bulgakov/Documents/Work/bot-new/bybit-bot-clean-v28/backtest_runs/portfolio_20260702_082450_irv4_wide_gate_20260702_f02_train_c013_20260702_044439/summary.csv,ADAUSDT;DOGEUSDT;SUIUSDT;DOTUSDT;LTCUSDT;LINKUSDT;SOLUSDT,irv4_wide_gate_20260702_f02_train_c013_20260702_044439,26,0.577
0.4,4,0.35,3.0,-0.2972,0.2750,27,120,2026-03-02,101.34,next_open,6.0000,3,1.4670,1.34,0,selected,1.322,6.190250,2.0000,100.00,inplay_retest_v4,/Users/nikolay.bulgakov/Documents/Work/bot-new/bybit-bot-clean-v28/backtest_runs/portfolio_20260702_090608_irv4_wide_gate_20260702_f03_train_c027_20260702_044439/summary.csv,ADAUSDT;DOGEUSDT;SUIUSDT;DOTUSDT;LTCUSDT;LINKUSDT;SOLUSDT,irv4_wide_gate_20260702_f03_train_c027_20260702_044439,34,0.588
0.4,2,0.55,3.0,-0.2624,0.2776,33,120,2026-05-01,101.14,next_open,6.0000,4,0.2827,1.14,0,selected,3.174,9.734625,2.0000,100.00,inplay_retest_v4,/Users/nikolay.bulgakov/Documents/Work/bot-new/bybit-bot-clean-v28/backtest_runs/portfolio_20260702_094032_irv4_wide_gate_20260702_f04_train_c033_20260702_044439/summary.csv,ADAUSDT;DOGEUSDT;SUIUSDT;DOTUSDT;LTCUSDT;LINKUSDT;SOLUSDT,irv4_wide_gate_20260702_f04_train_c033_20260702_044439,8,0.750
