symbol,setup,tp_rr,sl_atr,max_hold,coverage_ok,coverage_reasons,cost_ok,fee_r,cost_reason,skip_reason,trades,net_r,pf,win_rate,folds_positive,min_fold_trades,preflight_go,preflight_reasons
EURUSD,session_range_fade,1.5,1.3,24,True,,True,0.1662,,,765,-196.932,0.659,0.416,0,191,False,low_quality_pf_0.66<0.80
EURUSD,session_range_fade,1.5,1.3,48,True,,True,0.1662,,,756,-185.854,0.674,0.419,0,189,False,low_quality_pf_0.67<0.80
EURUSD,session_range_fade,1.5,1.3,96,True,,True,0.1662,,,756,-185.854,0.674,0.419,0,189,False,low_quality_pf_0.67<0.80
EURUSD,session_range_fade,1.5,1.6,24,True,,True,0.135,,,673,-120.063,0.747,0.426,0,168,False,low_quality_pf_0.75<0.80
EURUSD,session_range_fade,1.5,1.6,48,True,,True,0.135,,,659,-115.43,0.755,0.425,0,164,False,low_quality_pf_0.75<0.80
EURUSD,session_range_fade,1.5,1.6,96,True,,True,0.135,,,659,-115.918,0.754,0.425,0,164,False,low_quality_pf_0.75<0.80
EURUSD,session_range_fade,1.5,2.0,24,True,,True,0.108,,,576,-87.468,0.773,0.418,0,144,False,low_quality_pf_0.77<0.80
EURUSD,session_range_fade,1.5,2.0,48,True,,True,0.108,,,547,-88.328,0.769,0.411,0,136,False,low_quality_pf_0.77<0.80
EURUSD,session_range_fade,1.5,2.0,96,True,,True,0.108,,,543,-81.426,0.785,0.416,0,135,False,low_quality_pf_0.78<0.80
EURUSD,session_range_fade,1.5,2.5,24,True,,True,0.0864,,,509,-46.207,0.848,0.434,0,127,True,ready_for_gate
EURUSD,session_range_fade,1.5,2.5,48,True,,True,0.0864,,,453,-35.079,0.88,0.435,1,113,True,ready_for_gate
EURUSD,session_range_fade,1.5,2.5,96,True,,True,0.0864,,,435,-21.452,0.923,0.441,1,108,True,ready_for_gate
EURUSD,session_range_fade,2.0,1.3,24,True,,True,0.1662,,,708,-162.015,0.724,0.36,0,177,False,low_quality_pf_0.72<0.80
EURUSD,session_range_fade,2.0,1.3,48,True,,True,0.1662,,,696,-146.93,0.745,0.361,0,174,False,low_quality_pf_0.75<0.80
EURUSD,session_range_fade,2.0,1.3,96,True,,True,0.1662,,,696,-147.457,0.745,0.361,0,174,False,low_quality_pf_0.74<0.80
EURUSD,session_range_fade,2.0,1.6,24,True,,True,0.135,,,613,-115.068,0.759,0.361,0,153,False,low_quality_pf_0.76<0.80
EURUSD,session_range_fade,2.0,1.6,48,True,,True,0.135,,,591,-108.531,0.772,0.352,0,147,False,low_quality_pf_0.77<0.80
EURUSD,session_range_fade,2.0,1.6,96,True,,True,0.135,,,590,-106.889,0.775,0.353,0,147,False,low_quality_pf_0.77<0.80
EURUSD,session_range_fade,2.0,2.0,24,True,,True,0.108,,,543,-86.106,0.779,0.368,0,135,False,low_quality_pf_0.78<0.80
EURUSD,session_range_fade,2.0,2.0,48,True,,True,0.108,,,496,-81.767,0.787,0.347,0,124,False,low_quality_pf_0.79<0.80
EURUSD,session_range_fade,2.0,2.0,96,True,,True,0.108,,,484,-64.253,0.828,0.353,0,121,True,ready_for_gate
EURUSD,session_range_fade,2.0,2.5,24,True,,True,0.0864,,,498,-39.174,0.874,0.404,1,124,True,ready_for_gate
EURUSD,session_range_fade,2.0,2.5,48,True,,True,0.0864,,,426,-29.472,0.902,0.38,1,106,True,ready_for_gate
EURUSD,session_range_fade,2.0,2.5,96,True,,True,0.0864,,,393,-9.95,0.965,0.379,1,98,True,ready_for_gate
EURUSD,session_range_fade,2.5,1.3,24,True,,True,0.1662,,,661,-163.631,0.722,0.31,0,165,False,low_quality_pf_0.72<0.80
EURUSD,session_range_fade,2.5,1.3,48,True,,True,0.1662,,,642,-141.389,0.755,0.307,0,160,False,low_quality_pf_0.75<0.80
EURUSD,session_range_fade,2.5,1.3,96,True,,True,0.1662,,,641,-140.045,0.757,0.307,0,160,False,low_quality_pf_0.76<0.80
EURUSD,session_range_fade,2.5,1.6,24,True,,True,0.135,,,586,-104.026,0.782,0.329,0,146,False,low_quality_pf_0.78<0.80
EURUSD,session_range_fade,2.5,1.6,48,True,,True,0.135,,,553,-105.059,0.78,0.302,0,138,False,low_quality_pf_0.78<0.80
EURUSD,session_range_fade,2.5,1.6,96,True,,True,0.135,,,549,-95.911,0.798,0.304,0,137,False,low_quality_pf_0.80<0.80
EURUSD,session_range_fade,2.5,2.0,24,True,,True,0.108,,,535,-73.668,0.813,0.346,0,133,True,ready_for_gate
EURUSD,session_range_fade,2.5,2.0,48,True,,True,0.108,,,471,-60.104,0.842,0.318,0,117,True,ready_for_gate
EURUSD,session_range_fade,2.5,2.0,96,True,,True,0.108,,,448,-38.145,0.895,0.319,0,112,True,ready_for_gate
EURUSD,session_range_fade,2.5,2.5,24,True,,True,0.0864,,,493,-44.121,0.861,0.389,1,123,True,ready_for_gate
EURUSD,session_range_fade,2.5,2.5,48,True,,True,0.0864,,,409,-40.879,0.866,0.337,2,102,True,ready_for_gate
EURUSD,session_range_fade,2.5,2.5,96,True,,True,0.0864,,,367,-17.685,0.938,0.322,2,91,True,ready_for_gate
GBPUSD,session_range_fade,1.5,1.3,24,True,,True,0.1433,,,827,-240.322,0.623,0.393,0,206,False,low_quality_pf_0.62<0.80
GBPUSD,session_range_fade,1.5,1.3,48,True,,True,0.1433,,,825,-238.203,0.626,0.394,0,206,False,low_quality_pf_0.63<0.80
GBPUSD,session_range_fade,1.5,1.3,96,True,,True,0.1433,,,824,-238.902,0.625,0.393,0,206,False,low_quality_pf_0.62<0.80
GBPUSD,session_range_fade,1.5,1.6,24,True,,True,0.1164,,,700,-136.706,0.726,0.41,0,175,False,low_quality_pf_0.73<0.80
GBPUSD,session_range_fade,1.5,1.6,48,True,,True,0.1164,,,695,-129.929,0.739,0.414,0,173,False,low_quality_pf_0.74<0.80
GBPUSD,session_range_fade,1.5,1.6,96,True,,True,0.1164,,,694,-130.497,0.738,0.414,0,173,False,low_quality_pf_0.74<0.80
GBPUSD,session_range_fade,1.5,2.0,24,True,,True,0.0931,,,603,-103.327,0.747,0.403,1,150,False,low_quality_pf_0.75<0.80
GBPUSD,session_range_fade,1.5,2.0,48,True,,True,0.0931,,,574,-89.436,0.775,0.409,0,143,False,low_quality_pf_0.78<0.80
GBPUSD,session_range_fade,1.5,2.0,96,True,,True,0.0931,,,565,-85.181,0.783,0.411,0,141,False,low_quality_pf_0.78<0.80
GBPUSD,session_range_fade,1.5,2.5,24,True,,True,0.0745,,,539,-67.074,0.8,0.414,0,134,True,ready_for_gate
GBPUSD,session_range_fade,1.5,2.5,48,True,,True,0.0745,,,495,-72.237,0.783,0.404,0,123,False,low_quality_pf_0.78<0.80
GBPUSD,session_range_fade,1.5,2.5,96,True,,True,0.0745,,,479,-62.334,0.809,0.405,0,119,True,ready_for_gate
GBPUSD,session_range_fade,2.0,1.3,24,True,,True,0.1433,,,758,-236.074,0.638,0.321,0,189,False,low_quality_pf_0.64<0.80
GBPUSD,session_range_fade,2.0,1.3,48,True,,True,0.1433,,,753,-237.431,0.636,0.32,0,188,False,low_quality_pf_0.64<0.80
GBPUSD,session_range_fade,2.0,1.3,96,True,,True,0.1433,,,752,-238.13,0.635,0.319,0,188,False,low_quality_pf_0.63<0.80
GBPUSD,session_range_fade,2.0,1.6,24,True,,True,0.1164,,,653,-135.192,0.737,0.346,0,163,False,low_quality_pf_0.74<0.80
GBPUSD,session_range_fade,2.0,1.6,48,True,,True,0.1164,,,633,-122.568,0.759,0.344,0,158,False,low_quality_pf_0.76<0.80
GBPUSD,session_range_fade,2.0,1.6,96,True,,True,0.1164,,,631,-124.13,0.756,0.342,0,157,False,low_quality_pf_0.76<0.80
GBPUSD,session_range_fade,2.0,2.0,24,True,,True,0.0931,,,576,-90.664,0.784,0.356,0,144,False,low_quality_pf_0.78<0.80
GBPUSD,session_range_fade,2.0,2.0,48,True,,True,0.0931,,,531,-73.294,0.818,0.352,0,132,True,ready_for_gate
GBPUSD,session_range_fade,2.0,2.0,96,True,,True,0.0931,,,516,-68.285,0.828,0.349,0,129,True,ready_for_gate
GBPUSD,session_range_fade,2.0,2.5,24,True,,True,0.0745,,,518,-84.77,0.755,0.363,1,129,False,low_quality_pf_0.76<0.80
GBPUSD,session_range_fade,2.0,2.5,48,True,,True,0.0745,,,455,-79.202,0.764,0.341,0,113,False,low_quality_pf_0.76<0.80
GBPUSD,session_range_fade,2.0,2.5,96,True,,True,0.0745,,,425,-56.643,0.824,0.339,1,106,True,ready_for_gate
GBPUSD,session_range_fade,2.5,1.3,24,True,,True,0.1433,,,727,-220.92,0.666,0.283,0,181,False,low_quality_pf_0.67<0.80
GBPUSD,session_range_fade,2.5,1.3,48,True,,True,0.1433,,,712,-217.154,0.669,0.278,0,178,False,low_quality_pf_0.67<0.80
GBPUSD,session_range_fade,2.5,1.3,96,True,,True,0.1433,,,709,-217.833,0.667,0.276,0,177,False,low_quality_pf_0.67<0.80
GBPUSD,session_range_fade,2.5,1.6,24,True,,True,0.1164,,,630,-125.813,0.759,0.311,0,157,False,low_quality_pf_0.76<0.80
GBPUSD,session_range_fade,2.5,1.6,48,True,,True,0.1164,,,595,-116.099,0.772,0.299,0,148,False,low_quality_pf_0.77<0.80
GBPUSD,session_range_fade,2.5,1.6,96,True,,True,0.1164,,,587,-110.549,0.781,0.296,0,146,False,low_quality_pf_0.78<0.80
GBPUSD,session_range_fade,2.5,2.0,24,True,,True,0.0931,,,561,-96.298,0.774,0.324,2,140,False,low_quality_pf_0.77<0.80
GBPUSD,session_range_fade,2.5,2.0,48,True,,True,0.0931,,,498,-81.499,0.798,0.307,1,124,False,low_quality_pf_0.80<0.80
GBPUSD,session_range_fade,2.5,2.0,96,True,,True,0.0931,,,470,-62.315,0.84,0.3,1,117,True,ready_for_gate
GBPUSD,session_range_fade,2.5,2.5,24,True,,True,0.0745,,,513,-112.49,0.684,0.333,0,128,False,low_quality_pf_0.68<0.80
GBPUSD,session_range_fade,2.5,2.5,48,True,,True,0.0745,,,428,-68.974,0.788,0.32,1,107,False,low_quality_pf_0.79<0.80
GBPUSD,session_range_fade,2.5,2.5,96,True,,True,0.0745,,,386,-54.056,0.827,0.295,1,96,True,ready_for_gate
USDJPY,session_range_fade,1.5,1.3,24,True,,True,0.1257,,,695,-200.484,0.618,0.364,0,173,False,low_quality_pf_0.62<0.80
USDJPY,session_range_fade,1.5,1.3,48,True,,True,0.1257,,,685,-197.404,0.622,0.365,0,171,False,low_quality_pf_0.62<0.80
USDJPY,session_range_fade,1.5,1.3,96,True,,True,0.1257,,,683,-196.631,0.622,0.365,0,170,False,low_quality_pf_0.62<0.80
USDJPY,session_range_fade,1.5,1.6,24,True,,True,0.1021,,,594,-135.085,0.68,0.375,0,148,False,low_quality_pf_0.68<0.80
USDJPY,session_range_fade,1.5,1.6,48,True,,True,0.1021,,,570,-114.1,0.719,0.384,0,142,False,low_quality_pf_0.72<0.80
USDJPY,session_range_fade,1.5,1.6,96,True,,True,0.1021,,,567,-113.275,0.721,0.384,0,141,False,low_quality_pf_0.72<0.80
USDJPY,session_range_fade,1.5,2.0,24,True,,True,0.0817,,,520,-83.413,0.75,0.402,1,130,False,low_quality_pf_0.75<0.80
USDJPY,session_range_fade,1.5,2.0,48,True,,True,0.0817,,,477,-59.294,0.813,0.403,1,119,True,ready_for_gate
USDJPY,session_range_fade,1.5,2.0,96,True,,True,0.0817,,,464,-63.582,0.798,0.397,1,116,False,low_quality_pf_0.80<0.80
USDJPY,session_range_fade,1.5,2.5,24,True,,True,0.0654,,,469,-70.152,0.743,0.403,0,117,False,low_quality_pf_0.74<0.80
USDJPY,session_range_fade,1.5,2.5,48,True,,True,0.0654,,,400,-44.509,0.825,0.403,1,100,True,ready_for_gate
USDJPY,session_range_fade,1.5,2.5,96,True,,True,0.0654,,,381,-54.572,0.788,0.383,1,95,False,low_quality_pf_0.79<0.80
USDJPY,session_range_fade,2.0,1.3,24,True,,True,0.1257,,,633,-161.208,0.684,0.318,1,158,False,low_quality_pf_0.68<0.80
USDJPY,session_range_fade,2.0,1.3,48,True,,True,0.1257,,,612,-140.112,0.717,0.322,1,153,False,low_quality_pf_0.72<0.80
USDJPY,session_range_fade,2.0,1.3,96,True,,True,0.1257,,,608,-143.386,0.711,0.321,1,152,False,low_quality_pf_0.71<0.80
USDJPY,session_range_fade,2.0,1.6,24,True,,True,0.1021,,,550,-122.378,0.704,0.336,0,137,False,low_quality_pf_0.70<0.80
USDJPY,session_range_fade,2.0,1.6,48,True,,True,0.1021,,,505,-85.036,0.781,0.335,0,126,False,low_quality_pf_0.78<0.80
USDJPY,session_range_fade,2.0,1.6,96,True,,True,0.1021,,,495,-93.654,0.759,0.325,0,123,False,low_quality_pf_0.76<0.80
USDJPY,session_range_fade,2.0,2.0,24,True,,True,0.0817,,,501,-72.966,0.783,0.369,1,125,False,low_quality_pf_0.78<0.80
USDJPY,session_range_fade,2.0,2.0,48,True,,True,0.0817,,,438,-54.878,0.828,0.342,1,109,True,ready_for_gate
USDJPY,session_range_fade,2.0,2.0,96,True,,True,0.0817,,,418,-69.182,0.783,0.323,1,104,False,low_quality_pf_0.78<0.80
USDJPY,session_range_fade,2.0,2.5,24,True,,True,0.0654,,,462,-54.425,0.802,0.387,0,115,True,ready_for_gate
USDJPY,session_range_fade,2.0,2.5,48,True,,True,0.0654,,,376,-38.811,0.849,0.356,1,94,True,ready_for_gate
USDJPY,session_range_fade,2.0,2.5,96,True,,True,0.0654,,,345,-62.087,0.761,0.313,0,86,False,low_quality_pf_0.76<0.80
USDJPY,session_range_fade,2.5,1.3,24,True,,True,0.1257,,,603,-149.112,0.705,0.289,1,150,False,low_quality_pf_0.70<0.80
USDJPY,session_range_fade,2.5,1.3,48,True,,True,0.1257,,,571,-123.314,0.747,0.282,1,142,False,low_quality_pf_0.75<0.80
USDJPY,session_range_fade,2.5,1.3,96,True,,True,0.1257,,,564,-127.67,0.738,0.278,1,141,False,low_quality_pf_0.74<0.80
USDJPY,session_range_fade,2.5,1.6,24,True,,True,0.1021,,,536,-111.177,0.732,0.312,0,134,False,low_quality_pf_0.73<0.80
USDJPY,session_range_fade,2.5,1.6,48,True,,True,0.1021,,,482,-79.245,0.798,0.295,1,120,False,low_quality_pf_0.80<0.80
USDJPY,session_range_fade,2.5,1.6,96,True,,True,0.1021,,,468,-95.082,0.759,0.276,1,117,False,low_quality_pf_0.76<0.80
USDJPY,session_range_fade,2.5,2.0,24,True,,True,0.0817,,,496,-65.699,0.808,0.353,2,124,True,ready_for_gate
USDJPY,session_range_fade,2.5,2.0,48,True,,True,0.0817,,,415,-57.028,0.821,0.304,2,103,True,ready_for_gate
USDJPY,session_range_fade,2.5,2.0,96,True,,True,0.0817,,,387,-81.201,0.745,0.269,1,96,False,low_quality_pf_0.75<0.80
USDJPY,session_range_fade,2.5,2.5,24,True,,True,0.0654,,,456,-48.667,0.822,0.382,0,114,True,ready_for_gate
USDJPY,session_range_fade,2.5,2.5,48,True,,True,0.0654,,,357,-21.642,0.912,0.35,2,89,True,ready_for_gate
USDJPY,session_range_fade,2.5,2.5,96,True,,True,0.0654,,,316,-36.31,0.851,0.294,0,79,True,ready_for_gate
