symbol,side,entry_ts,exit_ts,entry,exit,level,respect,touches,net_r,gross_r,fees_r,reason
BTCUSDT,long,1755867600000,1755871200000,112302.5,113463.25154285715,111945.2,0.8333,3,1.3523204670550406,1.6,0.24767953294495954,tp
XLMUSDT,long,1756342800000,1756368000000,0.37935,0.3848429371428572,0.37735,0.75,4,1.423202783002385,1.6000000000000032,0.17679721699761827,tp
BCHUSDT,long,1756479600000,1756483200000,530.7,537.832342857143,530.4,0.75,6,1.4095167286245283,1.5999999999999899,0.19048327137546153,tp
BTCUSDT,long,1756702800000,1756702800000,107366.7,107666.89657142856,107340.0,1.0,3,0.6844040933178722,1.6,0.9155959066821279,tp
XLMUSDT,short,1756807200000,1756814400000,0.36377,0.3588910057142856,0.36488,0.875,4,1.4091304999625247,1.6,0.1908695000374753,tp
ONDOUSDT,short,1757620800000,1757620800000,1.0607,1.0740434285714286,1.0612,0.8333,3,-1.1271877007408666,-1.0,0.12718770074086666,sl
BTCUSDT,short,1758078000000,1758085200000,116623.3,117089.30057142857,116947.3,0.75,10,-1.400422856624338,-1.0,0.4004228566243381,sl
DOGEUSDT,short,1758157200000,1758207600000,0.28155,0.28611965714285714,0.2837,1.0,4,-1.0985807000212588,-1.0,0.09858070002125875,sl
AVAXUSDT,long,1758423600000,1758441600000,33.017,32.73876571428572,32.827,0.8333,3,-1.189865888973323,-1.0,0.189865888973323,sl
AVAXUSDT,short,1758643200000,1758664800000,35.134,33.39387657142857,35.74,0.8333,3,1.5483122642203389,1.6000000000000012,0.051687735779662285,tp
ATOMUSDT,long,1758776400000,1758798000000,4.07,4.038148571428572,4.066,0.8333,3,-1.2044492285611765,-1.0,0.20444922856117645,sl
ATOMUSDT,long,1758805200000,1758819600000,4.063,3.989165714285714,4.034,0.8333,3,-1.0880458168872378,-1.0,0.0880458168872378,sl
1000PEPEUSDT,long,1758805200000,1758816000000,0.009383,0.009156217142857144,0.009304,0.8,5,-1.0661990072315872,-1.0,0.0661990072315873,sl
BNBUSDT,long,1758837600000,1758837600000,953.1,947.1045714285715,950.0,0.8333,3,-1.254353793366376,-1.0,0.25435379336637604,sl
HYPEUSDT,long,1758841200000,1758841200000,41.1,40.379760000000005,40.736,0.75,6,-1.0913028990336557,-1.0,0.09130289903365585,sl
ETHUSDT,short,1759093200000,1759096800000,4049.29,4066.749542857143,4053.4,1.0,3,-1.3710786733084155,-1.0,0.37107867330841543,sl
BNBUSDT,short,1759370400000,1759374000000,1034.8,1030.1298285714286,1035.7,0.75,6,1.032764291307728,1.5999999999999688,0.5672357086922407,tp
BNBUSDT,short,1759388400000,1759399200000,1035.9,1041.5314285714285,1037.4,0.8333,6,-1.294319634703206,-1.0,0.29431963470320605,sl
1000PEPEUSDT,short,1759442400000,1759453200000,0.010233,0.010056387428571432,0.010307,0.8333,6,1.4516726199720402,1.5999999999999968,0.14832738002795642,tp
TAOUSDT,short,1760090400000,1760094000000,369.8,380.35617142857143,370.12,0.75,4,-1.0560506244146959,-1.0,0.056050624414695875,sl
ETHUSDT,long,1760698800000,1760698800000,3723.41,3811.904262857143,3694.45,0.8333,3,1.4922875981758577,1.6000000000000016,0.10771240182414403,tp
DOGEUSDT,short,1760853600000,1760860800000,0.18995,0.18799790857142862,0.19073,0.9,5,1.350896913493516,1.6000000000000092,0.24910308650649318,tp
1000PEPEUSDT,short,1760864400000,1760868000000,0.006711,0.00687324,0.006843,0.8333,3,-1.0661834319526626,-1.0,0.06618343195266267,sl
DOGEUSDT,short,1760868000000,1760868000000,0.18976,0.19201051428571428,0.19104,0.9,5,-1.1349096079626255,-1.0,0.13490960796262558,sl
XLMUSDT,short,1761526800000,1761526800000,0.33176,0.33348274285714286,0.33278,0.8,10,-1.3081225951970281,-1.0,0.3081225951970282,sl
ETHUSDT,short,1761534000000,1761534000000,4203.8,4220.766285714286,4207.98,0.7857,14,-1.396437977838402,-1.0,0.39643797783840184,sl
BTCUSDT,short,1761552000000,1761598800000,115517.8,114060.58491428572,116085.3,0.75,4,1.3970611401850481,1.5999999999999968,0.2029388598149486,tp
ATOMUSDT,long,1761800400000,1761804000000,3.028,3.0885531428571427,3.01,0.75,4,1.4719855050581347,1.6000000000000048,0.1280144949418701,tp
AVAXUSDT,short,1762052400000,1762056000000,18.709,18.81230857142857,18.732,1.0,4,-1.2897571768350047,-1.0,0.2897571768350048,sl
BNBUSDT,long,1762146000000,1762149600000,1043.2,1030.8354285714286,1040.4,0.75,4,-1.134992143451335,-1.0,0.13499214345133506,sl
XLMUSDT,long,1762153200000,1762178400000,0.2903,0.29508464,0.28922,0.75,4,1.4446762974852865,1.6,0.15532370251471353,tp
1000PEPEUSDT,long,1762279200000,1762279200000,0.00551,0.005371142857142857,0.005471,0.8333,3,-1.0634897119341564,-1.0,0.0634897119341564,sl
ATOMUSDT,long,1762290000000,1762290000000,2.43,2.343977142857143,2.414,0.8333,3,-1.0451972897568753,-1.0,0.04519728975687535,sl
AVAXUSDT,short,1762506000000,1762506000000,16.865,16.57292228571428,16.981,1.0,3,1.452181806798982,1.6000000000000079,0.14781819320102577,tp
ONDOUSDT,short,1762506000000,1762506000000,0.6194,0.6128308571428569,0.6207,0.75,4,1.3586193458594455,1.6000000000000107,0.24138065414056512,tp
BTCUSDT,long,1762516800000,1762516800000,100339.5,99701.08685714286,100234.5,0.8333,3,-1.2514722665036437,-1.0,0.25147226650364385,sl
XLMUSDT,short,1762563600000,1762614000000,0.28938,0.27929296000000015,0.2932,0.8333,3,1.5265579595203325,1.5999999999999983,0.0734420404796658,tp
1000PEPEUSDT,short,1762826400000,1762891200000,0.006174,0.005878557714285714,0.006324,0.8333,3,1.546502444760785,1.6,0.05349755523921524,tp
ETHUSDT,long,1763096400000,1763121600000,3161.92,3100.393485714286,3151.57,0.8333,3,-1.082225883567967,-1.0,0.08222588356796703,sl
BNBUSDT,long,1763125200000,1763193600000,906.1,937.6309714285716,897.8,0.75,4,1.5264337286513783,1.6000000000000023,0.07356627134862395,tp
AVAXUSDT,long,1763164800000,1763179200000,15.114,15.621108571428572,15.063,0.75,4,1.523701072748578,1.5999999999999979,0.07629892725141982,tp
XLMUSDT,long,1763164800000,1763172000000,0.2592,0.2649523199999999,0.25711,0.75,4,1.4846461949265615,1.5999999999999939,0.11535380507343236,tp
XLMUSDT,long,1763258400000,1763262000000,0.25755,0.26229688,0.25602,0.8,5,1.4611028717810506,1.6000000000000074,0.13889712821895683,tp
DOGEUSDT,long,1763316000000,1763334000000,0.15538,0.15876806857142853,0.1546,0.75,4,1.4825960007555963,1.6000000000000052,0.11740399924440882,tp
ONDOUSDT,long,1763334000000,1763384400000,0.5566,0.5433011428571429,0.5469,0.8333,3,-1.0669651527521167,-1.0,0.06696515275211662,sl
DOGEUSDT,long,1763427600000,1763460000000,0.15229,0.1575948685714286,0.15053,0.8333,3,1.5265085657164559,1.6000000000000034,0.07349143428354753,tp
XRPUSDT,long,1763564400000,1763564400000,2.1225,2.09498,2.1055,0.75,4,-1.1234011627906977,-1.0,0.12340116279069772,sl
1000PEPEUSDT,short,1763643600000,1763643600000,0.004945,0.004904853714285714,0.004948,0.75,4,1.2846731951719392,1.599999999999993,0.31532680482805364,tp
TAOUSDT,short,1764108000000,1764111600000,303.36,308.2186285714286,305.13,1.0,3,-1.099899795356714,-1.0,0.09989979535671391,sl
HYPEUSDT,short,1764140400000,1764158400000,34.488,33.52493714285714,34.785,1.0,3,1.508324488536574,1.6,0.09167551146342606,tp
ETHUSDT,short,1764212400000,1764316800000,3035.57,3072.7808,3056.73,0.75,6,-1.1305242563986806,-1.0,0.13052425639868054,sl
ETHUSDT,short,1764338400000,1764338400000,3072.57,3088.9222285714286,3076.78,1.0,4,-1.3006386547574142,-1.0,0.3006386547574143,sl
ATOMUSDT,long,1764414000000,1764424800000,2.416,2.397582857142857,2.405,0.8333,6,-1.2098914055228043,-1.0,0.20989140552280425,sl
BNBUSDT,long,1764424800000,1764435600000,877.5,874.2234285714286,875.1,0.8,5,-1.4284966864318138,-1.0,0.4284966864318139,sl
ATOMUSDT,long,1764439200000,1764439200000,2.397,2.3915942857142856,2.396,0.8,5,-1.709471458773791,-1.0,0.7094714587737909,sl
ONDOUSDT,long,1764604800000,1764637200000,0.4546,0.46930079999999996,0.4519,0.8333,6,1.5208358728776663,1.6,0.0791641271223337,tp
1000PEPEUSDT,long,1764612000000,1764612000000,0.003977,0.004021891428571428,0.003963,0.875,4,1.3732057026476674,1.6000000000000123,0.22679429735234488,tp
ETHUSDT,short,1764745200000,1764766800000,3065.31,3086.6330857142857,3069.45,0.875,4,-1.2300087363394199,-1.0,0.23000873633941976,sl
AVAXUSDT,short,1764802800000,1764871200000,14.846,14.460875428571429,14.907,0.75,4,1.5013156707736879,1.6000000000000014,0.09868432922631352,tp
HYPEUSDT,long,1765450800000,1765450800000,27.516,27.21657142857143,27.446,0.8333,3,-1.1470320610687044,-1.0,0.14703206106870428,sl
ONDOUSDT,long,1765746000000,1765746000000,0.4459,0.4438708571428571,0.4452,0.875,4,-1.3515967333145527,-1.0,0.3515967333145526,sl
DOGEUSDT,long,1765756800000,1765760400000,0.13399,0.13657413714285715,0.13325,0.75,6,1.4672615341069857,1.5999999999999932,0.13273846589300747,tp
HYPEUSDT,long,1765821600000,1765821600000,27.38,27.21361142857143,27.328,0.9,5,-1.2632873136891296,-1.0,0.2632873136891296,sl
XRPUSDT,long,1765825200000,1765846800000,1.8905,1.8668005714285716,1.8884,0.75,4,-1.1276317693012494,-1.0,0.12763176930124948,sl
1000PEPEUSDT,long,1765825200000,1765908000000,0.004005,0.0041441268571428555,0.003983,0.7857,7,1.5263061050141262,1.599999999999998,0.07369389498587177,tp
AVAXUSDT,short,1766163600000,1766293200000,12.298,12.136,12.405,0.8,5,0.8392546416416841,0.9552852377261944,0.11603059608451043,time
1000PEPEUSDT,long,1766358000000,1766430000000,0.004019,0.003937085714285715,0.003951,0.75,8,-1.0785015695849323,-1.0,0.07850156958493235,sl
AVAXUSDT,short,1766365200000,1766404800000,12.223,12.421091428571428,12.372,0.75,8,-1.098726129348642,-1.0,0.0987261293486421,sl
ONDOUSDT,short,1766408400000,1766430000000,0.4004,0.3945257142857142,0.4014,0.8571,7,1.4255066147859967,1.600000000000003,0.17449338521400629,tp
XLMUSDT,short,1766415600000,1766415600000,0.22461,0.22573617142857144,0.22505,0.75,4,-1.31911305053785,-1.0,0.3191130505378501,sl
ATOMUSDT,short,1766422800000,1766430000000,1.988,1.9682879999999994,1.996,0.8333,3,1.341818181818196,1.6000000000000072,0.25818181818181124,tp
ONDOUSDT,long,1766548800000,1766552400000,0.3826,0.3772822857142857,0.3798,0.75,4,-1.1151171287341495,-1.0,0.1151171287341494,sl
AVAXUSDT,short,1766718000000,1766757600000,12.514,12.337058285714285,12.549,0.8333,3,1.4189469332919906,1.5999999999999936,0.1810530667080031,tp
HYPEUSDT,short,1767027600000,1767031200000,26.258,25.93739657142857,26.327,0.75,4,1.3903313751211963,1.5999999999999965,0.20966862487880028,tp
HYPEUSDT,short,1767085200000,1767214800000,26.03,25.638,26.432,1.0,3,0.5033255892228247,0.5631582835986302,0.059832694375805566,time
BTCUSDT,short,1767646800000,1767715200000,94124.8,93046.61120000003,94482.4,0.8333,3,1.3765145696189631,1.5999999999999914,0.22348543038102828,tp
DOGEUSDT,short,1767711600000,1767715200000,0.15256,0.1458172342857143,0.15448,0.9,5,1.5420781298729487,1.6000000000000014,0.057921870127052764,tp
1000PEPEUSDT,long,1768147200000,1768147200000,0.005876,0.005962080000000001,0.00587,0.8333,3,1.4252490706319656,1.5999999999999936,0.17475092936802797,tp
ATOMUSDT,long,1768179600000,1768183200000,2.561,2.611148571428571,2.542,0.8333,3,1.4692652689152175,1.5999999999999943,0.13073473108477676,tp
ATOMUSDT,short,1768323600000,1768323600000,2.65,2.623970285714285,2.653,0.875,4,1.3393747804706813,1.6000000000000054,0.26062521952932405,tp
AVAXUSDT,short,1768410000000,1768410000000,14.833,14.649813714285715,14.865,1.0,3,1.3927111199840283,1.6,0.20728888001597187,tp
1000PEPEUSDT,long,1768579200000,1768582800000,0.005765,0.005837649142857142,0.005746,0.8,5,1.3968537628995632,1.5999999999999923,0.20314623710042914,tp
ATOMUSDT,long,1769367600000,1769367600000,2.2286,2.2164685714285715,2.2244,0.875,4,-1.2939274611398937,-1.0,0.2939274611398937,sl
ATOMUSDT,long,1769680800000,1769684400000,2.1747,2.165032,2.1708,1.0,3,-1.3599007033512616,-1.0,0.35990070335126156,sl
XLMUSDT,long,1769799600000,1769842800000,0.19455,0.1879417714285714,0.1907,1.0,3,-1.0471049081664416,-1.0,0.047104908166441695,sl
TAOUSDT,long,1769799600000,1769860800000,215.65,206.7521142857143,210.66,0.8,5,-1.0387777513759289,-1.0,0.03877775137592883,sl
XLMUSDT,short,1770048000000,1770062400000,0.18182,0.17888569142857147,0.18242,1.0,3,1.4413734654452555,1.600000000000003,0.15862653455474746,tp
BNBUSDT,short,1770105600000,1770105600000,781.6,778.0662857142858,782.3,0.8333,3,1.0337697283311744,1.6,0.5662302716688257,tp
ONDOUSDT,long,1770220800000,1770220800000,0.2694,0.2657714285714286,0.2679,0.75,4,-1.1187905511811043,-1.0,0.11879055118110428,sl
XRPUSDT,long,1770224400000,1770224400000,1.5303,1.5162628571428571,1.5264,0.8333,3,-1.174428658660696,-1.0,0.1744286586606961,sl
XLMUSDT,long,1770228000000,1770231600000,0.16923,0.17306177142857143,0.16769,0.875,4,1.4869377236936336,1.6000000000000045,0.1130622763063708,tp
AVAXUSDT,long,1770271200000,1770271200000,9.557,9.449062857142858,9.529,0.875,4,-1.1416676372491927,-1.0,0.14166763724919282,sl
TAOUSDT,long,1770271200000,1770285600000,184.4,181.29337142857142,183.3,0.75,4,-1.0949711216569176,-1.0,0.09497112165691746,sl
ETHUSDT,long,1770274800000,1770282000000,2086.7,2130.09968,2075.0,1.0,3,1.4769126408305282,1.5999999999999965,0.1230873591694683,tp
ATOMUSDT,long,1770310800000,1770310800000,1.9247,1.874892,1.8857,0.8,5,-1.0618278188242851,-1.0,0.06182781882428517,sl
ETHUSDT,short,1770483600000,1770613200000,2048.59,2094.74,2118.53,0.8333,3,-0.43487522391421096,-0.40603697355964347,0.02883825035456751,time
BTCUSDT,short,1770595200000,1770724800000,70289.8,68565.1,71719.9,0.875,4,0.7962251759354507,0.85176691772821,0.05554174179275927,time
TAOUSDT,long,1770732000000,1770746400000,156.6,154.26314285714287,155.13,0.8333,3,-1.1072209316542372,-1.0,0.10722093165423718,sl
BNBUSDT,long,1770735600000,1770742800000,616.9,623.9336,615.7,0.8333,3,1.375468607825304,1.6000000000000103,0.2245313921747064,tp
AVAXUSDT,long,1770750000000,1770775200000,8.709,8.79736571428571,8.696,0.8333,6,1.3476958096223286,1.5999999999999872,0.2523041903776585,tp
1000PEPEUSDT,long,1770750000000,1770775200000,0.003625,0.003684446857142857,0.003607,0.75,4,1.443894186404179,1.5999999999999954,0.15610581359581654,tp
HYPEUSDT,long,1770807600000,1770807600000,28.51,28.87444342857143,28.422,0.9,5,1.3997340759137942,1.5999999999999939,0.20026592408619973,tp
DOGEUSDT,long,1770818400000,1770818400000,0.09009,0.08911954285714287,0.08933,0.75,4,-1.1485320614732388,-1.0,0.14853206147323889,sl
ATOMUSDT,short,1770984000000,1770984000000,2.0245,2.0110216000000007,2.026,0.7857,7,1.215479582146217,1.599999999999979,0.384520417853762,tp
BCHUSDT,short,1771012800000,1771012800000,557.6,553.6219428571429,558.3,0.8333,3,1.2411675476901678,1.5999999999999817,0.3588324523098139,tp
XLMUSDT,short,1771034400000,1771056000000,0.16597,0.16732017142857142,0.16653,0.8,5,-1.1966802099204359,-1.0,0.19668020992043586,sl
ATOMUSDT,short,1771070400000,1771077600000,2.1377,2.147472571428571,2.1386,1.0,4,-1.3499918138229594,-1.0,0.3499918138229594,sl
ONDOUSDT,short,1771113600000,1771120800000,0.2942,0.2881812571428572,0.2963,1.0,3,1.474865562813309,1.600000000000003,0.12513443718669395,tp
HYPEUSDT,long,1771444800000,1771452000000,28.737,28.354697142857145,28.527,0.75,8,-1.1202690462311118,-1.0,0.12026904623111179,sl
AVAXUSDT,short,1771686000000,1771704000000,9.348,9.18395885714286,9.36,0.8333,9,1.454116597926644,1.599999999999993,0.145883402073349,tp
BTCUSDT,long,1771880400000,1771894800000,64448.9,63782.942285714285,64015.9,0.75,4,-1.1548420234317747,-1.0,0.15484202343177478,sl
AVAXUSDT,long,1771880400000,1771894800000,8.34,8.25336,8.325,0.75,4,-1.1540166204986164,-1.0,0.15401662049861645,sl
BCHUSDT,long,1771923600000,1771927200000,484.4,478.1868571428571,480.7,0.8333,3,-1.1247420215211987,-1.0,0.12474202152119875,sl
ETHUSDT,long,1771941600000,1771941600000,1814.67,1845.5515542857145,1810.13,0.8333,3,1.4495686079457124,1.5999999999999976,0.15043139205428518,tp
XLMUSDT,long,1771941600000,1771941600000,0.14857,0.15086586285714287,0.14843,1.0,3,1.4343371430847012,1.599999999999996,0.16566285691529503,tp
BCHUSDT,long,1772384400000,1772384400000,439.7,435.66,439.1,0.8333,3,-1.1741386138613876,-1.0,0.1741386138613877,sl
XLMUSDT,long,1772550000000,1772553600000,0.14954,0.15146137142857147,0.14912,0.8333,9,1.4007556507256673,1.5999999999999908,0.19924434927432336,tp
1000PEPEUSDT,long,1772553600000,1772636400000,0.003466,0.003687979428571428,0.003357,0.8333,3,1.560028007743316,1.5999999999999988,0.039971992256682784,tp
BNBUSDT,short,1772618400000,1772632800000,651.3,655.1451428571429,653.0,0.75,4,-1.2710120374498377,-1.0,0.27101203744983765,sl
BTCUSDT,short,1772636400000,1772636400000,71573.5,72672.46114285714,71872.3,0.8,5,-1.1042053222211945,-1.0,0.10420532222119439,sl
ETHUSDT,short,1772643600000,1772650800000,2141.2,2168.7010285714287,2160.0,0.875,4,-1.1245742496904,-1.0,0.12457424969040001,sl
BCHUSDT,short,1772654400000,1772668800000,471.2,461.9108571428572,473.0,1.0,3,1.47014173228346,1.599999999999996,0.12985826771653602,tp
1000PEPEUSDT,long,1772820000000,1772820000000,0.003322,0.003374672,0.003318,0.8333,3,1.4385419198055898,1.6,0.1614580801944103,tp
XLMUSDT,long,1772924400000,1772928000000,0.14942,0.15039398857142855,0.14916,0.75,12,1.2072693138082953,1.5999999999999817,0.39273068619168633,tp
1000PEPEUSDT,long,1772985600000,1772985600000,0.003173,0.00314984,0.003171,0.8333,3,-1.2192055267702941,-1.0,0.21920552677029426,sl
DOGEUSDT,long,1773010800000,1773133200000,0.08939,0.09430053714285713,0.08781,0.75,4,1.55339849932041,1.599999999999998,0.04660150067958817,tp
BTCUSDT,short,1773392400000,1773396000000,71796.4,72231.87771428571,71996.9,0.75,6,-1.2637890211865817,-1.0,0.2637890211865817,sl
BCHUSDT,short,1773410400000,1773478800000,469.3,455.9240000000001,474.8,0.8333,3,1.5101818181818163,1.5999999999999985,0.0898181818181823,tp
BTCUSDT,short,1773414000000,1773543600000,72351.7,71319.6,73579.0,0.875,4,0.5844043128688484,0.6582332777205563,0.07382896485170783,time
BCHUSDT,short,1773658800000,1773662400000,474.1,476.032,475.0,0.8,5,-1.3926293995859296,-1.0,0.39262939958592963,sl
BTCUSDT,short,1773698400000,1773698400000,74361.8,74830.65485714286,74499.8,1.0,3,-1.2537648446793173,-1.0,0.2537648446793173,sl
HYPEUSDT,long,1774036800000,1774116000000,39.106,40.40572114285715,38.571,0.8333,3,1.5229747391968043,1.6,0.07702526080319594,tp
1000PEPEUSDT,long,1774216800000,1774227600000,0.003252,0.003311593142857144,0.003248,0.875,4,1.460300705737963,1.6000000000000048,0.13969929426204178,tp
TAOUSDT,long,1774944000000,1775052000000,308.3,320.07536,305.0,0.8333,3,1.532974618185768,1.599999999999997,0.06702538181422904,tp
HYPEUSDT,long,1774958400000,1774962000000,35.8,36.09319314285713,35.731,1.0,3,1.2874142447299277,1.5999999999999845,0.3125857552700569,tp
ATOMUSDT,long,1775138400000,1775138400000,1.6171,1.6284691428571427,1.6145,0.8333,3,1.2358761560112452,1.5999999999999874,0.3641238439887422,tp
HYPEUSDT,short,1775836800000,1775890800000,41.69,42.34128571428571,42.158,0.75,4,-1.1024189515244573,-1.0,0.10241895152445733,sl
BCHUSDT,long,1776034800000,1776114000000,421.9,428.5925714285714,421.2,0.8333,3,1.4386174863387946,1.5999999999999972,0.16138251366120265,tp
TAOUSDT,long,1776168000000,1776168000000,249.65,247.03422857142857,249.13,0.75,6,-1.1527044739601535,-1.0,0.15270447396015344,sl
ETHUSDT,long,1776348000000,1776348000000,2306.7,2286.943714285714,2301.01,0.8,5,-1.186812443056098,-1.0,0.18681244305609804,sl
1000PEPEUSDT,short,1776369600000,1776369600000,0.004033,0.004055611428571428,0.004036,0.75,4,-1.2853778114733458,-1.0,0.2853778114733458,sl
HYPEUSDT,long,1776592800000,1776596400000,42.888,43.23253942857142,42.869,1.0,4,1.2813331918055462,1.6000000000000132,0.318666808194467,tp
BCHUSDT,short,1776722400000,1776740400000,444.5,441.6501714285714,445.7,0.8077,13,1.2007058068655783,1.6,0.39929419313442177,tp
DOGEUSDT,short,1777230000000,1777233600000,0.09904,0.09966885714285714,0.0995,1.0,3,-1.2519872785097697,-1.0,0.2519872785097697,sl
BTCUSDT,short,1777240800000,1777248000000,78375.5,78967.37257142857,78483.4,0.7857,7,-1.2118712811734582,-1.0,0.21187128117345833,sl
1000PEPEUSDT,short,1777989600000,1777989600000,0.004114,0.004143091428571428,0.00413,0.8333,3,-1.2262659595364371,-1.0,0.22626595953643716,sl
ONDOUSDT,short,1778022000000,1778076000000,0.3224,0.3296685714285714,0.3275,1.0,3,-1.0709685534591198,-1.0,0.07096855345911976,sl
1000PEPEUSDT,long,1778605200000,1778605200000,0.004074,0.004102251428571429,0.004072,0.75,8,1.2308349514563073,1.6,0.3691650485436927,tp
BCHUSDT,long,1778911200000,1778911200000,423.4,422.2451428571428,423.3,0.75,6,-1.5866006927263605,-1.0,0.5866006927263605,sl
HYPEUSDT,short,1779192000000,1779210000000,47.746,48.752045714285714,48.531,1.0,3,-1.0759345215781164,-1.0,0.0759345215781165,sl
TAOUSDT,short,1779300000000,1779332400000,273.52,276.8113714285714,275.23,0.75,8,-1.1329634195038105,-1.0,0.13296341950381044,sl
ETHUSDT,short,1779328800000,1779357600000,2140.24,2109.8668799999996,2149.12,0.8333,3,1.4196097602090283,1.6,0.18039023979097188,tp
BCHUSDT,short,1779386400000,1779386400000,381.7,378.7678857142857,382.0,0.75,4,1.2667415029622724,1.6,0.3332584970377277,tp
XLMUSDT,short,1779451200000,1779451200000,0.14874,0.14906285714285714,0.14878,0.8333,3,-1.7371185840708379,-1.0,0.7371185840708379,sl
XRPUSDT,long,1779462000000,1779462000000,1.3513,1.3483697142857143,1.3504,0.75,6,-1.7378393135725556,-1.0,0.7378393135725557,sl
XRPUSDT,long,1779476400000,1779490800000,1.3493,1.332542857142857,1.3453,0.8333,3,-1.1288334185848248,-1.0,0.1288334185848248,sl
ETHUSDT,long,1779818400000,1779886800000,2069.6,2050.837257142857,2060.13,0.875,4,-1.1764859234714402,-1.0,0.1764859234714402,sl
XRPUSDT,long,1779858000000,1779886800000,1.3302,1.3200982857142858,1.3254,0.75,4,-1.2106889919674175,-1.0,0.2106889919674175,sl
BCHUSDT,long,1779858000000,1779886800000,342.6,339.4902857142857,341.8,0.75,4,-1.1762734288864354,-1.0,0.17627342888643538,sl
ETHUSDT,long,1779904800000,1779915600000,2051.01,2041.7870857142857,2050.11,0.75,4,-1.3558111783693938,-1.0,0.3558111783693938,sl
DOGEUSDT,long,1779919200000,1779937200000,0.10033,0.09907434285714285,0.10007,0.75,4,-1.1278438154182209,-1.0,0.12784381541822082,sl
1000PEPEUSDT,long,1780322400000,1780329600000,0.003338,0.003389629714285714,0.003319,0.75,4,1.434489109261549,1.5999999999999945,0.16551089073844558,tp
AVAXUSDT,long,1780329600000,1780329600000,8.728,8.830125714285714,8.703,0.8333,3,1.3812139659803089,1.6000000000000056,0.21878603401969665,tp
AVAXUSDT,long,1780383600000,1780408800000,8.707,8.618165714285714,8.663,0.8333,3,-1.1568223337192838,-1.0,0.15682233371928367,sl
1000PEPEUSDT,short,1780873200000,1781002800000,0.002797,0.002798,0.002813,0.8333,3,-0.057838947241339006,-0.010563805384523905,0.047275141856815105,time
AVAXUSDT,long,1781024400000,1781028000000,6.516,6.652566857142857,6.502,0.75,4,1.4778549909620426,1.600000000000002,0.12214500903795943,tp
TAOUSDT,long,1781074800000,1781082000000,205.0,203.25868571428572,204.7,0.8125,8,-1.1883634693006928,-1.0,0.18836346930069287,sl
DOGEUSDT,short,1781240400000,1781240400000,0.08697,0.08721817142857143,0.08705,0.8,5,-1.5607091871978094,-1.0,0.5607091871978094,sl
1000PEPEUSDT,short,1781258400000,1781269200000,0.002831,0.002795772571428572,0.002839,0.75,6,1.3942694004671718,1.6000000000000079,0.20573059953283593,tp
BNBUSDT,short,1781265600000,1781272800000,606.4,608.8817142857143,607.7,0.9167,6,-1.3909555606723345,-1.0,0.39095556067233445,sl
BTCUSDT,short,1781280000000,1781384400000,63565.7,64409.38114285714,63988.8,0.7857,7,-1.1205492393199323,-1.0,0.12054923931993226,sl
1000PEPEUSDT,short,1781388000000,1781409600000,0.002863,0.0028282845714285715,0.002873,0.9,5,1.388875427969443,1.599999999999992,0.21112457203054913,tp
XLMUSDT,long,1781438400000,1781438400000,0.18374,0.1828748,0.1833,0.8,5,-1.3397873324086984,-1.0,0.33978733240869846,sl
XRPUSDT,short,1781488800000,1781488800000,1.1821,1.192373142857143,1.1878,1.0,4,-1.1841072421848904,-1.0,0.1841072421848904,sl
BCHUSDT,short,1781510400000,1781514000000,212.0,214.15257142857143,212.8,0.8333,3,-1.1575789753119188,-1.0,0.1575789753119189,sl
BCHUSDT,short,1781535600000,1781550000000,227.3,220.9283428571429,230.1,0.75,4,1.5086755632084956,1.6000000000000014,0.0913244367915057,tp
BTCUSDT,long,1781683200000,1781683200000,65505.9,65134.47085714286,65327.4,0.8,5,-1.282178827417187,-1.0,0.282178827417187,sl
BCHUSDT,long,1781841600000,1781938800000,194.6,200.6086857142857,192.8,0.8333,3,1.5170906877662784,1.599999999999997,0.0829093122337186,tp
AVAXUSDT,short,1782028800000,1782050400000,6.284,6.346582857142857,6.287,1.0,3,-1.1606574141709278,-1.0,0.1606574141709279,sl
ONDOUSDT,long,1782273600000,1782273600000,0.3088,0.3068308571428571,0.3079,1.0,3,-1.250911201392915,-1.0,0.25091120139291495,sl
DOGEUSDT,long,1782302400000,1782306000000,0.07898,0.07787554285714286,0.07824,0.8333,3,-1.1144163907284779,-1.0,0.11441639072847794,sl
1000PEPEUSDT,long,1782302400000,1782306000000,0.002656,0.002611022857142857,0.002619,0.75,4,-1.0944835471985765,-1.0,0.09448354719857659,sl
ATOMUSDT,long,1782626400000,1782702000000,1.5644,1.5886724571428572,1.5551,0.8333,3,1.435003766762097,1.6000000000000059,0.16499623323790896,tp
XLMUSDT,long,1782662400000,1782662400000,0.17085,0.17009588571428572,0.17051,1.0,3,-1.3624914753353035,-1.0,0.36249147533530346,sl
DOGEUSDT,long,1782676800000,1782680400000,0.07289,0.07251485714285714,0.07268,0.75,6,-1.3108789032749475,-1.0,0.31087890327494744,sl
ATOMUSDT,long,1782856800000,1782867600000,1.5099,1.4941217142857144,1.4989,1.0,3,-1.1531116905693184,-1.0,0.15311169056931848,sl
BTCUSDT,long,1782871200000,1782918000000,58740.0,60377.04319999999,58156.7,0.8333,3,1.5081426806574203,1.6000000000000014,0.09185731934258107,tp
BNBUSDT,long,1782871200000,1782903600000,547.7,539.2017142857143,543.2,0.8333,3,-1.1031172673480358,-1.0,0.1031172673480359,sl
1000PEPEUSDT,long,1782871200000,1782885600000,0.002317,0.0022555771428571427,0.002289,0.8333,3,-1.06035538189599,-1.0,0.060355381895990136,sl
