run_id,tag,run_dir,passed,fail_reasons,score,trades,net_pnl,profit_factor,winrate,max_drawdown,negative_months,positive_months,max_negative_streak,worst_month_pnl,overrides_json
93,range_live_side_exit_repair_v1_r093,/root/by-bot/backtest_runs/portfolio_20260618_205428_range_live_side_exit_repair_v1_r093,False,pf<1.15;net<1.0,-999.5081903,166,-0.02,0.999,0.283,4.7385,2,3,1,-3.4714602000000006,"{""RANGE_ALLOW_LONG"": ""0"", ""RANGE_ALLOW_SHORT"": ""1"", ""RANGE_RECLAIM_FRAC"": ""0.02"", ""RANGE_SL_ATR_MULT"": ""1.0"", ""RANGE_SL_WIDTH_FRAC"": ""0.1"", ""RANGE_WICK_FRAC_MIN"": ""0.35""}"
1,range_live_side_exit_repair_v1_r001,/root/by-bot/backtest_runs/portfolio_20260618_180540_range_live_side_exit_repair_v1_r001,False,trades<30;pf<1.15;net<1.0,-1000.0,0,0.0,0.0,0.0,0.0,0,0,0,0.0,"{""RANGE_ALLOW_LONG"": ""0"", ""RANGE_ALLOW_SHORT"": ""0"", ""RANGE_RECLAIM_FRAC"": ""0.01"", ""RANGE_SL_ATR_MULT"": ""0.8"", ""RANGE_SL_WIDTH_FRAC"": ""0.1"", ""RANGE_WICK_FRAC_MIN"": ""0.35""}"
2,range_live_side_exit_repair_v1_r002,/root/by-bot/backtest_runs/portfolio_20260618_180702_range_live_side_exit_repair_v1_r002,False,trades<30;pf<1.15;net<1.0,-1000.0,0,0.0,0.0,0.0,0.0,0,0,0,0.0,"{""RANGE_ALLOW_LONG"": ""0"", ""RANGE_ALLOW_SHORT"": ""0"", ""RANGE_RECLAIM_FRAC"": ""0.01"", ""RANGE_SL_ATR_MULT"": ""0.88"", ""RANGE_SL_WIDTH_FRAC"": ""0.1"", ""RANGE_WICK_FRAC_MIN"": ""0.35""}"
3,range_live_side_exit_repair_v1_r003,/root/by-bot/backtest_runs/portfolio_20260618_180830_range_live_side_exit_repair_v1_r003,False,trades<30;pf<1.15;net<1.0,-1000.0,0,0.0,0.0,0.0,0.0,0,0,0,0.0,"{""RANGE_ALLOW_LONG"": ""0"", ""RANGE_ALLOW_SHORT"": ""0"", ""RANGE_RECLAIM_FRAC"": ""0.01"", ""RANGE_SL_ATR_MULT"": ""1.0"", ""RANGE_SL_WIDTH_FRAC"": ""0.1"", ""RANGE_WICK_FRAC_MIN"": ""0.35""}"
4,range_live_side_exit_repair_v1_r004,/root/by-bot/backtest_runs/portfolio_20260618_180948_range_live_side_exit_repair_v1_r004,False,trades<30;pf<1.15;net<1.0,-1000.0,0,0.0,0.0,0.0,0.0,0,0,0,0.0,"{""RANGE_ALLOW_LONG"": ""0"", ""RANGE_ALLOW_SHORT"": ""0"", ""RANGE_RECLAIM_FRAC"": ""0.01"", ""RANGE_SL_ATR_MULT"": ""0.8"", ""RANGE_SL_WIDTH_FRAC"": ""0.11"", ""RANGE_WICK_FRAC_MIN"": ""0.35""}"
5,range_live_side_exit_repair_v1_r005,/root/by-bot/backtest_runs/portfolio_20260618_181134_range_live_side_exit_repair_v1_r005,False,trades<30;pf<1.15;net<1.0,-1000.0,0,0.0,0.0,0.0,0.0,0,0,0,0.0,"{""RANGE_ALLOW_LONG"": ""0"", ""RANGE_ALLOW_SHORT"": ""0"", ""RANGE_RECLAIM_FRAC"": ""0.01"", ""RANGE_SL_ATR_MULT"": ""0.88"", ""RANGE_SL_WIDTH_FRAC"": ""0.11"", ""RANGE_WICK_FRAC_MIN"": ""0.35""}"
6,range_live_side_exit_repair_v1_r006,/root/by-bot/backtest_runs/portfolio_20260618_181308_range_live_side_exit_repair_v1_r006,False,trades<30;pf<1.15;net<1.0,-1000.0,0,0.0,0.0,0.0,0.0,0,0,0,0.0,"{""RANGE_ALLOW_LONG"": ""0"", ""RANGE_ALLOW_SHORT"": ""0"", ""RANGE_RECLAIM_FRAC"": ""0.01"", ""RANGE_SL_ATR_MULT"": ""1.0"", ""RANGE_SL_WIDTH_FRAC"": ""0.11"", ""RANGE_WICK_FRAC_MIN"": ""0.35""}"
7,range_live_side_exit_repair_v1_r007,/root/by-bot/backtest_runs/portfolio_20260618_181434_range_live_side_exit_repair_v1_r007,False,trades<30;pf<1.15;net<1.0,-1000.0,0,0.0,0.0,0.0,0.0,0,0,0,0.0,"{""RANGE_ALLOW_LONG"": ""0"", ""RANGE_ALLOW_SHORT"": ""0"", ""RANGE_RECLAIM_FRAC"": ""0.01"", ""RANGE_SL_ATR_MULT"": ""0.8"", ""RANGE_SL_WIDTH_FRAC"": ""0.1"", ""RANGE_WICK_FRAC_MIN"": ""0.45""}"
8,range_live_side_exit_repair_v1_r008,/root/by-bot/backtest_runs/portfolio_20260618_181624_range_live_side_exit_repair_v1_r008,False,trades<30;pf<1.15;net<1.0,-1000.0,0,0.0,0.0,0.0,0.0,0,0,0,0.0,"{""RANGE_ALLOW_LONG"": ""0"", ""RANGE_ALLOW_SHORT"": ""0"", ""RANGE_RECLAIM_FRAC"": ""0.01"", ""RANGE_SL_ATR_MULT"": ""0.88"", ""RANGE_SL_WIDTH_FRAC"": ""0.1"", ""RANGE_WICK_FRAC_MIN"": ""0.45""}"
9,range_live_side_exit_repair_v1_r009,/root/by-bot/backtest_runs/portfolio_20260618_181741_range_live_side_exit_repair_v1_r009,False,trades<30;pf<1.15;net<1.0,-1000.0,0,0.0,0.0,0.0,0.0,0,0,0,0.0,"{""RANGE_ALLOW_LONG"": ""0"", ""RANGE_ALLOW_SHORT"": ""0"", ""RANGE_RECLAIM_FRAC"": ""0.01"", ""RANGE_SL_ATR_MULT"": ""1.0"", ""RANGE_SL_WIDTH_FRAC"": ""0.1"", ""RANGE_WICK_FRAC_MIN"": ""0.45""}"
10,range_live_side_exit_repair_v1_r010,/root/by-bot/backtest_runs/portfolio_20260618_181911_range_live_side_exit_repair_v1_r010,False,trades<30;pf<1.15;net<1.0,-1000.0,0,0.0,0.0,0.0,0.0,0,0,0,0.0,"{""RANGE_ALLOW_LONG"": ""0"", ""RANGE_ALLOW_SHORT"": ""0"", ""RANGE_RECLAIM_FRAC"": ""0.01"", ""RANGE_SL_ATR_MULT"": ""0.8"", ""RANGE_SL_WIDTH_FRAC"": ""0.11"", ""RANGE_WICK_FRAC_MIN"": ""0.45""}"
11,range_live_side_exit_repair_v1_r011,/root/by-bot/backtest_runs/portfolio_20260618_182057_range_live_side_exit_repair_v1_r011,False,trades<30;pf<1.15;net<1.0,-1000.0,0,0.0,0.0,0.0,0.0,0,0,0,0.0,"{""RANGE_ALLOW_LONG"": ""0"", ""RANGE_ALLOW_SHORT"": ""0"", ""RANGE_RECLAIM_FRAC"": ""0.01"", ""RANGE_SL_ATR_MULT"": ""0.88"", ""RANGE_SL_WIDTH_FRAC"": ""0.11"", ""RANGE_WICK_FRAC_MIN"": ""0.45""}"
12,range_live_side_exit_repair_v1_r012,/root/by-bot/backtest_runs/portfolio_20260618_182225_range_live_side_exit_repair_v1_r012,False,trades<30;pf<1.15;net<1.0,-1000.0,0,0.0,0.0,0.0,0.0,0,0,0,0.0,"{""RANGE_ALLOW_LONG"": ""0"", ""RANGE_ALLOW_SHORT"": ""0"", ""RANGE_RECLAIM_FRAC"": ""0.01"", ""RANGE_SL_ATR_MULT"": ""1.0"", ""RANGE_SL_WIDTH_FRAC"": ""0.11"", ""RANGE_WICK_FRAC_MIN"": ""0.45""}"
13,range_live_side_exit_repair_v1_r013,/root/by-bot/backtest_runs/portfolio_20260618_182341_range_live_side_exit_repair_v1_r013,False,trades<30;pf<1.15;net<1.0,-1000.0,0,0.0,0.0,0.0,0.0,0,0,0,0.0,"{""RANGE_ALLOW_LONG"": ""0"", ""RANGE_ALLOW_SHORT"": ""0"", ""RANGE_RECLAIM_FRAC"": ""0.01"", ""RANGE_SL_ATR_MULT"": ""0.8"", ""RANGE_SL_WIDTH_FRAC"": ""0.1"", ""RANGE_WICK_FRAC_MIN"": ""0.55""}"
14,range_live_side_exit_repair_v1_r014,/root/by-bot/backtest_runs/portfolio_20260618_182459_range_live_side_exit_repair_v1_r014,False,trades<30;pf<1.15;net<1.0,-1000.0,0,0.0,0.0,0.0,0.0,0,0,0,0.0,"{""RANGE_ALLOW_LONG"": ""0"", ""RANGE_ALLOW_SHORT"": ""0"", ""RANGE_RECLAIM_FRAC"": ""0.01"", ""RANGE_SL_ATR_MULT"": ""0.88"", ""RANGE_SL_WIDTH_FRAC"": ""0.1"", ""RANGE_WICK_FRAC_MIN"": ""0.55""}"
15,range_live_side_exit_repair_v1_r015,/root/by-bot/backtest_runs/portfolio_20260618_182632_range_live_side_exit_repair_v1_r015,False,trades<30;pf<1.15;net<1.0,-1000.0,0,0.0,0.0,0.0,0.0,0,0,0,0.0,"{""RANGE_ALLOW_LONG"": ""0"", ""RANGE_ALLOW_SHORT"": ""0"", ""RANGE_RECLAIM_FRAC"": ""0.01"", ""RANGE_SL_ATR_MULT"": ""1.0"", ""RANGE_SL_WIDTH_FRAC"": ""0.1"", ""RANGE_WICK_FRAC_MIN"": ""0.55""}"
16,range_live_side_exit_repair_v1_r016,/root/by-bot/backtest_runs/portfolio_20260618_182802_range_live_side_exit_repair_v1_r016,False,trades<30;pf<1.15;net<1.0,-1000.0,0,0.0,0.0,0.0,0.0,0,0,0,0.0,"{""RANGE_ALLOW_LONG"": ""0"", ""RANGE_ALLOW_SHORT"": ""0"", ""RANGE_RECLAIM_FRAC"": ""0.01"", ""RANGE_SL_ATR_MULT"": ""0.8"", ""RANGE_SL_WIDTH_FRAC"": ""0.11"", ""RANGE_WICK_FRAC_MIN"": ""0.55""}"
17,range_live_side_exit_repair_v1_r017,/root/by-bot/backtest_runs/portfolio_20260618_182928_range_live_side_exit_repair_v1_r017,False,trades<30;pf<1.15;net<1.0,-1000.0,0,0.0,0.0,0.0,0.0,0,0,0,0.0,"{""RANGE_ALLOW_LONG"": ""0"", ""RANGE_ALLOW_SHORT"": ""0"", ""RANGE_RECLAIM_FRAC"": ""0.01"", ""RANGE_SL_ATR_MULT"": ""0.88"", ""RANGE_SL_WIDTH_FRAC"": ""0.11"", ""RANGE_WICK_FRAC_MIN"": ""0.55""}"
18,range_live_side_exit_repair_v1_r018,/root/by-bot/backtest_runs/portfolio_20260618_183124_range_live_side_exit_repair_v1_r018,False,trades<30;pf<1.15;net<1.0,-1000.0,0,0.0,0.0,0.0,0.0,0,0,0,0.0,"{""RANGE_ALLOW_LONG"": ""0"", ""RANGE_ALLOW_SHORT"": ""0"", ""RANGE_RECLAIM_FRAC"": ""0.01"", ""RANGE_SL_ATR_MULT"": ""1.0"", ""RANGE_SL_WIDTH_FRAC"": ""0.11"", ""RANGE_WICK_FRAC_MIN"": ""0.55""}"
19,range_live_side_exit_repair_v1_r019,/root/by-bot/backtest_runs/portfolio_20260618_183246_range_live_side_exit_repair_v1_r019,False,trades<30;pf<1.15;net<1.0,-1000.0,0,0.0,0.0,0.0,0.0,0,0,0,0.0,"{""RANGE_ALLOW_LONG"": ""0"", ""RANGE_ALLOW_SHORT"": ""0"", ""RANGE_RECLAIM_FRAC"": ""0.015"", ""RANGE_SL_ATR_MULT"": ""0.8"", ""RANGE_SL_WIDTH_FRAC"": ""0.1"", ""RANGE_WICK_FRAC_MIN"": ""0.35""}"
20,range_live_side_exit_repair_v1_r020,/root/by-bot/backtest_runs/portfolio_20260618_183359_range_live_side_exit_repair_v1_r020,False,trades<30;pf<1.15;net<1.0,-1000.0,0,0.0,0.0,0.0,0.0,0,0,0,0.0,"{""RANGE_ALLOW_LONG"": ""0"", ""RANGE_ALLOW_SHORT"": ""0"", ""RANGE_RECLAIM_FRAC"": ""0.015"", ""RANGE_SL_ATR_MULT"": ""0.88"", ""RANGE_SL_WIDTH_FRAC"": ""0.1"", ""RANGE_WICK_FRAC_MIN"": ""0.35""}"
21,range_live_side_exit_repair_v1_r021,/root/by-bot/backtest_runs/portfolio_20260618_183538_range_live_side_exit_repair_v1_r021,False,trades<30;pf<1.15;net<1.0,-1000.0,0,0.0,0.0,0.0,0.0,0,0,0,0.0,"{""RANGE_ALLOW_LONG"": ""0"", ""RANGE_ALLOW_SHORT"": ""0"", ""RANGE_RECLAIM_FRAC"": ""0.015"", ""RANGE_SL_ATR_MULT"": ""1.0"", ""RANGE_SL_WIDTH_FRAC"": ""0.1"", ""RANGE_WICK_FRAC_MIN"": ""0.35""}"
22,range_live_side_exit_repair_v1_r022,/root/by-bot/backtest_runs/portfolio_20260618_183659_range_live_side_exit_repair_v1_r022,False,trades<30;pf<1.15;net<1.0,-1000.0,0,0.0,0.0,0.0,0.0,0,0,0,0.0,"{""RANGE_ALLOW_LONG"": ""0"", ""RANGE_ALLOW_SHORT"": ""0"", ""RANGE_RECLAIM_FRAC"": ""0.015"", ""RANGE_SL_ATR_MULT"": ""0.8"", ""RANGE_SL_WIDTH_FRAC"": ""0.11"", ""RANGE_WICK_FRAC_MIN"": ""0.35""}"
23,range_live_side_exit_repair_v1_r023,/root/by-bot/backtest_runs/portfolio_20260618_183823_range_live_side_exit_repair_v1_r023,False,trades<30;pf<1.15;net<1.0,-1000.0,0,0.0,0.0,0.0,0.0,0,0,0,0.0,"{""RANGE_ALLOW_LONG"": ""0"", ""RANGE_ALLOW_SHORT"": ""0"", ""RANGE_RECLAIM_FRAC"": ""0.015"", ""RANGE_SL_ATR_MULT"": ""0.88"", ""RANGE_SL_WIDTH_FRAC"": ""0.11"", ""RANGE_WICK_FRAC_MIN"": ""0.35""}"
24,range_live_side_exit_repair_v1_r024,/root/by-bot/backtest_runs/portfolio_20260618_183945_range_live_side_exit_repair_v1_r024,False,trades<30;pf<1.15;net<1.0,-1000.0,0,0.0,0.0,0.0,0.0,0,0,0,0.0,"{""RANGE_ALLOW_LONG"": ""0"", ""RANGE_ALLOW_SHORT"": ""0"", ""RANGE_RECLAIM_FRAC"": ""0.015"", ""RANGE_SL_ATR_MULT"": ""1.0"", ""RANGE_SL_WIDTH_FRAC"": ""0.11"", ""RANGE_WICK_FRAC_MIN"": ""0.35""}"
25,range_live_side_exit_repair_v1_r025,/root/by-bot/backtest_runs/portfolio_20260618_184124_range_live_side_exit_repair_v1_r025,False,trades<30;pf<1.15;net<1.0,-1000.0,0,0.0,0.0,0.0,0.0,0,0,0,0.0,"{""RANGE_ALLOW_LONG"": ""0"", ""RANGE_ALLOW_SHORT"": ""0"", ""RANGE_RECLAIM_FRAC"": ""0.015"", ""RANGE_SL_ATR_MULT"": ""0.8"", ""RANGE_SL_WIDTH_FRAC"": ""0.1"", ""RANGE_WICK_FRAC_MIN"": ""0.45""}"
26,range_live_side_exit_repair_v1_r026,/root/by-bot/backtest_runs/portfolio_20260618_184258_range_live_side_exit_repair_v1_r026,False,trades<30;pf<1.15;net<1.0,-1000.0,0,0.0,0.0,0.0,0.0,0,0,0,0.0,"{""RANGE_ALLOW_LONG"": ""0"", ""RANGE_ALLOW_SHORT"": ""0"", ""RANGE_RECLAIM_FRAC"": ""0.015"", ""RANGE_SL_ATR_MULT"": ""0.88"", ""RANGE_SL_WIDTH_FRAC"": ""0.1"", ""RANGE_WICK_FRAC_MIN"": ""0.45""}"
27,range_live_side_exit_repair_v1_r027,/root/by-bot/backtest_runs/portfolio_20260618_184421_range_live_side_exit_repair_v1_r027,False,trades<30;pf<1.15;net<1.0,-1000.0,0,0.0,0.0,0.0,0.0,0,0,0,0.0,"{""RANGE_ALLOW_LONG"": ""0"", ""RANGE_ALLOW_SHORT"": ""0"", ""RANGE_RECLAIM_FRAC"": ""0.015"", ""RANGE_SL_ATR_MULT"": ""1.0"", ""RANGE_SL_WIDTH_FRAC"": ""0.1"", ""RANGE_WICK_FRAC_MIN"": ""0.45""}"
28,range_live_side_exit_repair_v1_r028,/root/by-bot/backtest_runs/portfolio_20260618_184554_range_live_side_exit_repair_v1_r028,False,trades<30;pf<1.15;net<1.0,-1000.0,0,0.0,0.0,0.0,0.0,0,0,0,0.0,"{""RANGE_ALLOW_LONG"": ""0"", ""RANGE_ALLOW_SHORT"": ""0"", ""RANGE_RECLAIM_FRAC"": ""0.015"", ""RANGE_SL_ATR_MULT"": ""0.8"", ""RANGE_SL_WIDTH_FRAC"": ""0.11"", ""RANGE_WICK_FRAC_MIN"": ""0.45""}"
29,range_live_side_exit_repair_v1_r029,/root/by-bot/backtest_runs/portfolio_20260618_184731_range_live_side_exit_repair_v1_r029,False,trades<30;pf<1.15;net<1.0,-1000.0,0,0.0,0.0,0.0,0.0,0,0,0,0.0,"{""RANGE_ALLOW_LONG"": ""0"", ""RANGE_ALLOW_SHORT"": ""0"", ""RANGE_RECLAIM_FRAC"": ""0.015"", ""RANGE_SL_ATR_MULT"": ""0.88"", ""RANGE_SL_WIDTH_FRAC"": ""0.11"", ""RANGE_WICK_FRAC_MIN"": ""0.45""}"
30,range_live_side_exit_repair_v1_r030,/root/by-bot/backtest_runs/portfolio_20260618_184850_range_live_side_exit_repair_v1_r030,False,trades<30;pf<1.15;net<1.0,-1000.0,0,0.0,0.0,0.0,0.0,0,0,0,0.0,"{""RANGE_ALLOW_LONG"": ""0"", ""RANGE_ALLOW_SHORT"": ""0"", ""RANGE_RECLAIM_FRAC"": ""0.015"", ""RANGE_SL_ATR_MULT"": ""1.0"", ""RANGE_SL_WIDTH_FRAC"": ""0.11"", ""RANGE_WICK_FRAC_MIN"": ""0.45""}"
31,range_live_side_exit_repair_v1_r031,/root/by-bot/backtest_runs/portfolio_20260618_185017_range_live_side_exit_repair_v1_r031,False,trades<30;pf<1.15;net<1.0,-1000.0,0,0.0,0.0,0.0,0.0,0,0,0,0.0,"{""RANGE_ALLOW_LONG"": ""0"", ""RANGE_ALLOW_SHORT"": ""0"", ""RANGE_RECLAIM_FRAC"": ""0.015"", ""RANGE_SL_ATR_MULT"": ""0.8"", ""RANGE_SL_WIDTH_FRAC"": ""0.1"", ""RANGE_WICK_FRAC_MIN"": ""0.55""}"
32,range_live_side_exit_repair_v1_r032,/root/by-bot/backtest_runs/portfolio_20260618_185151_range_live_side_exit_repair_v1_r032,False,trades<30;pf<1.15;net<1.0,-1000.0,0,0.0,0.0,0.0,0.0,0,0,0,0.0,"{""RANGE_ALLOW_LONG"": ""0"", ""RANGE_ALLOW_SHORT"": ""0"", ""RANGE_RECLAIM_FRAC"": ""0.015"", ""RANGE_SL_ATR_MULT"": ""0.88"", ""RANGE_SL_WIDTH_FRAC"": ""0.1"", ""RANGE_WICK_FRAC_MIN"": ""0.55""}"
33,range_live_side_exit_repair_v1_r033,/root/by-bot/backtest_runs/portfolio_20260618_185313_range_live_side_exit_repair_v1_r033,False,trades<30;pf<1.15;net<1.0,-1000.0,0,0.0,0.0,0.0,0.0,0,0,0,0.0,"{""RANGE_ALLOW_LONG"": ""0"", ""RANGE_ALLOW_SHORT"": ""0"", ""RANGE_RECLAIM_FRAC"": ""0.015"", ""RANGE_SL_ATR_MULT"": ""1.0"", ""RANGE_SL_WIDTH_FRAC"": ""0.1"", ""RANGE_WICK_FRAC_MIN"": ""0.55""}"
34,range_live_side_exit_repair_v1_r034,/root/by-bot/backtest_runs/portfolio_20260618_185429_range_live_side_exit_repair_v1_r034,False,trades<30;pf<1.15;net<1.0,-1000.0,0,0.0,0.0,0.0,0.0,0,0,0,0.0,"{""RANGE_ALLOW_LONG"": ""0"", ""RANGE_ALLOW_SHORT"": ""0"", ""RANGE_RECLAIM_FRAC"": ""0.015"", ""RANGE_SL_ATR_MULT"": ""0.8"", ""RANGE_SL_WIDTH_FRAC"": ""0.11"", ""RANGE_WICK_FRAC_MIN"": ""0.55""}"
35,range_live_side_exit_repair_v1_r035,/root/by-bot/backtest_runs/portfolio_20260618_185559_range_live_side_exit_repair_v1_r035,False,trades<30;pf<1.15;net<1.0,-1000.0,0,0.0,0.0,0.0,0.0,0,0,0,0.0,"{""RANGE_ALLOW_LONG"": ""0"", ""RANGE_ALLOW_SHORT"": ""0"", ""RANGE_RECLAIM_FRAC"": ""0.015"", ""RANGE_SL_ATR_MULT"": ""0.88"", ""RANGE_SL_WIDTH_FRAC"": ""0.11"", ""RANGE_WICK_FRAC_MIN"": ""0.55""}"
36,range_live_side_exit_repair_v1_r036,/root/by-bot/backtest_runs/portfolio_20260618_185718_range_live_side_exit_repair_v1_r036,False,trades<30;pf<1.15;net<1.0,-1000.0,0,0.0,0.0,0.0,0.0,0,0,0,0.0,"{""RANGE_ALLOW_LONG"": ""0"", ""RANGE_ALLOW_SHORT"": ""0"", ""RANGE_RECLAIM_FRAC"": ""0.015"", ""RANGE_SL_ATR_MULT"": ""1.0"", ""RANGE_SL_WIDTH_FRAC"": ""0.11"", ""RANGE_WICK_FRAC_MIN"": ""0.55""}"
37,range_live_side_exit_repair_v1_r037,/root/by-bot/backtest_runs/portfolio_20260618_185843_range_live_side_exit_repair_v1_r037,False,trades<30;pf<1.15;net<1.0,-1000.0,0,0.0,0.0,0.0,0.0,0,0,0,0.0,"{""RANGE_ALLOW_LONG"": ""0"", ""RANGE_ALLOW_SHORT"": ""0"", ""RANGE_RECLAIM_FRAC"": ""0.02"", ""RANGE_SL_ATR_MULT"": ""0.8"", ""RANGE_SL_WIDTH_FRAC"": ""0.1"", ""RANGE_WICK_FRAC_MIN"": ""0.35""}"
38,range_live_side_exit_repair_v1_r038,/root/by-bot/backtest_runs/portfolio_20260618_190003_range_live_side_exit_repair_v1_r038,False,trades<30;pf<1.15;net<1.0,-1000.0,0,0.0,0.0,0.0,0.0,0,0,0,0.0,"{""RANGE_ALLOW_LONG"": ""0"", ""RANGE_ALLOW_SHORT"": ""0"", ""RANGE_RECLAIM_FRAC"": ""0.02"", ""RANGE_SL_ATR_MULT"": ""0.88"", ""RANGE_SL_WIDTH_FRAC"": ""0.1"", ""RANGE_WICK_FRAC_MIN"": ""0.35""}"
39,range_live_side_exit_repair_v1_r039,/root/by-bot/backtest_runs/portfolio_20260618_190208_range_live_side_exit_repair_v1_r039,False,trades<30;pf<1.15;net<1.0,-1000.0,0,0.0,0.0,0.0,0.0,0,0,0,0.0,"{""RANGE_ALLOW_LONG"": ""0"", ""RANGE_ALLOW_SHORT"": ""0"", ""RANGE_RECLAIM_FRAC"": ""0.02"", ""RANGE_SL_ATR_MULT"": ""1.0"", ""RANGE_SL_WIDTH_FRAC"": ""0.1"", ""RANGE_WICK_FRAC_MIN"": ""0.35""}"
40,range_live_side_exit_repair_v1_r040,/root/by-bot/backtest_runs/portfolio_20260618_190330_range_live_side_exit_repair_v1_r040,False,trades<30;pf<1.15;net<1.0,-1000.0,0,0.0,0.0,0.0,0.0,0,0,0,0.0,"{""RANGE_ALLOW_LONG"": ""0"", ""RANGE_ALLOW_SHORT"": ""0"", ""RANGE_RECLAIM_FRAC"": ""0.02"", ""RANGE_SL_ATR_MULT"": ""0.8"", ""RANGE_SL_WIDTH_FRAC"": ""0.11"", ""RANGE_WICK_FRAC_MIN"": ""0.35""}"
41,range_live_side_exit_repair_v1_r041,/root/by-bot/backtest_runs/portfolio_20260618_190451_range_live_side_exit_repair_v1_r041,False,trades<30;pf<1.15;net<1.0,-1000.0,0,0.0,0.0,0.0,0.0,0,0,0,0.0,"{""RANGE_ALLOW_LONG"": ""0"", ""RANGE_ALLOW_SHORT"": ""0"", ""RANGE_RECLAIM_FRAC"": ""0.02"", ""RANGE_SL_ATR_MULT"": ""0.88"", ""RANGE_SL_WIDTH_FRAC"": ""0.11"", ""RANGE_WICK_FRAC_MIN"": ""0.35""}"
42,range_live_side_exit_repair_v1_r042,/root/by-bot/backtest_runs/portfolio_20260618_190638_range_live_side_exit_repair_v1_r042,False,trades<30;pf<1.15;net<1.0,-1000.0,0,0.0,0.0,0.0,0.0,0,0,0,0.0,"{""RANGE_ALLOW_LONG"": ""0"", ""RANGE_ALLOW_SHORT"": ""0"", ""RANGE_RECLAIM_FRAC"": ""0.02"", ""RANGE_SL_ATR_MULT"": ""1.0"", ""RANGE_SL_WIDTH_FRAC"": ""0.11"", ""RANGE_WICK_FRAC_MIN"": ""0.35""}"
43,range_live_side_exit_repair_v1_r043,/root/by-bot/backtest_runs/portfolio_20260618_190755_range_live_side_exit_repair_v1_r043,False,trades<30;pf<1.15;net<1.0,-1000.0,0,0.0,0.0,0.0,0.0,0,0,0,0.0,"{""RANGE_ALLOW_LONG"": ""0"", ""RANGE_ALLOW_SHORT"": ""0"", ""RANGE_RECLAIM_FRAC"": ""0.02"", ""RANGE_SL_ATR_MULT"": ""0.8"", ""RANGE_SL_WIDTH_FRAC"": ""0.1"", ""RANGE_WICK_FRAC_MIN"": ""0.45""}"
44,range_live_side_exit_repair_v1_r044,/root/by-bot/backtest_runs/portfolio_20260618_190921_range_live_side_exit_repair_v1_r044,False,trades<30;pf<1.15;net<1.0,-1000.0,0,0.0,0.0,0.0,0.0,0,0,0,0.0,"{""RANGE_ALLOW_LONG"": ""0"", ""RANGE_ALLOW_SHORT"": ""0"", ""RANGE_RECLAIM_FRAC"": ""0.02"", ""RANGE_SL_ATR_MULT"": ""0.88"", ""RANGE_SL_WIDTH_FRAC"": ""0.1"", ""RANGE_WICK_FRAC_MIN"": ""0.45""}"
45,range_live_side_exit_repair_v1_r045,/root/by-bot/backtest_runs/portfolio_20260618_191102_range_live_side_exit_repair_v1_r045,False,trades<30;pf<1.15;net<1.0,-1000.0,0,0.0,0.0,0.0,0.0,0,0,0,0.0,"{""RANGE_ALLOW_LONG"": ""0"", ""RANGE_ALLOW_SHORT"": ""0"", ""RANGE_RECLAIM_FRAC"": ""0.02"", ""RANGE_SL_ATR_MULT"": ""1.0"", ""RANGE_SL_WIDTH_FRAC"": ""0.1"", ""RANGE_WICK_FRAC_MIN"": ""0.45""}"
46,range_live_side_exit_repair_v1_r046,/root/by-bot/backtest_runs/portfolio_20260618_191236_range_live_side_exit_repair_v1_r046,False,trades<30;pf<1.15;net<1.0,-1000.0,0,0.0,0.0,0.0,0.0,0,0,0,0.0,"{""RANGE_ALLOW_LONG"": ""0"", ""RANGE_ALLOW_SHORT"": ""0"", ""RANGE_RECLAIM_FRAC"": ""0.02"", ""RANGE_SL_ATR_MULT"": ""0.8"", ""RANGE_SL_WIDTH_FRAC"": ""0.11"", ""RANGE_WICK_FRAC_MIN"": ""0.45""}"
47,range_live_side_exit_repair_v1_r047,/root/by-bot/backtest_runs/portfolio_20260618_191400_range_live_side_exit_repair_v1_r047,False,trades<30;pf<1.15;net<1.0,-1000.0,0,0.0,0.0,0.0,0.0,0,0,0,0.0,"{""RANGE_ALLOW_LONG"": ""0"", ""RANGE_ALLOW_SHORT"": ""0"", ""RANGE_RECLAIM_FRAC"": ""0.02"", ""RANGE_SL_ATR_MULT"": ""0.88"", ""RANGE_SL_WIDTH_FRAC"": ""0.11"", ""RANGE_WICK_FRAC_MIN"": ""0.45""}"
48,range_live_side_exit_repair_v1_r048,/root/by-bot/backtest_runs/portfolio_20260618_191539_range_live_side_exit_repair_v1_r048,False,trades<30;pf<1.15;net<1.0,-1000.0,0,0.0,0.0,0.0,0.0,0,0,0,0.0,"{""RANGE_ALLOW_LONG"": ""0"", ""RANGE_ALLOW_SHORT"": ""0"", ""RANGE_RECLAIM_FRAC"": ""0.02"", ""RANGE_SL_ATR_MULT"": ""1.0"", ""RANGE_SL_WIDTH_FRAC"": ""0.11"", ""RANGE_WICK_FRAC_MIN"": ""0.45""}"
49,range_live_side_exit_repair_v1_r049,/root/by-bot/backtest_runs/portfolio_20260618_191656_range_live_side_exit_repair_v1_r049,False,trades<30;pf<1.15;net<1.0,-1000.0,0,0.0,0.0,0.0,0.0,0,0,0,0.0,"{""RANGE_ALLOW_LONG"": ""0"", ""RANGE_ALLOW_SHORT"": ""0"", ""RANGE_RECLAIM_FRAC"": ""0.02"", ""RANGE_SL_ATR_MULT"": ""0.8"", ""RANGE_SL_WIDTH_FRAC"": ""0.1"", ""RANGE_WICK_FRAC_MIN"": ""0.55""}"
50,range_live_side_exit_repair_v1_r050,/root/by-bot/backtest_runs/portfolio_20260618_191828_range_live_side_exit_repair_v1_r050,False,trades<30;pf<1.15;net<1.0,-1000.0,0,0.0,0.0,0.0,0.0,0,0,0,0.0,"{""RANGE_ALLOW_LONG"": ""0"", ""RANGE_ALLOW_SHORT"": ""0"", ""RANGE_RECLAIM_FRAC"": ""0.02"", ""RANGE_SL_ATR_MULT"": ""0.88"", ""RANGE_SL_WIDTH_FRAC"": ""0.1"", ""RANGE_WICK_FRAC_MIN"": ""0.55""}"
51,range_live_side_exit_repair_v1_r051,/root/by-bot/backtest_runs/portfolio_20260618_191948_range_live_side_exit_repair_v1_r051,False,trades<30;pf<1.15;net<1.0,-1000.0,0,0.0,0.0,0.0,0.0,0,0,0,0.0,"{""RANGE_ALLOW_LONG"": ""0"", ""RANGE_ALLOW_SHORT"": ""0"", ""RANGE_RECLAIM_FRAC"": ""0.02"", ""RANGE_SL_ATR_MULT"": ""1.0"", ""RANGE_SL_WIDTH_FRAC"": ""0.1"", ""RANGE_WICK_FRAC_MIN"": ""0.55""}"
52,range_live_side_exit_repair_v1_r052,/root/by-bot/backtest_runs/portfolio_20260618_192134_range_live_side_exit_repair_v1_r052,False,trades<30;pf<1.15;net<1.0,-1000.0,0,0.0,0.0,0.0,0.0,0,0,0,0.0,"{""RANGE_ALLOW_LONG"": ""0"", ""RANGE_ALLOW_SHORT"": ""0"", ""RANGE_RECLAIM_FRAC"": ""0.02"", ""RANGE_SL_ATR_MULT"": ""0.8"", ""RANGE_SL_WIDTH_FRAC"": ""0.11"", ""RANGE_WICK_FRAC_MIN"": ""0.55""}"
53,range_live_side_exit_repair_v1_r053,/root/by-bot/backtest_runs/portfolio_20260618_192254_range_live_side_exit_repair_v1_r053,False,trades<30;pf<1.15;net<1.0,-1000.0,0,0.0,0.0,0.0,0.0,0,0,0,0.0,"{""RANGE_ALLOW_LONG"": ""0"", ""RANGE_ALLOW_SHORT"": ""0"", ""RANGE_RECLAIM_FRAC"": ""0.02"", ""RANGE_SL_ATR_MULT"": ""0.88"", ""RANGE_SL_WIDTH_FRAC"": ""0.11"", ""RANGE_WICK_FRAC_MIN"": ""0.55""}"
54,range_live_side_exit_repair_v1_r054,/root/by-bot/backtest_runs/portfolio_20260618_192415_range_live_side_exit_repair_v1_r054,False,trades<30;pf<1.15;net<1.0,-1000.0,0,0.0,0.0,0.0,0.0,0,0,0,0.0,"{""RANGE_ALLOW_LONG"": ""0"", ""RANGE_ALLOW_SHORT"": ""0"", ""RANGE_RECLAIM_FRAC"": ""0.02"", ""RANGE_SL_ATR_MULT"": ""1.0"", ""RANGE_SL_WIDTH_FRAC"": ""0.11"", ""RANGE_WICK_FRAC_MIN"": ""0.55""}"
78,range_live_side_exit_repair_v1_r078,/root/by-bot/backtest_runs/portfolio_20260618_201852_range_live_side_exit_repair_v1_r078,False,pf<1.15;net<1.0,-1002.7526178449999,157,0.66,1.027,0.274,5.3459,2,3,1,-5.236545229999999,"{""RANGE_ALLOW_LONG"": ""0"", ""RANGE_ALLOW_SHORT"": ""1"", ""RANGE_RECLAIM_FRAC"": ""0.015"", ""RANGE_SL_ATR_MULT"": ""1.0"", ""RANGE_SL_WIDTH_FRAC"": ""0.11"", ""RANGE_WICK_FRAC_MIN"": ""0.35""}"
94,range_live_side_exit_repair_v1_r094,/root/by-bot/backtest_runs/portfolio_20260618_205658_range_live_side_exit_repair_v1_r094,False,pf<1.15;net<1.0,-1003.067666115,148,-1.66,0.929,0.277,5.4536,2,3,1,-2.61897741,"{""RANGE_ALLOW_LONG"": ""0"", ""RANGE_ALLOW_SHORT"": ""1"", ""RANGE_RECLAIM_FRAC"": ""0.02"", ""RANGE_SL_ATR_MULT"": ""0.8"", ""RANGE_SL_WIDTH_FRAC"": ""0.11"", ""RANGE_WICK_FRAC_MIN"": ""0.35""}"
107,range_live_side_exit_repair_v1_r107,/root/by-bot/backtest_runs/portfolio_20260618_212453_range_live_side_exit_repair_v1_r107,False,pf<1.15;net<1.0,-1005.6226191000001,130,-1.41,0.93,0.277,5.3423,2,3,1,-3.230679399999999,"{""RANGE_ALLOW_LONG"": ""0"", ""RANGE_ALLOW_SHORT"": ""1"", ""RANGE_RECLAIM_FRAC"": ""0.02"", ""RANGE_SL_ATR_MULT"": ""0.88"", ""RANGE_SL_WIDTH_FRAC"": ""0.11"", ""RANGE_WICK_FRAC_MIN"": ""0.55""}"
65,range_live_side_exit_repair_v1_r065,/root/by-bot/backtest_runs/portfolio_20260618_194832_range_live_side_exit_repair_v1_r065,False,pf<1.15;net<1.0,-1006.08460579,169,-2.09,0.921,0.26,5.7706,2,3,1,-4.82360386,"{""RANGE_ALLOW_LONG"": ""0"", ""RANGE_ALLOW_SHORT"": ""1"", ""RANGE_RECLAIM_FRAC"": ""0.01"", ""RANGE_SL_ATR_MULT"": ""0.88"", ""RANGE_SL_WIDTH_FRAC"": ""0.11"", ""RANGE_WICK_FRAC_MIN"": ""0.45""}"
76,range_live_side_exit_repair_v1_r076,/root/by-bot/backtest_runs/portfolio_20260618_201426_range_live_side_exit_repair_v1_r076,False,pf<1.15;net<1.0,-1006.373850555,166,-1.1,0.957,0.271,6.3428,2,3,1,-5.04550037,"{""RANGE_ALLOW_LONG"": ""0"", ""RANGE_ALLOW_SHORT"": ""1"", ""RANGE_RECLAIM_FRAC"": ""0.015"", ""RANGE_SL_ATR_MULT"": ""0.8"", ""RANGE_SL_WIDTH_FRAC"": ""0.11"", ""RANGE_WICK_FRAC_MIN"": ""0.35""}"
92,range_live_side_exit_repair_v1_r092,/root/by-bot/backtest_runs/portfolio_20260618_205234_range_live_side_exit_repair_v1_r092,False,pf<1.15;net<1.0,-1006.5477315549999,167,-3.66,0.859,0.251,5.8171,2,3,1,-3.8143543700000007,"{""RANGE_ALLOW_LONG"": ""0"", ""RANGE_ALLOW_SHORT"": ""1"", ""RANGE_RECLAIM_FRAC"": ""0.02"", ""RANGE_SL_ATR_MULT"": ""0.88"", ""RANGE_SL_WIDTH_FRAC"": ""0.1"", ""RANGE_WICK_FRAC_MIN"": ""0.35""}"
98,range_live_side_exit_repair_v1_r098,/root/by-bot/backtest_runs/portfolio_20260618_210636_range_live_side_exit_repair_v1_r098,False,pf<1.15;net<1.0,-1008.1481607100001,165,-3.78,0.854,0.248,6.2839,2,3,1,-4.16290714,"{""RANGE_ALLOW_LONG"": ""0"", ""RANGE_ALLOW_SHORT"": ""1"", ""RANGE_RECLAIM_FRAC"": ""0.02"", ""RANGE_SL_ATR_MULT"": ""0.88"", ""RANGE_SL_WIDTH_FRAC"": ""0.1"", ""RANGE_WICK_FRAC_MIN"": ""0.45""}"
89,range_live_side_exit_repair_v1_r089,/root/by-bot/backtest_runs/portfolio_20260618_204448_range_live_side_exit_repair_v1_r089,False,pf<1.15;net<1.0,-1010.371953415,155,-3.24,0.868,0.252,6.7813,2,3,1,-5.014235609999999,"{""RANGE_ALLOW_LONG"": ""0"", ""RANGE_ALLOW_SHORT"": ""1"", ""RANGE_RECLAIM_FRAC"": ""0.015"", ""RANGE_SL_ATR_MULT"": ""0.88"", ""RANGE_SL_WIDTH_FRAC"": ""0.11"", ""RANGE_WICK_FRAC_MIN"": ""0.55""}"
84,range_live_side_exit_repair_v1_r084,/root/by-bot/backtest_runs/portfolio_20260618_203314_range_live_side_exit_repair_v1_r084,False,pf<1.15;net<1.0,-1010.54450962,158,-2.76,0.889,0.259,7.2739,2,3,1,-5.096473079999999,"{""RANGE_ALLOW_LONG"": ""0"", ""RANGE_ALLOW_SHORT"": ""1"", ""RANGE_RECLAIM_FRAC"": ""0.015"", ""RANGE_SL_ATR_MULT"": ""1.0"", ""RANGE_SL_WIDTH_FRAC"": ""0.11"", ""RANGE_WICK_FRAC_MIN"": ""0.45""}"
66,range_live_side_exit_repair_v1_r066,/root/by-bot/backtest_runs/portfolio_20260618_195048_range_live_side_exit_repair_v1_r066,False,pf<1.15;net<1.0,-1010.797524065,178,-3.08,0.89,0.253,6.93,2,3,1,-5.627682709999999,"{""RANGE_ALLOW_LONG"": ""0"", ""RANGE_ALLOW_SHORT"": ""1"", ""RANGE_RECLAIM_FRAC"": ""0.01"", ""RANGE_SL_ATR_MULT"": ""1.0"", ""RANGE_SL_WIDTH_FRAC"": ""0.11"", ""RANGE_WICK_FRAC_MIN"": ""0.45""}"
88,range_live_side_exit_repair_v1_r088,/root/by-bot/backtest_runs/portfolio_20260618_204247_range_live_side_exit_repair_v1_r088,False,pf<1.15;net<1.0,-1011.6380148999999,167,-3.53,0.867,0.257,6.8154,3,2,2,-4.647476600000001,"{""RANGE_ALLOW_LONG"": ""0"", ""RANGE_ALLOW_SHORT"": ""1"", ""RANGE_RECLAIM_FRAC"": ""0.015"", ""RANGE_SL_ATR_MULT"": ""0.8"", ""RANGE_SL_WIDTH_FRAC"": ""0.11"", ""RANGE_WICK_FRAC_MIN"": ""0.55""}"
105,range_live_side_exit_repair_v1_r105,/root/by-bot/backtest_runs/portfolio_20260618_212056_range_live_side_exit_repair_v1_r105,False,pf<1.15;net<1.0,-1011.89118033,156,-4.06,0.834,0.256,7.0417,3,2,2,-3.7705202199999994,"{""RANGE_ALLOW_LONG"": ""0"", ""RANGE_ALLOW_SHORT"": ""1"", ""RANGE_RECLAIM_FRAC"": ""0.02"", ""RANGE_SL_ATR_MULT"": ""1.0"", ""RANGE_SL_WIDTH_FRAC"": ""0.1"", ""RANGE_WICK_FRAC_MIN"": ""0.55""}"
83,range_live_side_exit_repair_v1_r083,/root/by-bot/backtest_runs/portfolio_20260618_202949_range_live_side_exit_repair_v1_r083,False,pf<1.15;net<1.0,-1011.9340067750001,158,-4.59,0.821,0.241,6.8505,2,3,1,-5.1233378499999995,"{""RANGE_ALLOW_LONG"": ""0"", ""RANGE_ALLOW_SHORT"": ""1"", ""RANGE_RECLAIM_FRAC"": ""0.015"", ""RANGE_SL_ATR_MULT"": ""0.88"", ""RANGE_SL_WIDTH_FRAC"": ""0.11"", ""RANGE_WICK_FRAC_MIN"": ""0.45""}"
74,range_live_side_exit_repair_v1_r074,/root/by-bot/backtest_runs/portfolio_20260618_200931_range_live_side_exit_repair_v1_r074,False,pf<1.15;net<1.0,-1011.952062415,175,-5.02,0.816,0.234,7.54,2,3,1,-4.03204161,"{""RANGE_ALLOW_LONG"": ""0"", ""RANGE_ALLOW_SHORT"": ""1"", ""RANGE_RECLAIM_FRAC"": ""0.015"", ""RANGE_SL_ATR_MULT"": ""0.88"", ""RANGE_SL_WIDTH_FRAC"": ""0.1"", ""RANGE_WICK_FRAC_MIN"": ""0.35""}"
99,range_live_side_exit_repair_v1_r099,/root/by-bot/backtest_runs/portfolio_20260618_210821_range_live_side_exit_repair_v1_r099,False,pf<1.15;net<1.0,-1012.236176125,159,-3.84,0.846,0.252,7.9747,2,3,1,-4.50585075,"{""RANGE_ALLOW_LONG"": ""0"", ""RANGE_ALLOW_SHORT"": ""1"", ""RANGE_RECLAIM_FRAC"": ""0.02"", ""RANGE_SL_ATR_MULT"": ""1.0"", ""RANGE_SL_WIDTH_FRAC"": ""0.1"", ""RANGE_WICK_FRAC_MIN"": ""0.45""}"
58,range_live_side_exit_repair_v1_r058,/root/by-bot/backtest_runs/portfolio_20260618_193251_range_live_side_exit_repair_v1_r058,False,pf<1.15;net<1.0,-1012.3206056199999,167,-3.4,0.871,0.246,7.2652,2,3,1,-5.9401370799999995,"{""RANGE_ALLOW_LONG"": ""0"", ""RANGE_ALLOW_SHORT"": ""1"", ""RANGE_RECLAIM_FRAC"": ""0.01"", ""RANGE_SL_ATR_MULT"": ""0.8"", ""RANGE_SL_WIDTH_FRAC"": ""0.11"", ""RANGE_WICK_FRAC_MIN"": ""0.35""}"
56,range_live_side_exit_repair_v1_r056,/root/by-bot/backtest_runs/portfolio_20260618_192809_range_live_side_exit_repair_v1_r056,False,pf<1.15;net<1.0,-1012.5266639800001,193,-5.63,0.812,0.228,6.5317,2,3,1,-5.271509320000001,"{""RANGE_ALLOW_LONG"": ""0"", ""RANGE_ALLOW_SHORT"": ""1"", ""RANGE_RECLAIM_FRAC"": ""0.01"", ""RANGE_SL_ATR_MULT"": ""0.88"", ""RANGE_SL_WIDTH_FRAC"": ""0.1"", ""RANGE_WICK_FRAC_MIN"": ""0.35""}"
60,range_live_side_exit_repair_v1_r060,/root/by-bot/backtest_runs/portfolio_20260618_193721_range_live_side_exit_repair_v1_r060,False,pf<1.15;net<1.0,-1012.78534119,177,-3.79,0.865,0.249,7.3481,2,3,1,-5.82742746,"{""RANGE_ALLOW_LONG"": ""0"", ""RANGE_ALLOW_SHORT"": ""1"", ""RANGE_RECLAIM_FRAC"": ""0.01"", ""RANGE_SL_ATR_MULT"": ""1.0"", ""RANGE_SL_WIDTH_FRAC"": ""0.11"", ""RANGE_WICK_FRAC_MIN"": ""0.35""}"
100,range_live_side_exit_repair_v1_r100,/root/by-bot/backtest_runs/portfolio_20260618_211023_range_live_side_exit_repair_v1_r100,False,pf<1.15;net<1.0,-1012.884483155,146,-3.84,0.837,0.253,6.7532,3,2,2,-4.19338877,"{""RANGE_ALLOW_LONG"": ""0"", ""RANGE_ALLOW_SHORT"": ""1"", ""RANGE_RECLAIM_FRAC"": ""0.02"", ""RANGE_SL_ATR_MULT"": ""0.8"", ""RANGE_SL_WIDTH_FRAC"": ""0.11"", ""RANGE_WICK_FRAC_MIN"": ""0.45""}"
64,range_live_side_exit_repair_v1_r064,/root/by-bot/backtest_runs/portfolio_20260618_194637_range_live_side_exit_repair_v1_r064,False,pf<1.15;net<1.0,-1013.225070105,168,-3.14,0.881,0.25,7.2167,2,3,1,-6.8157800700000015,"{""RANGE_ALLOW_LONG"": ""0"", ""RANGE_ALLOW_SHORT"": ""1"", ""RANGE_RECLAIM_FRAC"": ""0.01"", ""RANGE_SL_ATR_MULT"": ""0.8"", ""RANGE_SL_WIDTH_FRAC"": ""0.11"", ""RANGE_WICK_FRAC_MIN"": ""0.45""}"
71,range_live_side_exit_repair_v1_r071,/root/by-bot/backtest_runs/portfolio_20260618_200249_range_live_side_exit_repair_v1_r071,False,pf<1.15;dd>8.0;net<1.0,-1013.87410195,164,-3.15,0.878,0.25,8.0581,2,3,1,-6.118601300000001,"{""RANGE_ALLOW_LONG"": ""0"", ""RANGE_ALLOW_SHORT"": ""1"", ""RANGE_RECLAIM_FRAC"": ""0.01"", ""RANGE_SL_ATR_MULT"": ""0.88"", ""RANGE_SL_WIDTH_FRAC"": ""0.11"", ""RANGE_WICK_FRAC_MIN"": ""0.55""}"
73,range_live_side_exit_repair_v1_r073,/root/by-bot/backtest_runs/portfolio_20260618_200718_range_live_side_exit_repair_v1_r073,False,pf<1.15;net<1.0,-1014.036734385,181,-6.5,0.773,0.227,7.3286,2,3,1,-4.51968959,"{""RANGE_ALLOW_LONG"": ""0"", ""RANGE_ALLOW_SHORT"": ""1"", ""RANGE_RECLAIM_FRAC"": ""0.015"", ""RANGE_SL_ATR_MULT"": ""0.8"", ""RANGE_SL_WIDTH_FRAC"": ""0.1"", ""RANGE_WICK_FRAC_MIN"": ""0.35""}"
103,range_live_side_exit_repair_v1_r103,/root/by-bot/backtest_runs/portfolio_20260618_211653_range_live_side_exit_repair_v1_r103,False,pf<1.15;net<1.0,-1014.070141005,174,-5.08,0.816,0.247,7.1047,3,2,2,-4.64316067,"{""RANGE_ALLOW_LONG"": ""0"", ""RANGE_ALLOW_SHORT"": ""1"", ""RANGE_RECLAIM_FRAC"": ""0.02"", ""RANGE_SL_ATR_MULT"": ""0.8"", ""RANGE_SL_WIDTH_FRAC"": ""0.1"", ""RANGE_WICK_FRAC_MIN"": ""0.55""}"
104,range_live_side_exit_repair_v1_r104,/root/by-bot/backtest_runs/portfolio_20260618_211846_range_live_side_exit_repair_v1_r104,False,pf<1.15;net<1.0,-1014.21627448,167,-5.7,0.785,0.234,7.1328,3,2,2,-4.207116320000001,"{""RANGE_ALLOW_LONG"": ""0"", ""RANGE_ALLOW_SHORT"": ""1"", ""RANGE_RECLAIM_FRAC"": ""0.02"", ""RANGE_SL_ATR_MULT"": ""0.88"", ""RANGE_SL_WIDTH_FRAC"": ""0.1"", ""RANGE_WICK_FRAC_MIN"": ""0.55""}"
102,range_live_side_exit_repair_v1_r102,/root/by-bot/backtest_runs/portfolio_20260618_211443_range_live_side_exit_repair_v1_r102,False,pf<1.15;net<1.0,-1014.66190223,140,-2.64,0.881,0.257,7.6287,2,3,1,-6.024334820000001,"{""RANGE_ALLOW_LONG"": ""0"", ""RANGE_ALLOW_SHORT"": ""1"", ""RANGE_RECLAIM_FRAC"": ""0.02"", ""RANGE_SL_ATR_MULT"": ""1.0"", ""RANGE_SL_WIDTH_FRAC"": ""0.11"", ""RANGE_WICK_FRAC_MIN"": ""0.45""}"
108,range_live_side_exit_repair_v1_r108,/root/by-bot/backtest_runs/portfolio_20260618_212715_range_live_side_exit_repair_v1_r108,False,pf<1.15;dd>8.0;net<1.0,-1014.940207315,144,-3.75,0.838,0.25,8.0391,3,2,2,-3.761338209999998,"{""RANGE_ALLOW_LONG"": ""0"", ""RANGE_ALLOW_SHORT"": ""1"", ""RANGE_RECLAIM_FRAC"": ""0.02"", ""RANGE_SL_ATR_MULT"": ""1.0"", ""RANGE_SL_WIDTH_FRAC"": ""0.11"", ""RANGE_WICK_FRAC_MIN"": ""0.55""}"
91,range_live_side_exit_repair_v1_r091,/root/by-bot/backtest_runs/portfolio_20260618_204953_range_live_side_exit_repair_v1_r091,False,pf<1.15;net<1.0,-1015.6041096399999,172,-5.91,0.787,0.244,7.4658,3,2,2,-4.52033976,"{""RANGE_ALLOW_LONG"": ""0"", ""RANGE_ALLOW_SHORT"": ""1"", ""RANGE_RECLAIM_FRAC"": ""0.02"", ""RANGE_SL_ATR_MULT"": ""0.8"", ""RANGE_SL_WIDTH_FRAC"": ""0.1"", ""RANGE_WICK_FRAC_MIN"": ""0.35""}"
67,range_live_side_exit_repair_v1_r067,/root/by-bot/backtest_runs/portfolio_20260618_195256_range_live_side_exit_repair_v1_r067,False,pf<1.15;net<1.0,-1015.909838345,197,-6.51,0.79,0.228,6.9587,3,2,2,-4.92029223,"{""RANGE_ALLOW_LONG"": ""0"", ""RANGE_ALLOW_SHORT"": ""1"", ""RANGE_RECLAIM_FRAC"": ""0.01"", ""RANGE_SL_ATR_MULT"": ""0.8"", ""RANGE_SL_WIDTH_FRAC"": ""0.1"", ""RANGE_WICK_FRAC_MIN"": ""0.55""}"
129,range_live_side_exit_repair_v1_r129,/root/by-bot/backtest_runs/portfolio_20260618_221543_range_live_side_exit_repair_v1_r129,False,pf<1.15;dd>8.0;net<1.0,-1015.91111432,214,-5.22,0.844,0.243,8.7596,3,2,2,-3.55194288,"{""RANGE_ALLOW_LONG"": ""1"", ""RANGE_ALLOW_SHORT"": ""0"", ""RANGE_RECLAIM_FRAC"": ""0.015"", ""RANGE_SL_ATR_MULT"": ""1.0"", ""RANGE_SL_WIDTH_FRAC"": ""0.1"", ""RANGE_WICK_FRAC_MIN"": ""0.35""}"
95,range_live_side_exit_repair_v1_r095,/root/by-bot/backtest_runs/portfolio_20260618_205907_range_live_side_exit_repair_v1_r095,False,pf<1.15;dd>8.0;net<1.0,-1016.320563405,141,-3.68,0.839,0.248,8.4347,2,3,1,-5.303442269999999,"{""RANGE_ALLOW_LONG"": ""0"", ""RANGE_ALLOW_SHORT"": ""1"", ""RANGE_RECLAIM_FRAC"": ""0.02"", ""RANGE_SL_ATR_MULT"": ""0.88"", ""RANGE_SL_WIDTH_FRAC"": ""0.11"", ""RANGE_WICK_FRAC_MIN"": ""0.35""}"
59,range_live_side_exit_repair_v1_r059,/root/by-bot/backtest_runs/portfolio_20260618_193451_range_live_side_exit_repair_v1_r059,False,pf<1.15;dd>8.0;net<1.0,-1017.269330415,174,-5.09,0.818,0.236,8.572,3,2,2,-4.811553610000001,"{""RANGE_ALLOW_LONG"": ""0"", ""RANGE_ALLOW_SHORT"": ""1"", ""RANGE_RECLAIM_FRAC"": ""0.01"", ""RANGE_SL_ATR_MULT"": ""0.88"", ""RANGE_SL_WIDTH_FRAC"": ""0.11"", ""RANGE_WICK_FRAC_MIN"": ""0.35""}"
62,range_live_side_exit_repair_v1_r062,/root/by-bot/backtest_runs/portfolio_20260618_194159_range_live_side_exit_repair_v1_r062,False,pf<1.15;net<1.0,-1017.6038987100001,187,-6.72,0.771,0.219,7.856,2,3,1,-6.01859914,"{""RANGE_ALLOW_LONG"": ""0"", ""RANGE_ALLOW_SHORT"": ""1"", ""RANGE_RECLAIM_FRAC"": ""0.01"", ""RANGE_SL_ATR_MULT"": ""0.88"", ""RANGE_SL_WIDTH_FRAC"": ""0.1"", ""RANGE_WICK_FRAC_MIN"": ""0.45""}"
63,range_live_side_exit_repair_v1_r063,/root/by-bot/backtest_runs/portfolio_20260618_194418_range_live_side_exit_repair_v1_r063,False,pf<1.15;dd>8.0;net<1.0,-1017.61691432,194,-7.21,0.767,0.227,8.3103,2,3,1,-5.02954288,"{""RANGE_ALLOW_LONG"": ""0"", ""RANGE_ALLOW_SHORT"": ""1"", ""RANGE_RECLAIM_FRAC"": ""0.01"", ""RANGE_SL_ATR_MULT"": ""1.0"", ""RANGE_SL_WIDTH_FRAC"": ""0.1"", ""RANGE_WICK_FRAC_MIN"": ""0.45""}"
96,range_live_side_exit_repair_v1_r096,/root/by-bot/backtest_runs/portfolio_20260618_210207_range_live_side_exit_repair_v1_r096,False,pf<1.15;dd>8.0;net<1.0,-1017.68231986,146,-3.57,0.848,0.253,8.4099,3,2,2,-5.399013240000001,"{""RANGE_ALLOW_LONG"": ""0"", ""RANGE_ALLOW_SHORT"": ""1"", ""RANGE_RECLAIM_FRAC"": ""0.02"", ""RANGE_SL_ATR_MULT"": ""1.0"", ""RANGE_SL_WIDTH_FRAC"": ""0.11"", ""RANGE_WICK_FRAC_MIN"": ""0.35""}"
81,range_live_side_exit_repair_v1_r081,/root/by-bot/backtest_runs/portfolio_20260618_202555_range_live_side_exit_repair_v1_r081,False,pf<1.15;dd>8.0;net<1.0,-1017.8195505799999,170,-4.45,0.833,0.247,8.6669,3,2,2,-5.563833720000001,"{""RANGE_ALLOW_LONG"": ""0"", ""RANGE_ALLOW_SHORT"": ""1"", ""RANGE_RECLAIM_FRAC"": ""0.015"", ""RANGE_SL_ATR_MULT"": ""1.0"", ""RANGE_SL_WIDTH_FRAC"": ""0.1"", ""RANGE_WICK_FRAC_MIN"": ""0.45""}"
106,range_live_side_exit_repair_v1_r106,/root/by-bot/backtest_runs/portfolio_20260618_212252_range_live_side_exit_repair_v1_r106,False,pf<1.15;dd>8.0;net<1.0,-1018.58731889,137,-4.8,0.782,0.241,8.1119,3,2,2,-4.6956792599999995,"{""RANGE_ALLOW_LONG"": ""0"", ""RANGE_ALLOW_SHORT"": ""1"", ""RANGE_RECLAIM_FRAC"": ""0.02"", ""RANGE_SL_ATR_MULT"": ""0.8"", ""RANGE_SL_WIDTH_FRAC"": ""0.11"", ""RANGE_WICK_FRAC_MIN"": ""0.55""}"
75,range_live_side_exit_repair_v1_r075,/root/by-bot/backtest_runs/portfolio_20260618_201220_range_live_side_exit_repair_v1_r075,False,pf<1.15;dd>8.0;net<1.0,-1018.610016415,174,-4.93,0.819,0.241,9.2595,3,2,2,-4.91667761,"{""RANGE_ALLOW_LONG"": ""0"", ""RANGE_ALLOW_SHORT"": ""1"", ""RANGE_RECLAIM_FRAC"": ""0.015"", ""RANGE_SL_ATR_MULT"": ""1.0"", ""RANGE_SL_WIDTH_FRAC"": ""0.1"", ""RANGE_WICK_FRAC_MIN"": ""0.35""}"
82,range_live_side_exit_repair_v1_r082,/root/by-bot/backtest_runs/portfolio_20260618_202757_range_live_side_exit_repair_v1_r082,False,pf<1.15;dd>8.0;net<1.0,-1018.725699205,157,-3.97,0.842,0.248,8.9769,3,2,2,-5.89859947,"{""RANGE_ALLOW_LONG"": ""0"", ""RANGE_ALLOW_SHORT"": ""1"", ""RANGE_RECLAIM_FRAC"": ""0.015"", ""RANGE_SL_ATR_MULT"": ""0.8"", ""RANGE_SL_WIDTH_FRAC"": ""0.11"", ""RANGE_WICK_FRAC_MIN"": ""0.45""}"
70,range_live_side_exit_repair_v1_r070,/root/by-bot/backtest_runs/portfolio_20260618_195953_range_live_side_exit_repair_v1_r070,False,pf<1.15;dd>8.0;net<1.0,-1019.081001635,177,-4.63,0.837,0.237,8.9862,2,3,1,-7.168401089999999,"{""RANGE_ALLOW_LONG"": ""0"", ""RANGE_ALLOW_SHORT"": ""1"", ""RANGE_RECLAIM_FRAC"": ""0.01"", ""RANGE_SL_ATR_MULT"": ""0.8"", ""RANGE_SL_WIDTH_FRAC"": ""0.11"", ""RANGE_WICK_FRAC_MIN"": ""0.55""}"
97,range_live_side_exit_repair_v1_r097,/root/by-bot/backtest_runs/portfolio_20260618_210417_range_live_side_exit_repair_v1_r097,False,pf<1.15;dd>8.0;net<1.0,-1019.1116930850001,169,-6.51,0.763,0.237,8.2345,3,2,2,-5.353795389999998,"{""RANGE_ALLOW_LONG"": ""0"", ""RANGE_ALLOW_SHORT"": ""1"", ""RANGE_RECLAIM_FRAC"": ""0.02"", ""RANGE_SL_ATR_MULT"": ""0.8"", ""RANGE_SL_WIDTH_FRAC"": ""0.1"", ""RANGE_WICK_FRAC_MIN"": ""0.45""}"
85,range_live_side_exit_repair_v1_r085,/root/by-bot/backtest_runs/portfolio_20260618_203544_range_live_side_exit_repair_v1_r085,False,pf<1.15;dd>8.0;net<1.0,-1019.13583327,180,-6.32,0.778,0.233,8.6619,3,2,2,-4.952022179999999,"{""RANGE_ALLOW_LONG"": ""0"", ""RANGE_ALLOW_SHORT"": ""1"", ""RANGE_RECLAIM_FRAC"": ""0.015"", ""RANGE_SL_ATR_MULT"": ""0.8"", ""RANGE_SL_WIDTH_FRAC"": ""0.1"", ""RANGE_WICK_FRAC_MIN"": ""0.55""}"
186,range_live_side_exit_repair_v1_r186,/root/by-bot/backtest_runs/portfolio_20260619_003651_range_live_side_exit_repair_v1_r186,False,pf<1.15;dd>8.0;net<1.0,-1020.355982865,342,-6.59,0.879,0.257,9.0742,3,2,2,-4.99972191,"{""RANGE_ALLOW_LONG"": ""1"", ""RANGE_ALLOW_SHORT"": ""1"", ""RANGE_RECLAIM_FRAC"": ""0.015"", ""RANGE_SL_ATR_MULT"": ""1.0"", ""RANGE_SL_WIDTH_FRAC"": ""0.11"", ""RANGE_WICK_FRAC_MIN"": ""0.35""}"
68,range_live_side_exit_repair_v1_r068,/root/by-bot/backtest_runs/portfolio_20260618_195515_range_live_side_exit_repair_v1_r068,False,pf<1.15;dd>8.0;net<1.0,-1020.635002665,192,-8.01,0.74,0.219,8.7712,3,2,2,-4.45373511,"{""RANGE_ALLOW_LONG"": ""0"", ""RANGE_ALLOW_SHORT"": ""1"", ""RANGE_RECLAIM_FRAC"": ""0.01"", ""RANGE_SL_ATR_MULT"": ""0.88"", ""RANGE_SL_WIDTH_FRAC"": ""0.1"", ""RANGE_WICK_FRAC_MIN"": ""0.55""}"
69,range_live_side_exit_repair_v1_r069,/root/by-bot/backtest_runs/portfolio_20260618_195738_range_live_side_exit_repair_v1_r069,False,pf<1.15;dd>8.0;net<1.0,-1020.7568237500001,179,-5.75,0.794,0.235,9.4248,3,2,2,-5.4714825,"{""RANGE_ALLOW_LONG"": ""0"", ""RANGE_ALLOW_SHORT"": ""1"", ""RANGE_RECLAIM_FRAC"": ""0.01"", ""RANGE_SL_ATR_MULT"": ""1.0"", ""RANGE_SL_WIDTH_FRAC"": ""0.1"", ""RANGE_WICK_FRAC_MIN"": ""0.55""}"
79,range_live_side_exit_repair_v1_r079,/root/by-bot/backtest_runs/portfolio_20260618_202122_range_live_side_exit_repair_v1_r079,False,pf<1.15;dd>8.0;net<1.0,-1021.45367117,189,-7.53,0.751,0.222,8.8598,3,2,2,-5.265380779999998,"{""RANGE_ALLOW_LONG"": ""0"", ""RANGE_ALLOW_SHORT"": ""1"", ""RANGE_RECLAIM_FRAC"": ""0.015"", ""RANGE_SL_ATR_MULT"": ""0.8"", ""RANGE_SL_WIDTH_FRAC"": ""0.1"", ""RANGE_WICK_FRAC_MIN"": ""0.45""}"
101,range_live_side_exit_repair_v1_r101,/root/by-bot/backtest_runs/portfolio_20260618_211239_range_live_side_exit_repair_v1_r101,False,pf<1.15;dd>8.0;net<1.0,-1022.66703575,134,-5.19,0.765,0.239,9.8279,3,2,2,-4.575490500000001,"{""RANGE_ALLOW_LONG"": ""0"", ""RANGE_ALLOW_SHORT"": ""1"", ""RANGE_RECLAIM_FRAC"": ""0.02"", ""RANGE_SL_ATR_MULT"": ""0.88"", ""RANGE_SL_WIDTH_FRAC"": ""0.11"", ""RANGE_WICK_FRAC_MIN"": ""0.45""}"
86,range_live_side_exit_repair_v1_r086,/root/by-bot/backtest_runs/portfolio_20260618_203802_range_live_side_exit_repair_v1_r086,False,pf<1.15;dd>8.0;net<1.0,-1022.72288724,176,-8.37,0.705,0.222,9.2908,3,2,2,-4.864858160000001,"{""RANGE_ALLOW_LONG"": ""0"", ""RANGE_ALLOW_SHORT"": ""1"", ""RANGE_RECLAIM_FRAC"": ""0.015"", ""RANGE_SL_ATR_MULT"": ""0.88"", ""RANGE_SL_WIDTH_FRAC"": ""0.1"", ""RANGE_WICK_FRAC_MIN"": ""0.55""}"
72,range_live_side_exit_repair_v1_r072,/root/by-bot/backtest_runs/portfolio_20260618_200453_range_live_side_exit_repair_v1_r072,False,pf<1.15;dd>8.0;net<1.0,-1022.89627769,164,-6.32,0.763,0.226,9.9522,2,3,1,-7.071918459999999,"{""RANGE_ALLOW_LONG"": ""0"", ""RANGE_ALLOW_SHORT"": ""1"", ""RANGE_RECLAIM_FRAC"": ""0.01"", ""RANGE_SL_ATR_MULT"": ""1.0"", ""RANGE_SL_WIDTH_FRAC"": ""0.11"", ""RANGE_WICK_FRAC_MIN"": ""0.55""}"
77,range_live_side_exit_repair_v1_r077,/root/by-bot/backtest_runs/portfolio_20260618_201637_range_live_side_exit_repair_v1_r077,False,pf<1.15;dd>8.0;net<1.0,-1024.105564455,165,-7.59,0.729,0.224,9.857,2,3,1,-6.98904297,"{""RANGE_ALLOW_LONG"": ""0"", ""RANGE_ALLOW_SHORT"": ""1"", ""RANGE_RECLAIM_FRAC"": ""0.015"", ""RANGE_SL_ATR_MULT"": ""0.88"", ""RANGE_SL_WIDTH_FRAC"": ""0.11"", ""RANGE_WICK_FRAC_MIN"": ""0.35""}"
87,range_live_side_exit_repair_v1_r087,/root/by-bot/backtest_runs/portfolio_20260618_204029_range_live_side_exit_repair_v1_r087,False,pf<1.15;dd>8.0;net<1.0,-1026.28532371,169,-6.35,0.767,0.225,11.0586,3,2,2,-6.49874914,"{""RANGE_ALLOW_LONG"": ""0"", ""RANGE_ALLOW_SHORT"": ""1"", ""RANGE_RECLAIM_FRAC"": ""0.015"", ""RANGE_SL_ATR_MULT"": ""1.0"", ""RANGE_SL_WIDTH_FRAC"": ""0.1"", ""RANGE_WICK_FRAC_MIN"": ""0.55""}"
61,range_live_side_exit_repair_v1_r061,/root/by-bot/backtest_runs/portfolio_20260618_193925_range_live_side_exit_repair_v1_r061,False,pf<1.15;dd>8.0;net<1.0,-1027.45778065,199,-9.83,0.695,0.206,10.2243,3,2,2,-5.608787099999998,"{""RANGE_ALLOW_LONG"": ""0"", ""RANGE_ALLOW_SHORT"": ""1"", ""RANGE_RECLAIM_FRAC"": ""0.01"", ""RANGE_SL_ATR_MULT"": ""0.8"", ""RANGE_SL_WIDTH_FRAC"": ""0.1"", ""RANGE_WICK_FRAC_MIN"": ""0.45""}"
57,range_live_side_exit_repair_v1_r057,/root/by-bot/backtest_runs/portfolio_20260618_193030_range_live_side_exit_repair_v1_r057,False,pf<1.15;dd>8.0;net<1.0,-1028.033949375,200,-8.98,0.723,0.21,10.3867,3,2,2,-6.456366249999999,"{""RANGE_ALLOW_LONG"": ""0"", ""RANGE_ALLOW_SHORT"": ""1"", ""RANGE_RECLAIM_FRAC"": ""0.01"", ""RANGE_SL_ATR_MULT"": ""1.0"", ""RANGE_SL_WIDTH_FRAC"": ""0.1"", ""RANGE_WICK_FRAC_MIN"": ""0.35""}"
55,range_live_side_exit_repair_v1_r055,/root/by-bot/backtest_runs/portfolio_20260618_192600_range_live_side_exit_repair_v1_r055,False,pf<1.15;dd>8.0;net<1.0,-1029.515729105,201,-10.31,0.684,0.204,10.7378,3,2,2,-5.912086069999998,"{""RANGE_ALLOW_LONG"": ""0"", ""RANGE_ALLOW_SHORT"": ""1"", ""RANGE_RECLAIM_FRAC"": ""0.01"", ""RANGE_SL_ATR_MULT"": ""0.8"", ""RANGE_SL_WIDTH_FRAC"": ""0.1"", ""RANGE_WICK_FRAC_MIN"": ""0.35""}"
90,range_live_side_exit_repair_v1_r090,/root/by-bot/backtest_runs/portfolio_20260618_204736_range_live_side_exit_repair_v1_r090,False,pf<1.15;dd>8.0;net<1.0,-1029.9062383550001,149,-8.32,0.671,0.208,11.1551,3,2,2,-6.328025569999999,"{""RANGE_ALLOW_LONG"": ""0"", ""RANGE_ALLOW_SHORT"": ""1"", ""RANGE_RECLAIM_FRAC"": ""0.015"", ""RANGE_SL_ATR_MULT"": ""1.0"", ""RANGE_SL_WIDTH_FRAC"": ""0.11"", ""RANGE_WICK_FRAC_MIN"": ""0.55""}"
182,range_live_side_exit_repair_v1_r182,/root/by-bot/backtest_runs/portfolio_20260619_002535_range_live_side_exit_repair_v1_r182,False,pf<1.15;dd>8.0;net<1.0,-1030.43291022,362,-10.1,0.825,0.235,11.4118,3,2,2,-5.792873480000001,"{""RANGE_ALLOW_LONG"": ""1"", ""RANGE_ALLOW_SHORT"": ""1"", ""RANGE_RECLAIM_FRAC"": ""0.015"", ""RANGE_SL_ATR_MULT"": ""0.88"", ""RANGE_SL_WIDTH_FRAC"": ""0.1"", ""RANGE_WICK_FRAC_MIN"": ""0.35""}"
80,range_live_side_exit_repair_v1_r080,/root/by-bot/backtest_runs/portfolio_20260618_202331_range_live_side_exit_repair_v1_r080,False,pf<1.15;dd>8.0;net<1.0,-1031.32557257,172,-9.67,0.656,0.203,11.4791,3,2,2,-6.64224838,"{""RANGE_ALLOW_LONG"": ""0"", ""RANGE_ALLOW_SHORT"": ""1"", ""RANGE_RECLAIM_FRAC"": ""0.015"", ""RANGE_SL_ATR_MULT"": ""0.88"", ""RANGE_SL_WIDTH_FRAC"": ""0.1"", ""RANGE_WICK_FRAC_MIN"": ""0.45""}"
190,range_live_side_exit_repair_v1_r190,/root/by-bot/backtest_runs/portfolio_20260619_004851_range_live_side_exit_repair_v1_r190,False,pf<1.15;dd>8.0;net<1.0,-1033.232918665,353,-10.02,0.823,0.246,12.27,3,2,2,-6.579279110000003,"{""RANGE_ALLOW_LONG"": ""1"", ""RANGE_ALLOW_SHORT"": ""1"", ""RANGE_RECLAIM_FRAC"": ""0.015"", ""RANGE_SL_ATR_MULT"": ""0.8"", ""RANGE_SL_WIDTH_FRAC"": ""0.11"", ""RANGE_WICK_FRAC_MIN"": ""0.45""}"
206,range_live_side_exit_repair_v1_r206,/root/by-bot/backtest_runs/portfolio_20260619_014113_range_live_side_exit_repair_v1_r206,False,pf<1.15;dd>8.0;net<1.0,-1033.63924147,337,-10.79,0.8,0.231,13.0248,3,2,2,-5.2277609799999984,"{""RANGE_ALLOW_LONG"": ""1"", ""RANGE_ALLOW_SHORT"": ""1"", ""RANGE_RECLAIM_FRAC"": ""0.02"", ""RANGE_SL_ATR_MULT"": ""0.88"", ""RANGE_SL_WIDTH_FRAC"": ""0.1"", ""RANGE_WICK_FRAC_MIN"": ""0.45""}"
180,range_live_side_exit_repair_v1_r180,/root/by-bot/backtest_runs/portfolio_20260619_002024_range_live_side_exit_repair_v1_r180,False,pf<1.15;dd>8.0;net<1.0,-1037.589022335,341,-11.2,0.797,0.235,13.4587,3,2,2,-6.95441489,"{""RANGE_ALLOW_LONG"": ""1"", ""RANGE_ALLOW_SHORT"": ""1"", ""RANGE_RECLAIM_FRAC"": ""0.01"", ""RANGE_SL_ATR_MULT"": ""1.0"", ""RANGE_SL_WIDTH_FRAC"": ""0.11"", ""RANGE_WICK_FRAC_MIN"": ""0.55""}"
111,range_live_side_exit_repair_v1_r111,/root/by-bot/backtest_runs/portfolio_20260618_213348_range_live_side_exit_repair_v1_r111,False,pf<1.15;dd>8.0;net<1.0;neg_months>3;neg_streak>2,-2017.0614198199999,220,-5.43,0.842,0.241,9.1727,4,1,4,-2.26667988,"{""RANGE_ALLOW_LONG"": ""1"", ""RANGE_ALLOW_SHORT"": ""0"", ""RANGE_RECLAIM_FRAC"": ""0.01"", ""RANGE_SL_ATR_MULT"": ""1.0"", ""RANGE_SL_WIDTH_FRAC"": ""0.1"", ""RANGE_WICK_FRAC_MIN"": ""0.35""}"
117,range_live_side_exit_repair_v1_r117,/root/by-bot/backtest_runs/portfolio_20260618_214739_range_live_side_exit_repair_v1_r117,False,pf<1.15;dd>8.0;net<1.0;neg_months>3;neg_streak>2,-2018.3920269550001,210,-5.48,0.831,0.238,8.9528,5,0,5,-2.07361797,"{""RANGE_ALLOW_LONG"": ""1"", ""RANGE_ALLOW_SHORT"": ""0"", ""RANGE_RECLAIM_FRAC"": ""0.01"", ""RANGE_SL_ATR_MULT"": ""1.0"", ""RANGE_SL_WIDTH_FRAC"": ""0.1"", ""RANGE_WICK_FRAC_MIN"": ""0.45""}"
135,range_live_side_exit_repair_v1_r135,/root/by-bot/backtest_runs/portfolio_20260618_222853_range_live_side_exit_repair_v1_r135,False,pf<1.15;dd>8.0;net<1.0;neg_months>3,-2022.437132775,209,-7.86,0.763,0.225,9.43,4,1,2,-3.56342185,"{""RANGE_ALLOW_LONG"": ""1"", ""RANGE_ALLOW_SHORT"": ""0"", ""RANGE_RECLAIM_FRAC"": ""0.015"", ""RANGE_SL_ATR_MULT"": ""1.0"", ""RANGE_SL_WIDTH_FRAC"": ""0.1"", ""RANGE_WICK_FRAC_MIN"": ""0.45""}"
123,range_live_side_exit_repair_v1_r123,/root/by-bot/backtest_runs/portfolio_20260618_220152_range_live_side_exit_repair_v1_r123,False,pf<1.15;dd>8.0;net<1.0;neg_months>3;neg_streak>2,-2022.773536155,209,-7.0,0.788,0.23,10.4497,4,1,4,-3.1160907699999996,"{""RANGE_ALLOW_LONG"": ""1"", ""RANGE_ALLOW_SHORT"": ""0"", ""RANGE_RECLAIM_FRAC"": ""0.01"", ""RANGE_SL_ATR_MULT"": ""1.0"", ""RANGE_SL_WIDTH_FRAC"": ""0.1"", ""RANGE_WICK_FRAC_MIN"": ""0.55""}"
134,range_live_side_exit_repair_v1_r134,/root/by-bot/backtest_runs/portfolio_20260618_222638_range_live_side_exit_repair_v1_r134,False,pf<1.15;dd>8.0;net<1.0;neg_months>3;neg_streak>2,-2023.93492312,207,-7.29,0.78,0.227,10.1267,5,0,5,-2.755682079999999,"{""RANGE_ALLOW_LONG"": ""1"", ""RANGE_ALLOW_SHORT"": ""0"", ""RANGE_RECLAIM_FRAC"": ""0.015"", ""RANGE_SL_ATR_MULT"": ""0.88"", ""RANGE_SL_WIDTH_FRAC"": ""0.1"", ""RANGE_WICK_FRAC_MIN"": ""0.45""}"
139,range_live_side_exit_repair_v1_r139,/root/by-bot/backtest_runs/portfolio_20260618_223659_range_live_side_exit_repair_v1_r139,False,pf<1.15;dd>8.0;net<1.0;neg_months>3;neg_streak>2,-2028.10887493,207,-8.61,0.739,0.227,11.6478,4,1,4,-3.787516619999999,"{""RANGE_ALLOW_LONG"": ""1"", ""RANGE_ALLOW_SHORT"": ""0"", ""RANGE_RECLAIM_FRAC"": ""0.015"", ""RANGE_SL_ATR_MULT"": ""0.8"", ""RANGE_SL_WIDTH_FRAC"": ""0.1"", ""RANGE_WICK_FRAC_MIN"": ""0.55""}"
174,range_live_side_exit_repair_v1_r174,/root/by-bot/backtest_runs/portfolio_20260619_000212_range_live_side_exit_repair_v1_r174,False,pf<1.15;dd>8.0;net<1.0;neg_months>3,-2028.11112872,347,-8.53,0.845,0.242,11.3084,4,1,2,-4.305552479999999,"{""RANGE_ALLOW_LONG"": ""1"", ""RANGE_ALLOW_SHORT"": ""1"", ""RANGE_RECLAIM_FRAC"": ""0.01"", ""RANGE_SL_ATR_MULT"": ""1.0"", ""RANGE_SL_WIDTH_FRAC"": ""0.11"", ""RANGE_WICK_FRAC_MIN"": ""0.45""}"
112,range_live_side_exit_repair_v1_r112,/root/by-bot/backtest_runs/portfolio_20260618_213622_range_live_side_exit_repair_v1_r112,False,pf<1.15;dd>8.0;net<1.0;neg_months>3;neg_streak>2,-2028.8814248550002,207,-8.87,0.735,0.227,11.3203,4,1,4,-4.531216569999999,"{""RANGE_ALLOW_LONG"": ""1"", ""RANGE_ALLOW_SHORT"": ""0"", ""RANGE_RECLAIM_FRAC"": ""0.01"", ""RANGE_SL_ATR_MULT"": ""0.8"", ""RANGE_SL_WIDTH_FRAC"": ""0.11"", ""RANGE_WICK_FRAC_MIN"": ""0.35""}"
201,range_live_side_exit_repair_v1_r201,/root/by-bot/backtest_runs/portfolio_20260619_012444_range_live_side_exit_repair_v1_r201,False,pf<1.15;dd>8.0;net<1.0;neg_months>3;neg_streak>2,-2030.03826552,338,-9.65,0.821,0.237,11.7037,4,1,3,-4.1672436799999995,"{""RANGE_ALLOW_LONG"": ""1"", ""RANGE_ALLOW_SHORT"": ""1"", ""RANGE_RECLAIM_FRAC"": ""0.02"", ""RANGE_SL_ATR_MULT"": ""1.0"", ""RANGE_SL_WIDTH_FRAC"": ""0.1"", ""RANGE_WICK_FRAC_MIN"": ""0.35""}"
140,range_live_side_exit_repair_v1_r140,/root/by-bot/backtest_runs/portfolio_20260618_223906_range_live_side_exit_repair_v1_r140,False,pf<1.15;dd>8.0;net<1.0;neg_months>3;neg_streak>2,-2030.0491308700002,195,-9.63,0.695,0.215,11.732,5,0,5,-2.8194205799999996,"{""RANGE_ALLOW_LONG"": ""1"", ""RANGE_ALLOW_SHORT"": ""0"", ""RANGE_RECLAIM_FRAC"": ""0.015"", ""RANGE_SL_ATR_MULT"": ""0.88"", ""RANGE_SL_WIDTH_FRAC"": ""0.1"", ""RANGE_WICK_FRAC_MIN"": ""0.55""}"
128,range_live_side_exit_repair_v1_r128,/root/by-bot/backtest_runs/portfolio_20260618_221335_range_live_side_exit_repair_v1_r128,False,pf<1.15;dd>8.0;net<1.0;neg_months>3;neg_streak>2,-2030.51412312,204,-9.62,0.712,0.216,12.0183,5,0,5,-2.755682079999999,"{""RANGE_ALLOW_LONG"": ""1"", ""RANGE_ALLOW_SHORT"": ""0"", ""RANGE_RECLAIM_FRAC"": ""0.015"", ""RANGE_SL_ATR_MULT"": ""0.88"", ""RANGE_SL_WIDTH_FRAC"": ""0.1"", ""RANGE_WICK_FRAC_MIN"": ""0.35""}"
120,range_live_side_exit_repair_v1_r120,/root/by-bot/backtest_runs/portfolio_20260618_215428_range_live_side_exit_repair_v1_r120,False,pf<1.15;dd>8.0;net<1.0;neg_months>3;neg_streak>2,-2030.61388739,201,-9.15,0.721,0.219,12.227,4,1,4,-4.253258260000001,"{""RANGE_ALLOW_LONG"": ""1"", ""RANGE_ALLOW_SHORT"": ""0"", ""RANGE_RECLAIM_FRAC"": ""0.01"", ""RANGE_SL_ATR_MULT"": ""1.0"", ""RANGE_SL_WIDTH_FRAC"": ""0.11"", ""RANGE_WICK_FRAC_MIN"": ""0.45""}"
132,range_live_side_exit_repair_v1_r132,/root/by-bot/backtest_runs/portfolio_20260618_222228_range_live_side_exit_repair_v1_r132,False,pf<1.15;dd>8.0;net<1.0;neg_months>3;neg_streak>2,-2031.8454608600002,196,-10.0,0.691,0.219,11.7265,5,0,5,-3.7283072399999995,"{""RANGE_ALLOW_LONG"": ""1"", ""RANGE_ALLOW_SHORT"": ""0"", ""RANGE_RECLAIM_FRAC"": ""0.015"", ""RANGE_SL_ATR_MULT"": ""1.0"", ""RANGE_SL_WIDTH_FRAC"": ""0.11"", ""RANGE_WICK_FRAC_MIN"": ""0.35""}"
122,range_live_side_exit_repair_v1_r122,/root/by-bot/backtest_runs/portfolio_20260618_215917_range_live_side_exit_repair_v1_r122,False,pf<1.15;dd>8.0;net<1.0;neg_months>3;neg_streak>2,-2032.01494487,219,-9.11,0.739,0.219,12.2492,4,1,4,-5.1896965800000014,"{""RANGE_ALLOW_LONG"": ""1"", ""RANGE_ALLOW_SHORT"": ""0"", ""RANGE_RECLAIM_FRAC"": ""0.01"", ""RANGE_SL_ATR_MULT"": ""0.88"", ""RANGE_SL_WIDTH_FRAC"": ""0.1"", ""RANGE_WICK_FRAC_MIN"": ""0.55""}"
121,range_live_side_exit_repair_v1_r121,/root/by-bot/backtest_runs/portfolio_20260618_215701_range_live_side_exit_repair_v1_r121,False,pf<1.15;dd>8.0;net<1.0;neg_months>3;neg_streak>2,-2032.644873015,222,-9.44,0.734,0.221,12.5292,5,0,5,-3.63898201,"{""RANGE_ALLOW_LONG"": ""1"", ""RANGE_ALLOW_SHORT"": ""0"", ""RANGE_RECLAIM_FRAC"": ""0.01"", ""RANGE_SL_ATR_MULT"": ""0.8"", ""RANGE_SL_WIDTH_FRAC"": ""0.1"", ""RANGE_WICK_FRAC_MIN"": ""0.55""}"
147,range_live_side_exit_repair_v1_r147,/root/by-bot/backtest_runs/portfolio_20260618_225431_range_live_side_exit_repair_v1_r147,False,pf<1.15;dd>8.0;net<1.0;neg_months>3;neg_streak>2,-2032.897148415,186,-10.48,0.66,0.21,12.516,5,0,5,-2.9927656100000006,"{""RANGE_ALLOW_LONG"": ""1"", ""RANGE_ALLOW_SHORT"": ""0"", ""RANGE_RECLAIM_FRAC"": ""0.02"", ""RANGE_SL_ATR_MULT"": ""1.0"", ""RANGE_SL_WIDTH_FRAC"": ""0.1"", ""RANGE_WICK_FRAC_MIN"": ""0.35""}"
155,range_live_side_exit_repair_v1_r155,/root/by-bot/backtest_runs/portfolio_20260618_231242_range_live_side_exit_repair_v1_r155,False,pf<1.15;dd>8.0;net<1.0;neg_months>3;neg_streak>2,-2033.2813537,185,-10.04,0.676,0.216,12.1025,5,0,5,-4.1522358,"{""RANGE_ALLOW_LONG"": ""1"", ""RANGE_ALLOW_SHORT"": ""0"", ""RANGE_RECLAIM_FRAC"": ""0.02"", ""RANGE_SL_ATR_MULT"": ""0.88"", ""RANGE_SL_WIDTH_FRAC"": ""0.11"", ""RANGE_WICK_FRAC_MIN"": ""0.45""}"
141,range_live_side_exit_repair_v1_r141,/root/by-bot/backtest_runs/portfolio_20260618_224133_range_live_side_exit_repair_v1_r141,False,pf<1.15;dd>8.0;net<1.0;neg_months>3;neg_streak>2,-2034.270332775,197,-9.99,0.685,0.203,13.0686,5,0,5,-3.56342185,"{""RANGE_ALLOW_LONG"": ""1"", ""RANGE_ALLOW_SHORT"": ""0"", ""RANGE_RECLAIM_FRAC"": ""0.015"", ""RANGE_SL_ATR_MULT"": ""1.0"", ""RANGE_SL_WIDTH_FRAC"": ""0.1"", ""RANGE_WICK_FRAC_MIN"": ""0.55""}"
131,range_live_side_exit_repair_v1_r131,/root/by-bot/backtest_runs/portfolio_20260618_222020_range_live_side_exit_repair_v1_r131,False,pf<1.15;dd>8.0;net<1.0;neg_months>3;neg_streak>2,-2034.297696325,200,-10.3,0.691,0.22,12.8627,5,0,5,-3.6081975500000008,"{""RANGE_ALLOW_LONG"": ""1"", ""RANGE_ALLOW_SHORT"": ""0"", ""RANGE_RECLAIM_FRAC"": ""0.015"", ""RANGE_SL_ATR_MULT"": ""0.88"", ""RANGE_SL_WIDTH_FRAC"": ""0.11"", ""RANGE_WICK_FRAC_MIN"": ""0.35""}"
185,range_live_side_exit_repair_v1_r185,/root/by-bot/backtest_runs/portfolio_20260619_003348_range_live_side_exit_repair_v1_r185,False,pf<1.15;dd>8.0;net<1.0;neg_months>3,-2035.76137674,333,-11.09,0.795,0.234,12.7672,4,1,2,-5.412651159999999,"{""RANGE_ALLOW_LONG"": ""1"", ""RANGE_ALLOW_SHORT"": ""1"", ""RANGE_RECLAIM_FRAC"": ""0.015"", ""RANGE_SL_ATR_MULT"": ""0.88"", ""RANGE_SL_WIDTH_FRAC"": ""0.11"", ""RANGE_WICK_FRAC_MIN"": ""0.35""}"
126,range_live_side_exit_repair_v1_r126,/root/by-bot/backtest_runs/portfolio_20260618_220852_range_live_side_exit_repair_v1_r126,False,pf<1.15;dd>8.0;net<1.0;neg_months>3;neg_streak>2,-2035.815898075,201,-11.0,0.672,0.209,13.707,4,1,4,-4.267932050000001,"{""RANGE_ALLOW_LONG"": ""1"", ""RANGE_ALLOW_SHORT"": ""0"", ""RANGE_RECLAIM_FRAC"": ""0.01"", ""RANGE_SL_ATR_MULT"": ""1.0"", ""RANGE_SL_WIDTH_FRAC"": ""0.11"", ""RANGE_WICK_FRAC_MIN"": ""0.55""}"
145,range_live_side_exit_repair_v1_r145,/root/by-bot/backtest_runs/portfolio_20260618_225029_range_live_side_exit_repair_v1_r145,False,pf<1.15;dd>8.0;net<1.0;neg_months>3;neg_streak>2,-2035.85686674,211,-11.33,0.675,0.209,13.7296,4,1,4,-4.00111116,"{""RANGE_ALLOW_LONG"": ""1"", ""RANGE_ALLOW_SHORT"": ""0"", ""RANGE_RECLAIM_FRAC"": ""0.02"", ""RANGE_SL_ATR_MULT"": ""0.8"", ""RANGE_SL_WIDTH_FRAC"": ""0.1"", ""RANGE_WICK_FRAC_MIN"": ""0.35""}"
109,range_live_side_exit_repair_v1_r109,/root/by-bot/backtest_runs/portfolio_20260618_212908_range_live_side_exit_repair_v1_r109,False,pf<1.15;dd>8.0;net<1.0;neg_months>3;neg_streak>2,-2035.8698283349997,228,-10.69,0.708,0.211,13.42,5,0,5,-3.601218889999999,"{""RANGE_ALLOW_LONG"": ""1"", ""RANGE_ALLOW_SHORT"": ""0"", ""RANGE_RECLAIM_FRAC"": ""0.01"", ""RANGE_SL_ATR_MULT"": ""0.8"", ""RANGE_SL_WIDTH_FRAC"": ""0.1"", ""RANGE_WICK_FRAC_MIN"": ""0.35""}"
143,range_live_side_exit_repair_v1_r143,/root/by-bot/backtest_runs/portfolio_20260618_224600_range_live_side_exit_repair_v1_r143,False,pf<1.15;dd>8.0;net<1.0;neg_months>3;neg_streak>2,-2035.90434893,189,-10.32,0.677,0.212,12.9004,5,0,5,-4.613032619999999,"{""RANGE_ALLOW_LONG"": ""1"", ""RANGE_ALLOW_SHORT"": ""0"", ""RANGE_RECLAIM_FRAC"": ""0.015"", ""RANGE_SL_ATR_MULT"": ""0.88"", ""RANGE_SL_WIDTH_FRAC"": ""0.11"", ""RANGE_WICK_FRAC_MIN"": ""0.55""}"
138,range_live_side_exit_repair_v1_r138,/root/by-bot/backtest_runs/portfolio_20260618_223456_range_live_side_exit_repair_v1_r138,False,pf<1.15;dd>8.0;net<1.0;neg_months>3;neg_streak>2,-2036.02728342,194,-10.34,0.679,0.216,12.5526,5,0,5,-5.142722280000001,"{""RANGE_ALLOW_LONG"": ""1"", ""RANGE_ALLOW_SHORT"": ""0"", ""RANGE_RECLAIM_FRAC"": ""0.015"", ""RANGE_SL_ATR_MULT"": ""1.0"", ""RANGE_SL_WIDTH_FRAC"": ""0.11"", ""RANGE_WICK_FRAC_MIN"": ""0.45""}"
142,range_live_side_exit_repair_v1_r142,/root/by-bot/backtest_runs/portfolio_20260618_224341_range_live_side_exit_repair_v1_r142,False,pf<1.15;dd>8.0;net<1.0;neg_months>3;neg_streak>2,-2036.23099442,191,-11.29,0.646,0.215,12.9793,5,0,5,-3.94959628,"{""RANGE_ALLOW_LONG"": ""1"", ""RANGE_ALLOW_SHORT"": ""0"", ""RANGE_RECLAIM_FRAC"": ""0.015"", ""RANGE_SL_ATR_MULT"": ""0.8"", ""RANGE_SL_WIDTH_FRAC"": ""0.11"", ""RANGE_WICK_FRAC_MIN"": ""0.55""}"
110,range_live_side_exit_repair_v1_r110,/root/by-bot/backtest_runs/portfolio_20260618_213142_range_live_side_exit_repair_v1_r110,False,pf<1.15;dd>8.0;net<1.0;neg_months>3;neg_streak>2,-2036.5740052749998,225,-10.25,0.718,0.209,12.9974,5,0,5,-4.986136849999999,"{""RANGE_ALLOW_LONG"": ""1"", ""RANGE_ALLOW_SHORT"": ""0"", ""RANGE_RECLAIM_FRAC"": ""0.01"", ""RANGE_SL_ATR_MULT"": ""0.88"", ""RANGE_SL_WIDTH_FRAC"": ""0.1"", ""RANGE_WICK_FRAC_MIN"": ""0.35""}"
150,range_live_side_exit_repair_v1_r150,/root/by-bot/backtest_runs/portfolio_20260618_230111_range_live_side_exit_repair_v1_r150,False,pf<1.15;dd>8.0;net<1.0;neg_months>3;neg_streak>2,-2037.0366237800001,181,-10.99,0.639,0.204,13.0336,5,0,5,-4.654282520000001,"{""RANGE_ALLOW_LONG"": ""1"", ""RANGE_ALLOW_SHORT"": ""0"", ""RANGE_RECLAIM_FRAC"": ""0.02"", ""RANGE_SL_ATR_MULT"": ""1.0"", ""RANGE_SL_WIDTH_FRAC"": ""0.11"", ""RANGE_WICK_FRAC_MIN"": ""0.35""}"
137,range_live_side_exit_repair_v1_r137,/root/by-bot/backtest_runs/portfolio_20260618_223302_range_live_side_exit_repair_v1_r137,False,pf<1.15;dd>8.0;net<1.0;neg_months>3;neg_streak>2,-2037.1852033,194,-11.29,0.656,0.211,12.9698,5,0,5,-4.5984022,"{""RANGE_ALLOW_LONG"": ""1"", ""RANGE_ALLOW_SHORT"": ""0"", ""RANGE_RECLAIM_FRAC"": ""0.015"", ""RANGE_SL_ATR_MULT"": ""0.88"", ""RANGE_SL_WIDTH_FRAC"": ""0.11"", ""RANGE_WICK_FRAC_MIN"": ""0.45""}"
149,range_live_side_exit_repair_v1_r149,/root/by-bot/backtest_runs/portfolio_20260618_225840_range_live_side_exit_repair_v1_r149,False,pf<1.15;dd>8.0;net<1.0;neg_months>3;neg_streak>2,-2037.4585537,186,-11.59,0.634,0.204,13.2611,5,0,5,-4.1522358,"{""RANGE_ALLOW_LONG"": ""1"", ""RANGE_ALLOW_SHORT"": ""0"", ""RANGE_RECLAIM_FRAC"": ""0.02"", ""RANGE_SL_ATR_MULT"": ""0.88"", ""RANGE_SL_WIDTH_FRAC"": ""0.11"", ""RANGE_WICK_FRAC_MIN"": ""0.35""}"
118,range_live_side_exit_repair_v1_r118,/root/by-bot/backtest_runs/portfolio_20260618_214953_range_live_side_exit_repair_v1_r118,False,pf<1.15;dd>8.0;net<1.0;neg_months>3;neg_streak>2,-2037.93408683,208,-11.1,0.68,0.212,14.6327,4,1,4,-4.365791219999999,"{""RANGE_ALLOW_LONG"": ""1"", ""RANGE_ALLOW_SHORT"": ""0"", ""RANGE_RECLAIM_FRAC"": ""0.01"", ""RANGE_SL_ATR_MULT"": ""0.8"", ""RANGE_SL_WIDTH_FRAC"": ""0.11"", ""RANGE_WICK_FRAC_MIN"": ""0.45""}"
116,range_live_side_exit_repair_v1_r116,/root/by-bot/backtest_runs/portfolio_20260618_214538_range_live_side_exit_repair_v1_r116,False,pf<1.15;dd>8.0;net<1.0;neg_months>3;neg_streak>2,-2038.0030237300002,220,-11.15,0.687,0.209,13.1633,5,0,5,-4.99761582,"{""RANGE_ALLOW_LONG"": ""1"", ""RANGE_ALLOW_SHORT"": ""0"", ""RANGE_RECLAIM_FRAC"": ""0.01"", ""RANGE_SL_ATR_MULT"": ""0.88"", ""RANGE_SL_WIDTH_FRAC"": ""0.1"", ""RANGE_WICK_FRAC_MIN"": ""0.45""}"
130,range_live_side_exit_repair_v1_r130,/root/by-bot/backtest_runs/portfolio_20260618_221803_range_live_side_exit_repair_v1_r130,False,pf<1.15;dd>8.0;net<1.0;neg_months>3;neg_streak>2,-2038.20294055,200,-12.24,0.641,0.205,13.9517,5,0,5,-3.2076936999999988,"{""RANGE_ALLOW_LONG"": ""1"", ""RANGE_ALLOW_SHORT"": ""0"", ""RANGE_RECLAIM_FRAC"": ""0.015"", ""RANGE_SL_ATR_MULT"": ""0.8"", ""RANGE_SL_WIDTH_FRAC"": ""0.11"", ""RANGE_WICK_FRAC_MIN"": ""0.35""}"
153,range_live_side_exit_repair_v1_r153,/root/by-bot/backtest_runs/portfolio_20260618_230752_range_live_side_exit_repair_v1_r153,False,pf<1.15;dd>8.0;net<1.0;neg_months>3;neg_streak>2,-2038.5342457799998,180,-11.96,0.604,0.194,14.2458,5,0,5,-3.26043052,"{""RANGE_ALLOW_LONG"": ""1"", ""RANGE_ALLOW_SHORT"": ""0"", ""RANGE_RECLAIM_FRAC"": ""0.02"", ""RANGE_SL_ATR_MULT"": ""1.0"", ""RANGE_SL_WIDTH_FRAC"": ""0.1"", ""RANGE_WICK_FRAC_MIN"": ""0.45""}"
127,range_live_side_exit_repair_v1_r127,/root/by-bot/backtest_runs/portfolio_20260618_221120_range_live_side_exit_repair_v1_r127,False,pf<1.15;dd>8.0;net<1.0;neg_months>3;neg_streak>2,-2038.552518995,223,-11.64,0.681,0.206,13.4761,5,0,5,-4.5548793299999994,"{""RANGE_ALLOW_LONG"": ""1"", ""RANGE_ALLOW_SHORT"": ""0"", ""RANGE_RECLAIM_FRAC"": ""0.015"", ""RANGE_SL_ATR_MULT"": ""0.8"", ""RANGE_SL_WIDTH_FRAC"": ""0.1"", ""RANGE_WICK_FRAC_MIN"": ""0.35""}"
157,range_live_side_exit_repair_v1_r157,/root/by-bot/backtest_runs/portfolio_20260618_231727_range_live_side_exit_repair_v1_r157,False,pf<1.15;dd>8.0;net<1.0;neg_months>3;neg_streak>2,-2038.97606674,193,-12.51,0.614,0.197,13.5812,5,0,5,-4.00111116,"{""RANGE_ALLOW_LONG"": ""1"", ""RANGE_ALLOW_SHORT"": ""0"", ""RANGE_RECLAIM_FRAC"": ""0.02"", ""RANGE_SL_ATR_MULT"": ""0.8"", ""RANGE_SL_WIDTH_FRAC"": ""0.1"", ""RANGE_WICK_FRAC_MIN"": ""0.55""}"
166,range_live_side_exit_repair_v1_r166,/root/by-bot/backtest_runs/portfolio_20260618_233908_range_live_side_exit_repair_v1_r166,False,pf<1.15;dd>8.0;net<1.0;neg_months>3;neg_streak>2,-2039.15640491,373,-11.5,0.808,0.236,13.1032,5,0,5,-5.566669939999999,"{""RANGE_ALLOW_LONG"": ""1"", ""RANGE_ALLOW_SHORT"": ""1"", ""RANGE_RECLAIM_FRAC"": ""0.01"", ""RANGE_SL_ATR_MULT"": ""0.8"", ""RANGE_SL_WIDTH_FRAC"": ""0.11"", ""RANGE_WICK_FRAC_MIN"": ""0.35""}"
125,range_live_side_exit_repair_v1_r125,/root/by-bot/backtest_runs/portfolio_20260618_220645_range_live_side_exit_repair_v1_r125,False,pf<1.15;dd>8.0;net<1.0;neg_months>3;neg_streak>2,-2039.20583444,206,-11.19,0.673,0.204,14.4389,4,1,4,-5.400022959999999,"{""RANGE_ALLOW_LONG"": ""1"", ""RANGE_ALLOW_SHORT"": ""0"", ""RANGE_RECLAIM_FRAC"": ""0.01"", ""RANGE_SL_ATR_MULT"": ""0.88"", ""RANGE_SL_WIDTH_FRAC"": ""0.11"", ""RANGE_WICK_FRAC_MIN"": ""0.55""}"
191,range_live_side_exit_repair_v1_r191,/root/by-bot/backtest_runs/portfolio_20260619_005154_range_live_side_exit_repair_v1_r191,False,pf<1.15;dd>8.0;net<1.0;neg_months>3,-2039.587085505,334,-11.83,0.783,0.234,14.0551,4,1,2,-5.653923670000001,"{""RANGE_ALLOW_LONG"": ""1"", ""RANGE_ALLOW_SHORT"": ""1"", ""RANGE_RECLAIM_FRAC"": ""0.015"", ""RANGE_SL_ATR_MULT"": ""0.88"", ""RANGE_SL_WIDTH_FRAC"": ""0.11"", ""RANGE_WICK_FRAC_MIN"": ""0.45""}"
159,range_live_side_exit_repair_v1_r159,/root/by-bot/backtest_runs/portfolio_20260618_232156_range_live_side_exit_repair_v1_r159,False,pf<1.15;dd>8.0;net<1.0;neg_months>3;neg_streak>2,-2039.9512339500002,175,-12.34,0.582,0.189,13.9158,5,0,5,-4.341089299999999,"{""RANGE_ALLOW_LONG"": ""1"", ""RANGE_ALLOW_SHORT"": ""0"", ""RANGE_RECLAIM_FRAC"": ""0.02"", ""RANGE_SL_ATR_MULT"": ""1.0"", ""RANGE_SL_WIDTH_FRAC"": ""0.1"", ""RANGE_WICK_FRAC_MIN"": ""0.55""}"
156,range_live_side_exit_repair_v1_r156,/root/by-bot/backtest_runs/portfolio_20260618_231446_range_live_side_exit_repair_v1_r156,False,pf<1.15;dd>8.0;net<1.0;neg_months>3;neg_streak>2,-2039.97602378,178,-12.21,0.598,0.191,13.7713,5,0,5,-4.654282520000001,"{""RANGE_ALLOW_LONG"": ""1"", ""RANGE_ALLOW_SHORT"": ""0"", ""RANGE_RECLAIM_FRAC"": ""0.02"", ""RANGE_SL_ATR_MULT"": ""1.0"", ""RANGE_SL_WIDTH_FRAC"": ""0.11"", ""RANGE_WICK_FRAC_MIN"": ""0.45""}"
146,range_live_side_exit_repair_v1_r146,/root/by-bot/backtest_runs/portfolio_20260618_225235_range_live_side_exit_repair_v1_r146,False,pf<1.15;dd>8.0;net<1.0;neg_months>3;neg_streak>2,-2040.1252877050001,195,-12.59,0.618,0.2,14.8557,4,1,4,-4.337258470000001,"{""RANGE_ALLOW_LONG"": ""1"", ""RANGE_ALLOW_SHORT"": ""0"", ""RANGE_RECLAIM_FRAC"": ""0.02"", ""RANGE_SL_ATR_MULT"": ""0.88"", ""RANGE_SL_WIDTH_FRAC"": ""0.1"", ""RANGE_WICK_FRAC_MIN"": ""0.35""}"
189,range_live_side_exit_repair_v1_r189,/root/by-bot/backtest_runs/portfolio_20260619_004557_range_live_side_exit_repair_v1_r189,False,pf<1.15;dd>8.0;net<1.0;neg_months>3;neg_streak>2,-2040.249184655,347,-11.54,0.791,0.228,13.8463,5,0,5,-5.272389769999999,"{""RANGE_ALLOW_LONG"": ""1"", ""RANGE_ALLOW_SHORT"": ""1"", ""RANGE_RECLAIM_FRAC"": ""0.015"", ""RANGE_SL_ATR_MULT"": ""1.0"", ""RANGE_SL_WIDTH_FRAC"": ""0.1"", ""RANGE_WICK_FRAC_MIN"": ""0.45""}"
136,range_live_side_exit_repair_v1_r136,/root/by-bot/backtest_runs/portfolio_20260618_223110_range_live_side_exit_repair_v1_r136,False,pf<1.15;dd>8.0;net<1.0;neg_months>3;neg_streak>2,-2040.4194002049999,195,-11.78,0.641,0.21,14.8211,5,0,5,-3.8941334699999994,"{""RANGE_ALLOW_LONG"": ""1"", ""RANGE_ALLOW_SHORT"": ""0"", ""RANGE_RECLAIM_FRAC"": ""0.015"", ""RANGE_SL_ATR_MULT"": ""0.8"", ""RANGE_SL_WIDTH_FRAC"": ""0.11"", ""RANGE_WICK_FRAC_MIN"": ""0.45""}"
133,range_live_side_exit_repair_v1_r133,/root/by-bot/backtest_runs/portfolio_20260618_222437_range_live_side_exit_repair_v1_r133,False,pf<1.15;dd>8.0;net<1.0;neg_months>3;neg_streak>2,-2041.131118995,218,-12.49,0.653,0.197,14.2554,5,0,5,-4.5548793299999994,"{""RANGE_ALLOW_LONG"": ""1"", ""RANGE_ALLOW_SHORT"": ""0"", ""RANGE_RECLAIM_FRAC"": ""0.015"", ""RANGE_SL_ATR_MULT"": ""0.8"", ""RANGE_SL_WIDTH_FRAC"": ""0.1"", ""RANGE_WICK_FRAC_MIN"": ""0.45""}"
119,range_live_side_exit_repair_v1_r119,/root/by-bot/backtest_runs/portfolio_20260618_215227_range_live_side_exit_repair_v1_r119,False,pf<1.15;dd>8.0;net<1.0;neg_months>3;neg_streak>2,-2041.1899903199999,204,-11.65,0.661,0.201,15.0295,4,1,4,-5.567326879999999,"{""RANGE_ALLOW_LONG"": ""1"", ""RANGE_ALLOW_SHORT"": ""0"", ""RANGE_RECLAIM_FRAC"": ""0.01"", ""RANGE_SL_ATR_MULT"": ""0.88"", ""RANGE_SL_WIDTH_FRAC"": ""0.11"", ""RANGE_WICK_FRAC_MIN"": ""0.45""}"
114,range_live_side_exit_repair_v1_r114,/root/by-bot/backtest_runs/portfolio_20260618_214053_range_live_side_exit_repair_v1_r114,False,pf<1.15;dd>8.0;net<1.0;neg_months>3;neg_streak>2,-2041.33057347,210,-11.83,0.664,0.205,15.0648,5,0,5,-4.1366489799999995,"{""RANGE_ALLOW_LONG"": ""1"", ""RANGE_ALLOW_SHORT"": ""0"", ""RANGE_RECLAIM_FRAC"": ""0.01"", ""RANGE_SL_ATR_MULT"": ""1.0"", ""RANGE_SL_WIDTH_FRAC"": ""0.11"", ""RANGE_WICK_FRAC_MIN"": ""0.35""}"
158,range_live_side_exit_repair_v1_r158,/root/by-bot/backtest_runs/portfolio_20260618_231941_range_live_side_exit_repair_v1_r158,False,pf<1.15;dd>8.0;net<1.0;neg_months>3;neg_streak>2,-2041.3638096549998,185,-12.85,0.592,0.195,14.5709,5,0,5,-4.00133977,"{""RANGE_ALLOW_LONG"": ""1"", ""RANGE_ALLOW_SHORT"": ""0"", ""RANGE_RECLAIM_FRAC"": ""0.02"", ""RANGE_SL_ATR_MULT"": ""0.88"", ""RANGE_SL_WIDTH_FRAC"": ""0.1"", ""RANGE_WICK_FRAC_MIN"": ""0.55""}"
170,range_live_side_exit_repair_v1_r170,/root/by-bot/backtest_runs/portfolio_20260618_235036_range_live_side_exit_repair_v1_r170,False,pf<1.15;dd>8.0;net<1.0;neg_months>3;neg_streak>2,-2042.06422818,396,-11.61,0.812,0.232,14.0704,4,1,3,-7.460952120000002,"{""RANGE_ALLOW_LONG"": ""1"", ""RANGE_ALLOW_SHORT"": ""1"", ""RANGE_RECLAIM_FRAC"": ""0.01"", ""RANGE_SL_ATR_MULT"": ""0.88"", ""RANGE_SL_WIDTH_FRAC"": ""0.1"", ""RANGE_WICK_FRAC_MIN"": ""0.45""}"
144,range_live_side_exit_repair_v1_r144,/root/by-bot/backtest_runs/portfolio_20260618_224818_range_live_side_exit_repair_v1_r144,False,pf<1.15;dd>8.0;net<1.0;neg_months>3;neg_streak>2,-2042.361029065,186,-12.42,0.607,0.194,14.4605,5,0,5,-5.157352710000001,"{""RANGE_ALLOW_LONG"": ""1"", ""RANGE_ALLOW_SHORT"": ""0"", ""RANGE_RECLAIM_FRAC"": ""0.015"", ""RANGE_SL_ATR_MULT"": ""1.0"", ""RANGE_SL_WIDTH_FRAC"": ""0.11"", ""RANGE_WICK_FRAC_MIN"": ""0.55""}"
152,range_live_side_exit_repair_v1_r152,/root/by-bot/backtest_runs/portfolio_20260618_230531_range_live_side_exit_repair_v1_r152,False,pf<1.15;dd>8.0;net<1.0;neg_months>3;neg_streak>2,-2042.85166822,186,-13.03,0.583,0.194,14.6459,5,0,5,-4.749245479999999,"{""RANGE_ALLOW_LONG"": ""1"", ""RANGE_ALLOW_SHORT"": ""0"", ""RANGE_RECLAIM_FRAC"": ""0.02"", ""RANGE_SL_ATR_MULT"": ""0.88"", ""RANGE_SL_WIDTH_FRAC"": ""0.1"", ""RANGE_WICK_FRAC_MIN"": ""0.45""}"
154,range_live_side_exit_repair_v1_r154,/root/by-bot/backtest_runs/portfolio_20260618_231014_range_live_side_exit_repair_v1_r154,False,pf<1.15;dd>8.0;net<1.0;neg_months>3;neg_streak>2,-2043.03481265,181,-13.22,0.575,0.188,14.9968,5,0,5,-4.251475099999999,"{""RANGE_ALLOW_LONG"": ""1"", ""RANGE_ALLOW_SHORT"": ""0"", ""RANGE_RECLAIM_FRAC"": ""0.02"", ""RANGE_SL_ATR_MULT"": ""0.8"", ""RANGE_SL_WIDTH_FRAC"": ""0.11"", ""RANGE_WICK_FRAC_MIN"": ""0.45""}"
115,range_live_side_exit_repair_v1_r115,/root/by-bot/backtest_runs/portfolio_20260618_214257_range_live_side_exit_repair_v1_r115,False,pf<1.15;dd>8.0;net<1.0;neg_months>3;neg_streak>2,-2043.0360641050002,232,-12.94,0.656,0.203,15.074,5,0,5,-4.373376069999999,"{""RANGE_ALLOW_LONG"": ""1"", ""RANGE_ALLOW_SHORT"": ""0"", ""RANGE_RECLAIM_FRAC"": ""0.01"", ""RANGE_SL_ATR_MULT"": ""0.8"", ""RANGE_SL_WIDTH_FRAC"": ""0.1"", ""RANGE_WICK_FRAC_MIN"": ""0.45""}"
148,range_live_side_exit_repair_v1_r148,/root/by-bot/backtest_runs/portfolio_20260618_225631_range_live_side_exit_repair_v1_r148,False,pf<1.15;dd>8.0;net<1.0;neg_months>3;neg_streak>2,-2043.190002555,192,-13.71,0.585,0.193,15.8734,4,1,4,-4.127468370000001,"{""RANGE_ALLOW_LONG"": ""1"", ""RANGE_ALLOW_SHORT"": ""0"", ""RANGE_RECLAIM_FRAC"": ""0.02"", ""RANGE_SL_ATR_MULT"": ""0.8"", ""RANGE_SL_WIDTH_FRAC"": ""0.11"", ""RANGE_WICK_FRAC_MIN"": ""0.35""}"
176,range_live_side_exit_repair_v1_r176,/root/by-bot/backtest_runs/portfolio_20260619_000755_range_live_side_exit_repair_v1_r176,False,pf<1.15;dd>8.0;net<1.0;neg_months>3;neg_streak>2,-2043.504640775,383,-12.02,0.799,0.227,14.7343,5,0,5,-5.874693849999999,"{""RANGE_ALLOW_LONG"": ""1"", ""RANGE_ALLOW_SHORT"": ""1"", ""RANGE_RECLAIM_FRAC"": ""0.01"", ""RANGE_SL_ATR_MULT"": ""0.88"", ""RANGE_SL_WIDTH_FRAC"": ""0.1"", ""RANGE_WICK_FRAC_MIN"": ""0.55""}"
160,range_live_side_exit_repair_v1_r160,/root/by-bot/backtest_runs/portfolio_20260618_232357_range_live_side_exit_repair_v1_r160,False,pf<1.15;dd>8.0;net<1.0;neg_months>3;neg_streak>2,-2043.7121604800002,177,-12.79,0.581,0.192,15.0454,5,0,5,-4.98224032,"{""RANGE_ALLOW_LONG"": ""1"", ""RANGE_ALLOW_SHORT"": ""0"", ""RANGE_RECLAIM_FRAC"": ""0.02"", ""RANGE_SL_ATR_MULT"": ""0.8"", ""RANGE_SL_WIDTH_FRAC"": ""0.11"", ""RANGE_WICK_FRAC_MIN"": ""0.55""}"
163,range_live_side_exit_repair_v1_r163,/root/by-bot/backtest_runs/portfolio_20260618_233057_range_live_side_exit_repair_v1_r163,False,pf<1.15;dd>8.0;net<1.0;neg_months>3;neg_streak>2,-2043.998516285,398,-12.26,0.802,0.229,14.3587,5,0,5,-6.512744189999999,"{""RANGE_ALLOW_LONG"": ""1"", ""RANGE_ALLOW_SHORT"": ""1"", ""RANGE_RECLAIM_FRAC"": ""0.01"", ""RANGE_SL_ATR_MULT"": ""0.8"", ""RANGE_SL_WIDTH_FRAC"": ""0.1"", ""RANGE_WICK_FRAC_MIN"": ""0.35""}"
184,range_live_side_exit_repair_v1_r184,/root/by-bot/backtest_runs/portfolio_20260619_003054_range_live_side_exit_repair_v1_r184,False,pf<1.15;dd>8.0;net<1.0;neg_months>3,-2044.07568972,353,-13.27,0.772,0.229,15.3319,4,1,2,-5.79192648,"{""RANGE_ALLOW_LONG"": ""1"", ""RANGE_ALLOW_SHORT"": ""1"", ""RANGE_RECLAIM_FRAC"": ""0.015"", ""RANGE_SL_ATR_MULT"": ""0.8"", ""RANGE_SL_WIDTH_FRAC"": ""0.11"", ""RANGE_WICK_FRAC_MIN"": ""0.35""}"
124,range_live_side_exit_repair_v1_r124,/root/by-bot/backtest_runs/portfolio_20260618_220420_range_live_side_exit_repair_v1_r124,False,pf<1.15;dd>8.0;net<1.0;neg_months>3;neg_streak>2,-2044.295884245,207,-12.86,0.631,0.198,15.898,4,1,4,-5.5119228300000005,"{""RANGE_ALLOW_LONG"": ""1"", ""RANGE_ALLOW_SHORT"": ""0"", ""RANGE_RECLAIM_FRAC"": ""0.01"", ""RANGE_SL_ATR_MULT"": ""0.8"", ""RANGE_SL_WIDTH_FRAC"": ""0.11"", ""RANGE_WICK_FRAC_MIN"": ""0.55""}"
167,range_live_side_exit_repair_v1_r167,/root/by-bot/backtest_runs/portfolio_20260618_234213_range_live_side_exit_repair_v1_r167,False,pf<1.15;dd>8.0;net<1.0;neg_months>3;neg_streak>2,-2044.5682139500002,378,-12.87,0.791,0.235,14.6885,5,0,5,-5.964809299999999,"{""RANGE_ALLOW_LONG"": ""1"", ""RANGE_ALLOW_SHORT"": ""1"", ""RANGE_RECLAIM_FRAC"": ""0.01"", ""RANGE_SL_ATR_MULT"": ""0.88"", ""RANGE_SL_WIDTH_FRAC"": ""0.11"", ""RANGE_WICK_FRAC_MIN"": ""0.35""}"
151,range_live_side_exit_repair_v1_r151,/root/by-bot/backtest_runs/portfolio_20260618_230324_range_live_side_exit_repair_v1_r151,False,pf<1.15;dd>8.0;net<1.0;neg_months>3;neg_streak>2,-2044.80786674,207,-14.05,0.6,0.193,15.5731,5,0,5,-4.00111116,"{""RANGE_ALLOW_LONG"": ""1"", ""RANGE_ALLOW_SHORT"": ""0"", ""RANGE_RECLAIM_FRAC"": ""0.02"", ""RANGE_SL_ATR_MULT"": ""0.8"", ""RANGE_SL_WIDTH_FRAC"": ""0.1"", ""RANGE_WICK_FRAC_MIN"": ""0.45""}"
198,range_live_side_exit_repair_v1_r198,/root/by-bot/backtest_runs/portfolio_20260619_011424_range_live_side_exit_repair_v1_r198,False,pf<1.15;dd>8.0;net<1.0;neg_months>3,-2046.79795429,325,-14.04,0.738,0.225,15.7824,4,1,2,-6.390102859999997,"{""RANGE_ALLOW_LONG"": ""1"", ""RANGE_ALLOW_SHORT"": ""1"", ""RANGE_RECLAIM_FRAC"": ""0.015"", ""RANGE_SL_ATR_MULT"": ""1.0"", ""RANGE_SL_WIDTH_FRAC"": ""0.11"", ""RANGE_WICK_FRAC_MIN"": ""0.55""}"
178,range_live_side_exit_repair_v1_r178,/root/by-bot/backtest_runs/portfolio_20260619_001418_range_live_side_exit_repair_v1_r178,False,pf<1.15;dd>8.0;net<1.0;neg_months>3;neg_streak>2,-2046.954970465,361,-13.27,0.773,0.227,15.9446,5,0,5,-5.561180309999998,"{""RANGE_ALLOW_LONG"": ""1"", ""RANGE_ALLOW_SHORT"": ""1"", ""RANGE_RECLAIM_FRAC"": ""0.01"", ""RANGE_SL_ATR_MULT"": ""0.8"", ""RANGE_SL_WIDTH_FRAC"": ""0.11"", ""RANGE_WICK_FRAC_MIN"": ""0.55""}"
172,range_live_side_exit_repair_v1_r172,/root/by-bot/backtest_runs/portfolio_20260618_235606_range_live_side_exit_repair_v1_r172,False,pf<1.15;dd>8.0;net<1.0;neg_months>3;neg_streak>2,-2048.1126372,370,-13.43,0.775,0.23,16.4433,5,0,5,-5.5400247999999985,"{""RANGE_ALLOW_LONG"": ""1"", ""RANGE_ALLOW_SHORT"": ""1"", ""RANGE_RECLAIM_FRAC"": ""0.01"", ""RANGE_SL_ATR_MULT"": ""0.8"", ""RANGE_SL_WIDTH_FRAC"": ""0.11"", ""RANGE_WICK_FRAC_MIN"": ""0.45""}"
173,range_live_side_exit_repair_v1_r173,/root/by-bot/backtest_runs/portfolio_20260618_235847_range_live_side_exit_repair_v1_r173,False,pf<1.15;dd>8.0;net<1.0;neg_months>3;neg_streak>2,-2048.253754905,363,-13.36,0.774,0.231,16.4472,5,0,5,-5.684903269999999,"{""RANGE_ALLOW_LONG"": ""1"", ""RANGE_ALLOW_SHORT"": ""1"", ""RANGE_RECLAIM_FRAC"": ""0.01"", ""RANGE_SL_ATR_MULT"": ""0.88"", ""RANGE_SL_WIDTH_FRAC"": ""0.11"", ""RANGE_WICK_FRAC_MIN"": ""0.45""}"
165,range_live_side_exit_repair_v1_r165,/root/by-bot/backtest_runs/portfolio_20260618_233631_range_live_side_exit_repair_v1_r165,False,pf<1.15;dd>8.0;net<1.0;neg_months>3;neg_streak>2,-2048.431765695,386,-13.57,0.778,0.22,15.5748,5,0,5,-6.798777130000002,"{""RANGE_ALLOW_LONG"": ""1"", ""RANGE_ALLOW_SHORT"": ""1"", ""RANGE_RECLAIM_FRAC"": ""0.01"", ""RANGE_SL_ATR_MULT"": ""1.0"", ""RANGE_SL_WIDTH_FRAC"": ""0.1"", ""RANGE_WICK_FRAC_MIN"": ""0.35""}"
208,range_live_side_exit_repair_v1_r208,/root/by-bot/backtest_runs/portfolio_20260619_014659_range_live_side_exit_repair_v1_r208,False,pf<1.15;dd>8.0;net<1.0;neg_months>3;neg_streak>2,-2048.64476465,312,-14.04,0.728,0.224,16.0234,5,0,5,-5.9666431,"{""RANGE_ALLOW_LONG"": ""1"", ""RANGE_ALLOW_SHORT"": ""1"", ""RANGE_RECLAIM_FRAC"": ""0.02"", ""RANGE_SL_ATR_MULT"": ""0.8"", ""RANGE_SL_WIDTH_FRAC"": ""0.11"", ""RANGE_WICK_FRAC_MIN"": ""0.45""}"
183,range_live_side_exit_repair_v1_r183,/root/by-bot/backtest_runs/portfolio_20260619_002811_range_live_side_exit_repair_v1_r183,False,pf<1.15;dd>8.0;net<1.0;neg_months>3;neg_streak>2,-2048.786676445,343,-14.38,0.74,0.224,16.6952,5,0,5,-4.893517630000002,"{""RANGE_ALLOW_LONG"": ""1"", ""RANGE_ALLOW_SHORT"": ""1"", ""RANGE_RECLAIM_FRAC"": ""0.015"", ""RANGE_SL_ATR_MULT"": ""1.0"", ""RANGE_SL_WIDTH_FRAC"": ""0.1"", ""RANGE_WICK_FRAC_MIN"": ""0.35""}"
199,range_live_side_exit_repair_v1_r199,/root/by-bot/backtest_runs/portfolio_20260619_011754_range_live_side_exit_repair_v1_r199,False,pf<1.15;dd>8.0;net<1.0;neg_months>3,-2049.046002795,334,-14.62,0.73,0.222,16.675,4,1,2,-6.234668529999999,"{""RANGE_ALLOW_LONG"": ""1"", ""RANGE_ALLOW_SHORT"": ""1"", ""RANGE_RECLAIM_FRAC"": ""0.02"", ""RANGE_SL_ATR_MULT"": ""0.8"", ""RANGE_SL_WIDTH_FRAC"": ""0.1"", ""RANGE_WICK_FRAC_MIN"": ""0.35""}"
113,range_live_side_exit_repair_v1_r113,/root/by-bot/backtest_runs/portfolio_20260618_213825_range_live_side_exit_repair_v1_r113,False,pf<1.15;dd>8.0;net<1.0;neg_months>3;neg_streak>2,-2049.226961455,219,-15.01,0.595,0.196,17.3484,4,1,4,-5.145440969999998,"{""RANGE_ALLOW_LONG"": ""1"", ""RANGE_ALLOW_SHORT"": ""0"", ""RANGE_RECLAIM_FRAC"": ""0.01"", ""RANGE_SL_ATR_MULT"": ""0.88"", ""RANGE_SL_WIDTH_FRAC"": ""0.11"", ""RANGE_WICK_FRAC_MIN"": ""0.35""}"
175,range_live_side_exit_repair_v1_r175,/root/by-bot/backtest_runs/portfolio_20260619_000501_range_live_side_exit_repair_v1_r175,False,pf<1.15;dd>8.0;net<1.0;neg_months>3;neg_streak>2,-2049.252406155,395,-13.98,0.775,0.22,17.0803,4,1,3,-6.3438707700000005,"{""RANGE_ALLOW_LONG"": ""1"", ""RANGE_ALLOW_SHORT"": ""1"", ""RANGE_RECLAIM_FRAC"": ""0.01"", ""RANGE_SL_ATR_MULT"": ""0.8"", ""RANGE_SL_WIDTH_FRAC"": ""0.1"", ""RANGE_WICK_FRAC_MIN"": ""0.55""}"
196,range_live_side_exit_repair_v1_r196,/root/by-bot/backtest_runs/portfolio_20260619_010723_range_live_side_exit_repair_v1_r196,False,pf<1.15;dd>8.0;net<1.0;neg_months>3,-2049.4597959099997,325,-14.46,0.728,0.225,16.4799,4,1,2,-6.8986639400000005,"{""RANGE_ALLOW_LONG"": ""1"", ""RANGE_ALLOW_SHORT"": ""1"", ""RANGE_RECLAIM_FRAC"": ""0.015"", ""RANGE_SL_ATR_MULT"": ""0.8"", ""RANGE_SL_WIDTH_FRAC"": ""0.11"", ""RANGE_WICK_FRAC_MIN"": ""0.55""}"
162,range_live_side_exit_repair_v1_r162,/root/by-bot/backtest_runs/portfolio_20260618_232842_range_live_side_exit_repair_v1_r162,False,pf<1.15;dd>8.0;net<1.0;neg_months>3;neg_streak>2,-2049.908506105,175,-14.71,0.523,0.171,16.2713,5,0,5,-5.942604069999999,"{""RANGE_ALLOW_LONG"": ""1"", ""RANGE_ALLOW_SHORT"": ""0"", ""RANGE_RECLAIM_FRAC"": ""0.02"", ""RANGE_SL_ATR_MULT"": ""1.0"", ""RANGE_SL_WIDTH_FRAC"": ""0.11"", ""RANGE_WICK_FRAC_MIN"": ""0.55""}"
200,range_live_side_exit_repair_v1_r200,/root/by-bot/backtest_runs/portfolio_20260619_012124_range_live_side_exit_repair_v1_r200,False,pf<1.15;dd>8.0;net<1.0;neg_months>3;neg_streak>2,-2050.3989864,348,-14.85,0.736,0.218,17.0247,5,0,5,-5.153057599999999,"{""RANGE_ALLOW_LONG"": ""1"", ""RANGE_ALLOW_SHORT"": ""1"", ""RANGE_RECLAIM_FRAC"": ""0.02"", ""RANGE_SL_ATR_MULT"": ""0.88"", ""RANGE_SL_WIDTH_FRAC"": ""0.1"", ""RANGE_WICK_FRAC_MIN"": ""0.35""}"
211,range_live_side_exit_repair_v1_r211,/root/by-bot/backtest_runs/portfolio_20260619_015642_range_live_side_exit_repair_v1_r211,False,pf<1.15;dd>8.0;net<1.0;neg_months>3;neg_streak>2,-2051.648476195,328,-15.19,0.718,0.22,17.4089,5,0,5,-5.201784129999999,"{""RANGE_ALLOW_LONG"": ""1"", ""RANGE_ALLOW_SHORT"": ""1"", ""RANGE_RECLAIM_FRAC"": ""0.02"", ""RANGE_SL_ATR_MULT"": ""0.8"", ""RANGE_SL_WIDTH_FRAC"": ""0.1"", ""RANGE_WICK_FRAC_MIN"": ""0.55""}"
169,range_live_side_exit_repair_v1_r169,/root/by-bot/backtest_runs/portfolio_20260618_234749_range_live_side_exit_repair_v1_r169,False,pf<1.15;dd>8.0;net<1.0;neg_months>3;neg_streak>2,-2051.756675835,395,-14.69,0.765,0.223,17.0538,5,0,5,-6.1473838899999995,"{""RANGE_ALLOW_LONG"": ""1"", ""RANGE_ALLOW_SHORT"": ""1"", ""RANGE_RECLAIM_FRAC"": ""0.01"", ""RANGE_SL_ATR_MULT"": ""0.8"", ""RANGE_SL_WIDTH_FRAC"": ""0.1"", ""RANGE_WICK_FRAC_MIN"": ""0.45""}"
188,range_live_side_exit_repair_v1_r188,/root/by-bot/backtest_runs/portfolio_20260619_004301_range_live_side_exit_repair_v1_r188,False,pf<1.15;dd>8.0;net<1.0;neg_months>3,-2053.18755706,377,-15.82,0.738,0.223,16.9521,4,1,2,-7.666238040000002,"{""RANGE_ALLOW_LONG"": ""1"", ""RANGE_ALLOW_SHORT"": ""1"", ""RANGE_RECLAIM_FRAC"": ""0.015"", ""RANGE_SL_ATR_MULT"": ""0.88"", ""RANGE_SL_WIDTH_FRAC"": ""0.1"", ""RANGE_WICK_FRAC_MIN"": ""0.45""}"
202,range_live_side_exit_repair_v1_r202,/root/by-bot/backtest_runs/portfolio_20260619_012740_range_live_side_exit_repair_v1_r202,False,pf<1.15;dd>8.0;net<1.0;neg_months>3,-2055.703411515,325,-16.28,0.702,0.222,18.0424,4,1,2,-7.521741009999999,"{""RANGE_ALLOW_LONG"": ""1"", ""RANGE_ALLOW_SHORT"": ""1"", ""RANGE_RECLAIM_FRAC"": ""0.02"", ""RANGE_SL_ATR_MULT"": ""0.8"", ""RANGE_SL_WIDTH_FRAC"": ""0.11"", ""RANGE_WICK_FRAC_MIN"": ""0.35""}"
177,range_live_side_exit_repair_v1_r177,/root/by-bot/backtest_runs/portfolio_20260619_001115_range_live_side_exit_repair_v1_r177,False,pf<1.15;dd>8.0;net<1.0;neg_months>3;neg_streak>2,-2057.350571815,364,-16.58,0.714,0.212,18.7367,5,0,5,-6.12078121,"{""RANGE_ALLOW_LONG"": ""1"", ""RANGE_ALLOW_SHORT"": ""1"", ""RANGE_RECLAIM_FRAC"": ""0.01"", ""RANGE_SL_ATR_MULT"": ""1.0"", ""RANGE_SL_WIDTH_FRAC"": ""0.1"", ""RANGE_WICK_FRAC_MIN"": ""0.55""}"
209,range_live_side_exit_repair_v1_r209,/root/by-bot/backtest_runs/portfolio_20260619_014948_range_live_side_exit_repair_v1_r209,False,pf<1.15;dd>8.0;net<1.0;neg_months>3;neg_streak>2,-2057.3861787,301,-16.1,0.681,0.216,18.351,5,0,5,-7.042785800000003,"{""RANGE_ALLOW_LONG"": ""1"", ""RANGE_ALLOW_SHORT"": ""1"", ""RANGE_RECLAIM_FRAC"": ""0.02"", ""RANGE_SL_ATR_MULT"": ""0.88"", ""RANGE_SL_WIDTH_FRAC"": ""0.11"", ""RANGE_WICK_FRAC_MIN"": ""0.45""}"
214,range_live_side_exit_repair_v1_r214,/root/by-bot/backtest_runs/portfolio_20260619_020642_range_live_side_exit_repair_v1_r214,False,pf<1.15;dd>8.0;net<1.0;neg_months>3;neg_streak>2,-2057.476330845,295,-16.14,0.676,0.217,18.3153,5,0,5,-7.118487229999999,"{""RANGE_ALLOW_LONG"": ""1"", ""RANGE_ALLOW_SHORT"": ""1"", ""RANGE_RECLAIM_FRAC"": ""0.02"", ""RANGE_SL_ATR_MULT"": ""0.8"", ""RANGE_SL_WIDTH_FRAC"": ""0.11"", ""RANGE_WICK_FRAC_MIN"": ""0.55""}"
192,range_live_side_exit_repair_v1_r192,/root/by-bot/backtest_runs/portfolio_20260619_005450_range_live_side_exit_repair_v1_r192,False,pf<1.15;dd>8.0;net<1.0;neg_months>3,-2057.8229257049998,318,-17.77,0.669,0.211,19.0387,4,1,2,-6.414350469999999,"{""RANGE_ALLOW_LONG"": ""1"", ""RANGE_ALLOW_SHORT"": ""1"", ""RANGE_RECLAIM_FRAC"": ""0.015"", ""RANGE_SL_ATR_MULT"": ""1.0"", ""RANGE_SL_WIDTH_FRAC"": ""0.11"", ""RANGE_WICK_FRAC_MIN"": ""0.45""}"
161,range_live_side_exit_repair_v1_r161,/root/by-bot/backtest_runs/portfolio_20260618_232621_range_live_side_exit_repair_v1_r161,False,pf<1.15;dd>8.0;net<1.0;neg_months>3;neg_streak>2,-2058.162162345,176,-17.55,0.449,0.153,19.0734,5,0,5,-5.43690823,"{""RANGE_ALLOW_LONG"": ""1"", ""RANGE_ALLOW_SHORT"": ""0"", ""RANGE_RECLAIM_FRAC"": ""0.02"", ""RANGE_SL_ATR_MULT"": ""0.88"", ""RANGE_SL_WIDTH_FRAC"": ""0.11"", ""RANGE_WICK_FRAC_MIN"": ""0.55""}"
210,range_live_side_exit_repair_v1_r210,/root/by-bot/backtest_runs/portfolio_20260619_015327_range_live_side_exit_repair_v1_r210,False,pf<1.15;dd>8.0;net<1.0;neg_months>3;neg_streak>2,-2060.68824009,298,-17.51,0.653,0.208,19.5189,5,0,5,-6.558960060000001,"{""RANGE_ALLOW_LONG"": ""1"", ""RANGE_ALLOW_SHORT"": ""1"", ""RANGE_RECLAIM_FRAC"": ""0.02"", ""RANGE_SL_ATR_MULT"": ""1.0"", ""RANGE_SL_WIDTH_FRAC"": ""0.11"", ""RANGE_WICK_FRAC_MIN"": ""0.45""}"
181,range_live_side_exit_repair_v1_r181,/root/by-bot/backtest_runs/portfolio_20260619_002305_range_live_side_exit_repair_v1_r181,False,pf<1.15;dd>8.0;net<1.0;neg_months>3;neg_streak>2,-2061.034119125,377,-17.05,0.72,0.212,19.1228,4,1,3,-9.019012749999998,"{""RANGE_ALLOW_LONG"": ""1"", ""RANGE_ALLOW_SHORT"": ""1"", ""RANGE_RECLAIM_FRAC"": ""0.015"", ""RANGE_SL_ATR_MULT"": ""0.8"", ""RANGE_SL_WIDTH_FRAC"": ""0.1"", ""RANGE_WICK_FRAC_MIN"": ""0.35""}"
187,range_live_side_exit_repair_v1_r187,/root/by-bot/backtest_runs/portfolio_20260619_003951_range_live_side_exit_repair_v1_r187,False,pf<1.15;dd>8.0;net<1.0;neg_months>3;neg_streak>2,-2061.10117328,386,-16.59,0.733,0.22,19.6846,5,0,5,-7.349315519999999,"{""RANGE_ALLOW_LONG"": ""1"", ""RANGE_ALLOW_SHORT"": ""1"", ""RANGE_RECLAIM_FRAC"": ""0.015"", ""RANGE_SL_ATR_MULT"": ""0.8"", ""RANGE_SL_WIDTH_FRAC"": ""0.1"", ""RANGE_WICK_FRAC_MIN"": ""0.45""}"
197,range_live_side_exit_repair_v1_r197,/root/by-bot/backtest_runs/portfolio_20260619_011105_range_live_side_exit_repair_v1_r197,False,pf<1.15;dd>8.0;net<1.0;neg_months>3;neg_streak>2,-2061.35566865,331,-17.11,0.691,0.215,19.093,5,0,5,-7.891779099999998,"{""RANGE_ALLOW_LONG"": ""1"", ""RANGE_ALLOW_SHORT"": ""1"", ""RANGE_RECLAIM_FRAC"": ""0.015"", ""RANGE_SL_ATR_MULT"": ""0.88"", ""RANGE_SL_WIDTH_FRAC"": ""0.11"", ""RANGE_WICK_FRAC_MIN"": ""0.55""}"
207,range_live_side_exit_repair_v1_r207,/root/by-bot/backtest_runs/portfolio_20260619_014402_range_live_side_exit_repair_v1_r207,False,pf<1.15;dd>8.0;net<1.0;neg_months>3;neg_streak>2,-2061.7064941400004,320,-17.76,0.666,0.206,19.3528,5,0,5,-7.259262759999999,"{""RANGE_ALLOW_LONG"": ""1"", ""RANGE_ALLOW_SHORT"": ""1"", ""RANGE_RECLAIM_FRAC"": ""0.02"", ""RANGE_SL_ATR_MULT"": ""1.0"", ""RANGE_SL_WIDTH_FRAC"": ""0.1"", ""RANGE_WICK_FRAC_MIN"": ""0.45""}"
205,range_live_side_exit_repair_v1_r205,/root/by-bot/backtest_runs/portfolio_20260619_013755_range_live_side_exit_repair_v1_r205,False,pf<1.15;dd>8.0;net<1.0;neg_months>3;neg_streak>2,-2062.0040976900004,335,-18.29,0.669,0.206,20.2731,5,0,5,-5.806598459999999,"{""RANGE_ALLOW_LONG"": ""1"", ""RANGE_ALLOW_SHORT"": ""1"", ""RANGE_RECLAIM_FRAC"": ""0.02"", ""RANGE_SL_ATR_MULT"": ""0.8"", ""RANGE_SL_WIDTH_FRAC"": ""0.1"", ""RANGE_WICK_FRAC_MIN"": ""0.45""}"
193,range_live_side_exit_repair_v1_r193,/root/by-bot/backtest_runs/portfolio_20260619_005742_range_live_side_exit_repair_v1_r193,False,pf<1.15;dd>8.0;net<1.0;neg_months>3,-2062.0825268,368,-17.62,0.703,0.215,20.2682,4,1,2,-7.7347512000000025,"{""RANGE_ALLOW_LONG"": ""1"", ""RANGE_ALLOW_SHORT"": ""1"", ""RANGE_RECLAIM_FRAC"": ""0.015"", ""RANGE_SL_ATR_MULT"": ""0.8"", ""RANGE_SL_WIDTH_FRAC"": ""0.1"", ""RANGE_WICK_FRAC_MIN"": ""0.55""}"
164,range_live_side_exit_repair_v1_r164,/root/by-bot/backtest_runs/portfolio_20260618_233336_range_live_side_exit_repair_v1_r164,False,pf<1.15;dd>8.0;net<1.0;neg_months>3;neg_streak>2,-2062.6141752249996,407,-17.92,0.724,0.216,20.2949,5,0,5,-6.480250149999998,"{""RANGE_ALLOW_LONG"": ""1"", ""RANGE_ALLOW_SHORT"": ""1"", ""RANGE_RECLAIM_FRAC"": ""0.01"", ""RANGE_SL_ATR_MULT"": ""0.88"", ""RANGE_SL_WIDTH_FRAC"": ""0.1"", ""RANGE_WICK_FRAC_MIN"": ""0.35""}"
204,range_live_side_exit_repair_v1_r204,/root/by-bot/backtest_runs/portfolio_20260619_013440_range_live_side_exit_repair_v1_r204,False,pf<1.15;dd>8.0;net<1.0;neg_months>3;neg_streak>2,-2064.4243049549996,293,-18.17,0.634,0.201,20.3589,5,0,5,-7.401669970000001,"{""RANGE_ALLOW_LONG"": ""1"", ""RANGE_ALLOW_SHORT"": ""1"", ""RANGE_RECLAIM_FRAC"": ""0.02"", ""RANGE_SL_ATR_MULT"": ""1.0"", ""RANGE_SL_WIDTH_FRAC"": ""0.11"", ""RANGE_WICK_FRAC_MIN"": ""0.35""}"
179,range_live_side_exit_repair_v1_r179,/root/by-bot/backtest_runs/portfolio_20260619_001731_range_live_side_exit_repair_v1_r179,False,pf<1.15;dd>8.0;net<1.0;neg_months>3;neg_streak>2,-2064.45288754,354,-18.22,0.691,0.212,20.0501,5,0,5,-7.792458360000003,"{""RANGE_ALLOW_LONG"": ""1"", ""RANGE_ALLOW_SHORT"": ""1"", ""RANGE_RECLAIM_FRAC"": ""0.01"", ""RANGE_SL_ATR_MULT"": ""0.88"", ""RANGE_SL_WIDTH_FRAC"": ""0.11"", ""RANGE_WICK_FRAC_MIN"": ""0.55""}"
213,range_live_side_exit_repair_v1_r213,/root/by-bot/backtest_runs/portfolio_20260619_020329_range_live_side_exit_repair_v1_r213,False,pf<1.15;dd>8.0;net<1.0;neg_months>3;neg_streak>2,-2064.920919755,298,-18.96,0.62,0.191,20.5612,5,0,5,-6.83101317,"{""RANGE_ALLOW_LONG"": ""1"", ""RANGE_ALLOW_SHORT"": ""1"", ""RANGE_RECLAIM_FRAC"": ""0.02"", ""RANGE_SL_ATR_MULT"": ""1.0"", ""RANGE_SL_WIDTH_FRAC"": ""0.1"", ""RANGE_WICK_FRAC_MIN"": ""0.55""}"
203,range_live_side_exit_repair_v1_r203,/root/by-bot/backtest_runs/portfolio_20260619_013116_range_live_side_exit_repair_v1_r203,False,pf<1.15;dd>8.0;net<1.0;neg_months>3;neg_streak>2,-2064.9462460100003,314,-19.2,0.641,0.21,20.7193,5,0,5,-6.445097340000001,"{""RANGE_ALLOW_LONG"": ""1"", ""RANGE_ALLOW_SHORT"": ""1"", ""RANGE_RECLAIM_FRAC"": ""0.02"", ""RANGE_SL_ATR_MULT"": ""0.88"", ""RANGE_SL_WIDTH_FRAC"": ""0.11"", ""RANGE_WICK_FRAC_MIN"": ""0.35""}"
216,range_live_side_exit_repair_v1_r216,/root/by-bot/backtest_runs/portfolio_20260619_021330_range_live_side_exit_repair_v1_r216,False,pf<1.15;dd>8.0;net<1.0;neg_months>3;neg_streak>2,-2064.949132795,280,-18.6,0.61,0.196,20.537,5,0,5,-7.17008853,"{""RANGE_ALLOW_LONG"": ""1"", ""RANGE_ALLOW_SHORT"": ""1"", ""RANGE_RECLAIM_FRAC"": ""0.02"", ""RANGE_SL_ATR_MULT"": ""1.0"", ""RANGE_SL_WIDTH_FRAC"": ""0.11"", ""RANGE_WICK_FRAC_MIN"": ""0.55""}"
212,range_live_side_exit_repair_v1_r212,/root/by-bot/backtest_runs/portfolio_20260619_015935_range_live_side_exit_repair_v1_r212,False,pf<1.15;dd>8.0;net<1.0;neg_months>3;neg_streak>2,-2065.15851745,329,-18.99,0.649,0.204,21.5846,5,0,5,-5.600878299999998,"{""RANGE_ALLOW_LONG"": ""1"", ""RANGE_ALLOW_SHORT"": ""1"", ""RANGE_RECLAIM_FRAC"": ""0.02"", ""RANGE_SL_ATR_MULT"": ""0.88"", ""RANGE_SL_WIDTH_FRAC"": ""0.1"", ""RANGE_WICK_FRAC_MIN"": ""0.55""}"
195,range_live_side_exit_repair_v1_r195,/root/by-bot/backtest_runs/portfolio_20260619_010400_range_live_side_exit_repair_v1_r195,False,pf<1.15;dd>8.0;net<1.0;neg_months>3;neg_streak>2,-2065.408117815,344,-18.69,0.664,0.203,21.2248,4,1,3,-7.820345209999999,"{""RANGE_ALLOW_LONG"": ""1"", ""RANGE_ALLOW_SHORT"": ""1"", ""RANGE_RECLAIM_FRAC"": ""0.015"", ""RANGE_SL_ATR_MULT"": ""1.0"", ""RANGE_SL_WIDTH_FRAC"": ""0.1"", ""RANGE_WICK_FRAC_MIN"": ""0.55""}"
194,range_live_side_exit_repair_v1_r194,/root/by-bot/backtest_runs/portfolio_20260619_010050_range_live_side_exit_repair_v1_r194,False,pf<1.15;dd>8.0;net<1.0;neg_months>3,-2066.080515125,363,-18.8,0.683,0.207,20.5055,4,1,2,-9.139676749999998,"{""RANGE_ALLOW_LONG"": ""1"", ""RANGE_ALLOW_SHORT"": ""1"", ""RANGE_RECLAIM_FRAC"": ""0.015"", ""RANGE_SL_ATR_MULT"": ""0.88"", ""RANGE_SL_WIDTH_FRAC"": ""0.1"", ""RANGE_WICK_FRAC_MIN"": ""0.55""}"
171,range_live_side_exit_repair_v1_r171,/root/by-bot/backtest_runs/portfolio_20260618_235319_range_live_side_exit_repair_v1_r171,False,pf<1.15;dd>8.0;net<1.0;neg_months>3;neg_streak>2,-2066.1295444,376,-19.49,0.682,0.207,21.7076,5,0,5,-5.684229600000001,"{""RANGE_ALLOW_LONG"": ""1"", ""RANGE_ALLOW_SHORT"": ""1"", ""RANGE_RECLAIM_FRAC"": ""0.01"", ""RANGE_SL_ATR_MULT"": ""1.0"", ""RANGE_SL_WIDTH_FRAC"": ""0.1"", ""RANGE_WICK_FRAC_MIN"": ""0.45""}"
215,range_live_side_exit_repair_v1_r215,/root/by-bot/backtest_runs/portfolio_20260619_020952_range_live_side_exit_repair_v1_r215,False,pf<1.15;dd>8.0;net<1.0;neg_months>3;neg_streak>2,-2068.860758585,300,-19.74,0.618,0.197,21.7531,5,0,5,-7.24437239,"{""RANGE_ALLOW_LONG"": ""1"", ""RANGE_ALLOW_SHORT"": ""1"", ""RANGE_RECLAIM_FRAC"": ""0.02"", ""RANGE_SL_ATR_MULT"": ""0.88"", ""RANGE_SL_WIDTH_FRAC"": ""0.11"", ""RANGE_WICK_FRAC_MIN"": ""0.55""}"
168,range_live_side_exit_repair_v1_r168,/root/by-bot/backtest_runs/portfolio_20260618_234450_range_live_side_exit_repair_v1_r168,False,pf<1.15;dd>8.0;net<1.0;neg_months>3;neg_streak>2,-2072.2163167450003,352,-20.72,0.652,0.202,23.5844,5,0,5,-6.255677829999997,"{""RANGE_ALLOW_LONG"": ""1"", ""RANGE_ALLOW_SHORT"": ""1"", ""RANGE_RECLAIM_FRAC"": ""0.01"", ""RANGE_SL_ATR_MULT"": ""1.0"", ""RANGE_SL_WIDTH_FRAC"": ""0.11"", ""RANGE_WICK_FRAC_MIN"": ""0.35""}"
