candidate,passes,reason,robustness,folds,folds_positive,frac_positive,median_metric,min_metric,dispersion,peak_ratio,total_trades
td30_lb120_top3_s0.6_w1.5-8,0,unstable_frac_pos_0.50,-1.4006332455426835,4,2,0.5,-0.54,-2.78,1.7212664910853672,inf,59
td30_lb120_top3_s0.6_w1.5-12,0,unstable_frac_pos_0.50,-1.4006332455426835,4,2,0.5,-0.54,-2.78,1.7212664910853672,inf,59
td60_lb120_top3_s0.6_w1.5-8,0,unstable_frac_pos_0.50,-1.4006332455426835,4,2,0.5,-0.54,-2.78,1.7212664910853672,inf,59
td60_lb120_top3_s0.6_w1.5-12,0,unstable_frac_pos_0.50,-1.4006332455426835,4,2,0.5,-0.54,-2.78,1.7212664910853672,inf,59
td120_lb120_top3_s0.6_w1.5-8,0,unstable_frac_pos_0.50,-1.4006332455426835,4,2,0.5,-0.54,-2.78,1.7212664910853672,inf,59
td120_lb120_top3_s0.6_w1.5-12,0,unstable_frac_pos_0.50,-1.4006332455426835,4,2,0.5,-0.54,-2.78,1.7212664910853672,inf,59
td30_lb120_top5_s0.6_w1.5-8,0,unstable_frac_pos_0.50,-2.2614079540920313,4,2,0.5,-0.8549999999999999,-3.56,2.8128159081840627,inf,81
td30_lb120_top5_s0.6_w1.5-12,0,unstable_frac_pos_0.50,-2.2614079540920313,4,2,0.5,-0.8549999999999999,-3.56,2.8128159081840627,inf,81
td60_lb120_top5_s0.6_w1.5-8,0,unstable_frac_pos_0.50,-2.2614079540920313,4,2,0.5,-0.8549999999999999,-3.56,2.8128159081840627,inf,81
td60_lb120_top5_s0.6_w1.5-12,0,unstable_frac_pos_0.50,-2.2614079540920313,4,2,0.5,-0.8549999999999999,-3.56,2.8128159081840627,inf,81
td120_lb120_top5_s0.6_w1.5-8,0,unstable_frac_pos_0.50,-2.2614079540920313,4,2,0.5,-0.8549999999999999,-3.56,2.8128159081840627,inf,81
td120_lb120_top5_s0.6_w1.5-12,0,unstable_frac_pos_0.50,-2.2614079540920313,4,2,0.5,-0.8549999999999999,-3.56,2.8128159081840627,inf,81
td30_lb120_top3_s0.4_w1.5-8,0,unstable_frac_pos_0.50,-2.5014726610381293,4,2,0.5,-0.54,-5.9,3.9229453220762585,inf,72
td30_lb120_top3_s0.4_w1.5-12,0,unstable_frac_pos_0.50,-2.5014726610381293,4,2,0.5,-0.54,-5.9,3.9229453220762585,inf,72
td30_lb120_top3_s0.5_w1.5-8,0,unstable_frac_pos_0.50,-2.5014726610381293,4,2,0.5,-0.54,-5.9,3.9229453220762585,inf,72
td30_lb120_top3_s0.5_w1.5-12,0,unstable_frac_pos_0.50,-2.5014726610381293,4,2,0.5,-0.54,-5.9,3.9229453220762585,inf,72
td60_lb120_top3_s0.4_w1.5-8,0,unstable_frac_pos_0.50,-2.5014726610381293,4,2,0.5,-0.54,-5.9,3.9229453220762585,inf,72
td60_lb120_top3_s0.4_w1.5-12,0,unstable_frac_pos_0.50,-2.5014726610381293,4,2,0.5,-0.54,-5.9,3.9229453220762585,inf,72
td60_lb120_top3_s0.5_w1.5-8,0,unstable_frac_pos_0.50,-2.5014726610381293,4,2,0.5,-0.54,-5.9,3.9229453220762585,inf,72
td60_lb120_top3_s0.5_w1.5-12,0,unstable_frac_pos_0.50,-2.5014726610381293,4,2,0.5,-0.54,-5.9,3.9229453220762585,inf,72
td120_lb120_top3_s0.4_w1.5-8,0,unstable_frac_pos_0.50,-2.5014726610381293,4,2,0.5,-0.54,-5.9,3.9229453220762585,inf,72
td120_lb120_top3_s0.4_w1.5-12,0,unstable_frac_pos_0.50,-2.5014726610381293,4,2,0.5,-0.54,-5.9,3.9229453220762585,inf,72
td120_lb120_top3_s0.5_w1.5-8,0,unstable_frac_pos_0.50,-2.5014726610381293,4,2,0.5,-0.54,-5.9,3.9229453220762585,inf,72
td120_lb120_top3_s0.5_w1.5-12,0,unstable_frac_pos_0.50,-2.5014726610381293,4,2,0.5,-0.54,-5.9,3.9229453220762585,inf,72
td30_lb120_top5_s0.4_w1.5-8,0,unstable_frac_pos_0.50,-3.1185960911331314,4,2,0.5,-1.205,-5.9,3.8271921822662627,inf,105
td30_lb120_top5_s0.4_w1.5-12,0,unstable_frac_pos_0.50,-3.1185960911331314,4,2,0.5,-1.205,-5.9,3.8271921822662627,inf,105
td30_lb120_top5_s0.5_w1.5-8,0,unstable_frac_pos_0.50,-3.1185960911331314,4,2,0.5,-1.205,-5.9,3.8271921822662627,inf,105
td30_lb120_top5_s0.5_w1.5-12,0,unstable_frac_pos_0.50,-3.1185960911331314,4,2,0.5,-1.205,-5.9,3.8271921822662627,inf,105
td60_lb120_top5_s0.4_w1.5-8,0,unstable_frac_pos_0.50,-3.1185960911331314,4,2,0.5,-1.205,-5.9,3.8271921822662627,inf,105
td60_lb120_top5_s0.4_w1.5-12,0,unstable_frac_pos_0.50,-3.1185960911331314,4,2,0.5,-1.205,-5.9,3.8271921822662627,inf,105
td60_lb120_top5_s0.5_w1.5-8,0,unstable_frac_pos_0.50,-3.1185960911331314,4,2,0.5,-1.205,-5.9,3.8271921822662627,inf,105
td60_lb120_top5_s0.5_w1.5-12,0,unstable_frac_pos_0.50,-3.1185960911331314,4,2,0.5,-1.205,-5.9,3.8271921822662627,inf,105
td120_lb120_top5_s0.4_w1.5-8,0,unstable_frac_pos_0.50,-3.1185960911331314,4,2,0.5,-1.205,-5.9,3.8271921822662627,inf,105
td120_lb120_top5_s0.4_w1.5-12,0,unstable_frac_pos_0.50,-3.1185960911331314,4,2,0.5,-1.205,-5.9,3.8271921822662627,inf,105
td120_lb120_top5_s0.5_w1.5-8,0,unstable_frac_pos_0.50,-3.1185960911331314,4,2,0.5,-1.205,-5.9,3.8271921822662627,inf,105
td120_lb120_top5_s0.5_w1.5-12,0,unstable_frac_pos_0.50,-3.1185960911331314,4,2,0.5,-1.205,-5.9,3.8271921822662627,inf,105
td30_lb120_top8_s0.6_w1.5-8,0,unstable_frac_pos_0.50,-3.2416761231190683,4,2,0.5,-0.8549999999999999,-7.93,4.773352246238137,inf,116
td30_lb120_top8_s0.6_w1.5-12,0,unstable_frac_pos_0.50,-3.2416761231190683,4,2,0.5,-0.8549999999999999,-7.93,4.773352246238137,inf,116
td60_lb120_top8_s0.6_w1.5-8,0,unstable_frac_pos_0.50,-3.2416761231190683,4,2,0.5,-0.8549999999999999,-7.93,4.773352246238137,inf,116
td60_lb120_top8_s0.6_w1.5-12,0,unstable_frac_pos_0.50,-3.2416761231190683,4,2,0.5,-0.8549999999999999,-7.93,4.773352246238137,inf,116
td120_lb120_top8_s0.6_w1.5-8,0,unstable_frac_pos_0.50,-3.2416761231190683,4,2,0.5,-0.8549999999999999,-7.93,4.773352246238137,inf,116
td120_lb120_top8_s0.6_w1.5-12,0,unstable_frac_pos_0.50,-3.2416761231190683,4,2,0.5,-0.8549999999999999,-7.93,4.773352246238137,inf,116
td30_lb120_top8_s0.4_w1.5-8,0,unstable_frac_pos_0.50,-5.004681143535594,4,2,0.5,-2.375,-7.93,5.259362287071187,inf,140
td30_lb120_top8_s0.4_w1.5-12,0,unstable_frac_pos_0.50,-5.004681143535594,4,2,0.5,-2.375,-7.93,5.259362287071187,inf,140
td30_lb120_top8_s0.5_w1.5-8,0,unstable_frac_pos_0.50,-5.004681143535594,4,2,0.5,-2.375,-7.93,5.259362287071187,inf,140
td30_lb120_top8_s0.5_w1.5-12,0,unstable_frac_pos_0.50,-5.004681143535594,4,2,0.5,-2.375,-7.93,5.259362287071187,inf,140
td60_lb120_top8_s0.4_w1.5-8,0,unstable_frac_pos_0.50,-5.004681143535594,4,2,0.5,-2.375,-7.93,5.259362287071187,inf,140
td60_lb120_top8_s0.4_w1.5-12,0,unstable_frac_pos_0.50,-5.004681143535594,4,2,0.5,-2.375,-7.93,5.259362287071187,inf,140
td60_lb120_top8_s0.5_w1.5-8,0,unstable_frac_pos_0.50,-5.004681143535594,4,2,0.5,-2.375,-7.93,5.259362287071187,inf,140
td60_lb120_top8_s0.5_w1.5-12,0,unstable_frac_pos_0.50,-5.004681143535594,4,2,0.5,-2.375,-7.93,5.259362287071187,inf,140
td120_lb120_top8_s0.4_w1.5-8,0,unstable_frac_pos_0.50,-5.004681143535594,4,2,0.5,-2.375,-7.93,5.259362287071187,inf,140
td120_lb120_top8_s0.4_w1.5-12,0,unstable_frac_pos_0.50,-5.004681143535594,4,2,0.5,-2.375,-7.93,5.259362287071187,inf,140
td120_lb120_top8_s0.5_w1.5-8,0,unstable_frac_pos_0.50,-5.004681143535594,4,2,0.5,-2.375,-7.93,5.259362287071187,inf,140
td120_lb120_top8_s0.5_w1.5-12,0,unstable_frac_pos_0.50,-5.004681143535594,4,2,0.5,-2.375,-7.93,5.259362287071187,inf,140
td30_lb60_top3_s0.6_w2-8,0,insufficient_trades_32,-0.7288504076054747,4,1,0.25,0.0,-2.78,1.4577008152109494,inf,32
td30_lb60_top3_s0.6_w2-12,0,insufficient_trades_32,-0.7288504076054747,4,1,0.25,0.0,-2.78,1.4577008152109494,inf,32
td30_lb60_top5_s0.6_w2-8,0,insufficient_trades_32,-0.7288504076054747,4,1,0.25,0.0,-2.78,1.4577008152109494,inf,32
td30_lb60_top5_s0.6_w2-12,0,insufficient_trades_32,-0.7288504076054747,4,1,0.25,0.0,-2.78,1.4577008152109494,inf,32
td30_lb60_top8_s0.6_w2-8,0,insufficient_trades_32,-0.7288504076054747,4,1,0.25,0.0,-2.78,1.4577008152109494,inf,32
td30_lb60_top8_s0.6_w2-12,0,insufficient_trades_32,-0.7288504076054747,4,1,0.25,0.0,-2.78,1.4577008152109494,inf,32
td60_lb60_top3_s0.6_w2-8,0,insufficient_trades_32,-0.7288504076054747,4,1,0.25,0.0,-2.78,1.4577008152109494,inf,32
td60_lb60_top3_s0.6_w2-12,0,insufficient_trades_32,-0.7288504076054747,4,1,0.25,0.0,-2.78,1.4577008152109494,inf,32
td60_lb60_top5_s0.6_w2-8,0,insufficient_trades_32,-0.7288504076054747,4,1,0.25,0.0,-2.78,1.4577008152109494,inf,32
td60_lb60_top5_s0.6_w2-12,0,insufficient_trades_32,-0.7288504076054747,4,1,0.25,0.0,-2.78,1.4577008152109494,inf,32
td60_lb60_top8_s0.6_w2-8,0,insufficient_trades_32,-0.7288504076054747,4,1,0.25,0.0,-2.78,1.4577008152109494,inf,32
td60_lb60_top8_s0.6_w2-12,0,insufficient_trades_32,-0.7288504076054747,4,1,0.25,0.0,-2.78,1.4577008152109494,inf,32
td120_lb60_top3_s0.6_w2-8,0,insufficient_trades_32,-0.7288504076054747,4,1,0.25,0.0,-2.78,1.4577008152109494,inf,32
td120_lb60_top3_s0.6_w2-12,0,insufficient_trades_32,-0.7288504076054747,4,1,0.25,0.0,-2.78,1.4577008152109494,inf,32
td120_lb60_top5_s0.6_w2-8,0,insufficient_trades_32,-0.7288504076054747,4,1,0.25,0.0,-2.78,1.4577008152109494,inf,32
td120_lb60_top5_s0.6_w2-12,0,insufficient_trades_32,-0.7288504076054747,4,1,0.25,0.0,-2.78,1.4577008152109494,inf,32
td120_lb60_top8_s0.6_w2-8,0,insufficient_trades_32,-0.7288504076054747,4,1,0.25,0.0,-2.78,1.4577008152109494,inf,32
td120_lb60_top8_s0.6_w2-12,0,insufficient_trades_32,-0.7288504076054747,4,1,0.25,0.0,-2.78,1.4577008152109494,inf,32
td30_lb60_top3_s0.6_w1.5-8,0,insufficient_trades_39,-0.8222124624045376,4,1,0.25,0.0,-2.78,1.6444249248090752,inf,39
td30_lb60_top3_s0.6_w1.5-12,0,insufficient_trades_39,-0.8222124624045376,4,1,0.25,0.0,-2.78,1.6444249248090752,inf,39
td30_lb60_top5_s0.6_w1.5-8,0,insufficient_trades_39,-0.8222124624045376,4,1,0.25,0.0,-2.78,1.6444249248090752,inf,39
td30_lb60_top5_s0.6_w1.5-12,0,insufficient_trades_39,-0.8222124624045376,4,1,0.25,0.0,-2.78,1.6444249248090752,inf,39
td30_lb60_top8_s0.6_w1.5-8,0,insufficient_trades_39,-0.8222124624045376,4,1,0.25,0.0,-2.78,1.6444249248090752,inf,39
td30_lb60_top8_s0.6_w1.5-12,0,insufficient_trades_39,-0.8222124624045376,4,1,0.25,0.0,-2.78,1.6444249248090752,inf,39
td60_lb60_top3_s0.6_w1.5-8,0,insufficient_trades_39,-0.8222124624045376,4,1,0.25,0.0,-2.78,1.6444249248090752,inf,39
td60_lb60_top3_s0.6_w1.5-12,0,insufficient_trades_39,-0.8222124624045376,4,1,0.25,0.0,-2.78,1.6444249248090752,inf,39
td60_lb60_top5_s0.6_w1.5-8,0,insufficient_trades_39,-0.8222124624045376,4,1,0.25,0.0,-2.78,1.6444249248090752,inf,39
td60_lb60_top5_s0.6_w1.5-12,0,insufficient_trades_39,-0.8222124624045376,4,1,0.25,0.0,-2.78,1.6444249248090752,inf,39
td60_lb60_top8_s0.6_w1.5-8,0,insufficient_trades_39,-0.8222124624045376,4,1,0.25,0.0,-2.78,1.6444249248090752,inf,39
td60_lb60_top8_s0.6_w1.5-12,0,insufficient_trades_39,-0.8222124624045376,4,1,0.25,0.0,-2.78,1.6444249248090752,inf,39
td120_lb60_top3_s0.6_w1.5-8,0,insufficient_trades_39,-0.8222124624045376,4,1,0.25,0.0,-2.78,1.6444249248090752,inf,39
td120_lb60_top3_s0.6_w1.5-12,0,insufficient_trades_39,-0.8222124624045376,4,1,0.25,0.0,-2.78,1.6444249248090752,inf,39
td120_lb60_top5_s0.6_w1.5-8,0,insufficient_trades_39,-0.8222124624045376,4,1,0.25,0.0,-2.78,1.6444249248090752,inf,39
td120_lb60_top5_s0.6_w1.5-12,0,insufficient_trades_39,-0.8222124624045376,4,1,0.25,0.0,-2.78,1.6444249248090752,inf,39
td120_lb60_top8_s0.6_w1.5-8,0,insufficient_trades_39,-0.8222124624045376,4,1,0.25,0.0,-2.78,1.6444249248090752,inf,39
td120_lb60_top8_s0.6_w1.5-12,0,insufficient_trades_39,-0.8222124624045376,4,1,0.25,0.0,-2.78,1.6444249248090752,inf,39
td30_lb60_top3_s0.4_w2-8,0,thin_fold_0,-1.5064272025778964,4,1,0.25,0.0,-5.9,3.012854405155793,inf,43
td30_lb60_top3_s0.4_w2-12,0,thin_fold_0,-1.5064272025778964,4,1,0.25,0.0,-5.9,3.012854405155793,inf,43
td30_lb60_top3_s0.5_w2-8,0,thin_fold_0,-1.5064272025778964,4,1,0.25,0.0,-5.9,3.012854405155793,inf,43
td30_lb60_top3_s0.5_w2-12,0,thin_fold_0,-1.5064272025778964,4,1,0.25,0.0,-5.9,3.012854405155793,inf,43
td30_lb60_top5_s0.4_w2-8,0,thin_fold_0,-1.5064272025778964,4,1,0.25,0.0,-5.9,3.012854405155793,inf,43
td30_lb60_top5_s0.4_w2-12,0,thin_fold_0,-1.5064272025778964,4,1,0.25,0.0,-5.9,3.012854405155793,inf,43
td30_lb60_top5_s0.5_w2-8,0,thin_fold_0,-1.5064272025778964,4,1,0.25,0.0,-5.9,3.012854405155793,inf,43
td30_lb60_top5_s0.5_w2-12,0,thin_fold_0,-1.5064272025778964,4,1,0.25,0.0,-5.9,3.012854405155793,inf,43
td30_lb60_top8_s0.4_w2-8,0,thin_fold_0,-1.5064272025778964,4,1,0.25,0.0,-5.9,3.012854405155793,inf,43
td30_lb60_top8_s0.4_w2-12,0,thin_fold_0,-1.5064272025778964,4,1,0.25,0.0,-5.9,3.012854405155793,inf,43
td30_lb60_top8_s0.5_w2-8,0,thin_fold_0,-1.5064272025778964,4,1,0.25,0.0,-5.9,3.012854405155793,inf,43
td30_lb60_top8_s0.5_w2-12,0,thin_fold_0,-1.5064272025778964,4,1,0.25,0.0,-5.9,3.012854405155793,inf,43
td60_lb60_top3_s0.4_w2-8,0,thin_fold_0,-1.5064272025778964,4,1,0.25,0.0,-5.9,3.012854405155793,inf,43
td60_lb60_top3_s0.4_w2-12,0,thin_fold_0,-1.5064272025778964,4,1,0.25,0.0,-5.9,3.012854405155793,inf,43
td60_lb60_top3_s0.5_w2-8,0,thin_fold_0,-1.5064272025778964,4,1,0.25,0.0,-5.9,3.012854405155793,inf,43
td60_lb60_top3_s0.5_w2-12,0,thin_fold_0,-1.5064272025778964,4,1,0.25,0.0,-5.9,3.012854405155793,inf,43
td60_lb60_top5_s0.4_w2-8,0,thin_fold_0,-1.5064272025778964,4,1,0.25,0.0,-5.9,3.012854405155793,inf,43
td60_lb60_top5_s0.4_w2-12,0,thin_fold_0,-1.5064272025778964,4,1,0.25,0.0,-5.9,3.012854405155793,inf,43
td60_lb60_top5_s0.5_w2-8,0,thin_fold_0,-1.5064272025778964,4,1,0.25,0.0,-5.9,3.012854405155793,inf,43
td60_lb60_top5_s0.5_w2-12,0,thin_fold_0,-1.5064272025778964,4,1,0.25,0.0,-5.9,3.012854405155793,inf,43
td60_lb60_top8_s0.4_w2-8,0,thin_fold_0,-1.5064272025778964,4,1,0.25,0.0,-5.9,3.012854405155793,inf,43
td60_lb60_top8_s0.4_w2-12,0,thin_fold_0,-1.5064272025778964,4,1,0.25,0.0,-5.9,3.012854405155793,inf,43
td60_lb60_top8_s0.5_w2-8,0,thin_fold_0,-1.5064272025778964,4,1,0.25,0.0,-5.9,3.012854405155793,inf,43
td60_lb60_top8_s0.5_w2-12,0,thin_fold_0,-1.5064272025778964,4,1,0.25,0.0,-5.9,3.012854405155793,inf,43
td120_lb60_top3_s0.4_w2-8,0,thin_fold_0,-1.5064272025778964,4,1,0.25,0.0,-5.9,3.012854405155793,inf,43
td120_lb60_top3_s0.4_w2-12,0,thin_fold_0,-1.5064272025778964,4,1,0.25,0.0,-5.9,3.012854405155793,inf,43
td120_lb60_top3_s0.5_w2-8,0,thin_fold_0,-1.5064272025778964,4,1,0.25,0.0,-5.9,3.012854405155793,inf,43
td120_lb60_top3_s0.5_w2-12,0,thin_fold_0,-1.5064272025778964,4,1,0.25,0.0,-5.9,3.012854405155793,inf,43
td120_lb60_top5_s0.4_w2-8,0,thin_fold_0,-1.5064272025778964,4,1,0.25,0.0,-5.9,3.012854405155793,inf,43
td120_lb60_top5_s0.4_w2-12,0,thin_fold_0,-1.5064272025778964,4,1,0.25,0.0,-5.9,3.012854405155793,inf,43
td120_lb60_top5_s0.5_w2-8,0,thin_fold_0,-1.5064272025778964,4,1,0.25,0.0,-5.9,3.012854405155793,inf,43
td120_lb60_top5_s0.5_w2-12,0,thin_fold_0,-1.5064272025778964,4,1,0.25,0.0,-5.9,3.012854405155793,inf,43
td120_lb60_top8_s0.4_w2-8,0,thin_fold_0,-1.5064272025778964,4,1,0.25,0.0,-5.9,3.012854405155793,inf,43
td120_lb60_top8_s0.4_w2-12,0,thin_fold_0,-1.5064272025778964,4,1,0.25,0.0,-5.9,3.012854405155793,inf,43
td120_lb60_top8_s0.5_w2-8,0,thin_fold_0,-1.5064272025778964,4,1,0.25,0.0,-5.9,3.012854405155793,inf,43
td120_lb60_top8_s0.5_w2-12,0,thin_fold_0,-1.5064272025778964,4,1,0.25,0.0,-5.9,3.012854405155793,inf,43
td30_lb120_top3_s0.6_w2-8,0,thin_fold_4,-1.5570882661481784,4,1,0.25,-0.7300000000000001,-2.78,1.6541765322963569,inf,54
td30_lb120_top3_s0.6_w2-12,0,thin_fold_4,-1.5570882661481784,4,1,0.25,-0.7300000000000001,-2.78,1.6541765322963569,inf,54
td60_lb120_top3_s0.6_w2-8,0,thin_fold_4,-1.5570882661481784,4,1,0.25,-0.7300000000000001,-2.78,1.6541765322963569,inf,54
td60_lb120_top3_s0.6_w2-12,0,thin_fold_4,-1.5570882661481784,4,1,0.25,-0.7300000000000001,-2.78,1.6541765322963569,inf,54
td120_lb120_top3_s0.6_w2-8,0,thin_fold_4,-1.5570882661481784,4,1,0.25,-0.7300000000000001,-2.78,1.6541765322963569,inf,54
td120_lb120_top3_s0.6_w2-12,0,thin_fold_4,-1.5570882661481784,4,1,0.25,-0.7300000000000001,-2.78,1.6541765322963569,inf,54
td30_lb60_top3_s0.4_w1.5-8,0,thin_fold_0,-1.742668657564147,4,1,0.25,-0.18,-5.9,3.125337315128294,inf,51
td30_lb60_top3_s0.4_w1.5-12,0,thin_fold_0,-1.742668657564147,4,1,0.25,-0.18,-5.9,3.125337315128294,inf,51
td30_lb60_top3_s0.5_w1.5-8,0,thin_fold_0,-1.742668657564147,4,1,0.25,-0.18,-5.9,3.125337315128294,inf,51
td30_lb60_top3_s0.5_w1.5-12,0,thin_fold_0,-1.742668657564147,4,1,0.25,-0.18,-5.9,3.125337315128294,inf,51
td30_lb60_top5_s0.4_w1.5-8,0,thin_fold_0,-1.742668657564147,4,1,0.25,-0.18,-5.9,3.125337315128294,inf,51
td30_lb60_top5_s0.4_w1.5-12,0,thin_fold_0,-1.742668657564147,4,1,0.25,-0.18,-5.9,3.125337315128294,inf,51
td30_lb60_top5_s0.5_w1.5-8,0,thin_fold_0,-1.742668657564147,4,1,0.25,-0.18,-5.9,3.125337315128294,inf,51
td30_lb60_top5_s0.5_w1.5-12,0,thin_fold_0,-1.742668657564147,4,1,0.25,-0.18,-5.9,3.125337315128294,inf,51
td30_lb60_top8_s0.4_w1.5-8,0,thin_fold_0,-1.742668657564147,4,1,0.25,-0.18,-5.9,3.125337315128294,inf,51
td30_lb60_top8_s0.4_w1.5-12,0,thin_fold_0,-1.742668657564147,4,1,0.25,-0.18,-5.9,3.125337315128294,inf,51
td30_lb60_top8_s0.5_w1.5-8,0,thin_fold_0,-1.742668657564147,4,1,0.25,-0.18,-5.9,3.125337315128294,inf,51
td30_lb60_top8_s0.5_w1.5-12,0,thin_fold_0,-1.742668657564147,4,1,0.25,-0.18,-5.9,3.125337315128294,inf,51
td60_lb60_top3_s0.4_w1.5-8,0,thin_fold_0,-1.742668657564147,4,1,0.25,-0.18,-5.9,3.125337315128294,inf,51
td60_lb60_top3_s0.4_w1.5-12,0,thin_fold_0,-1.742668657564147,4,1,0.25,-0.18,-5.9,3.125337315128294,inf,51
td60_lb60_top3_s0.5_w1.5-8,0,thin_fold_0,-1.742668657564147,4,1,0.25,-0.18,-5.9,3.125337315128294,inf,51
td60_lb60_top3_s0.5_w1.5-12,0,thin_fold_0,-1.742668657564147,4,1,0.25,-0.18,-5.9,3.125337315128294,inf,51
td60_lb60_top5_s0.4_w1.5-8,0,thin_fold_0,-1.742668657564147,4,1,0.25,-0.18,-5.9,3.125337315128294,inf,51
td60_lb60_top5_s0.4_w1.5-12,0,thin_fold_0,-1.742668657564147,4,1,0.25,-0.18,-5.9,3.125337315128294,inf,51
td60_lb60_top5_s0.5_w1.5-8,0,thin_fold_0,-1.742668657564147,4,1,0.25,-0.18,-5.9,3.125337315128294,inf,51
td60_lb60_top5_s0.5_w1.5-12,0,thin_fold_0,-1.742668657564147,4,1,0.25,-0.18,-5.9,3.125337315128294,inf,51
td60_lb60_top8_s0.4_w1.5-8,0,thin_fold_0,-1.742668657564147,4,1,0.25,-0.18,-5.9,3.125337315128294,inf,51
td60_lb60_top8_s0.4_w1.5-12,0,thin_fold_0,-1.742668657564147,4,1,0.25,-0.18,-5.9,3.125337315128294,inf,51
td60_lb60_top8_s0.5_w1.5-8,0,thin_fold_0,-1.742668657564147,4,1,0.25,-0.18,-5.9,3.125337315128294,inf,51
td60_lb60_top8_s0.5_w1.5-12,0,thin_fold_0,-1.742668657564147,4,1,0.25,-0.18,-5.9,3.125337315128294,inf,51
td120_lb60_top3_s0.4_w1.5-8,0,thin_fold_0,-1.742668657564147,4,1,0.25,-0.18,-5.9,3.125337315128294,inf,51
td120_lb60_top3_s0.4_w1.5-12,0,thin_fold_0,-1.742668657564147,4,1,0.25,-0.18,-5.9,3.125337315128294,inf,51
td120_lb60_top3_s0.5_w1.5-8,0,thin_fold_0,-1.742668657564147,4,1,0.25,-0.18,-5.9,3.125337315128294,inf,51
td120_lb60_top3_s0.5_w1.5-12,0,thin_fold_0,-1.742668657564147,4,1,0.25,-0.18,-5.9,3.125337315128294,inf,51
td120_lb60_top5_s0.4_w1.5-8,0,thin_fold_0,-1.742668657564147,4,1,0.25,-0.18,-5.9,3.125337315128294,inf,51
td120_lb60_top5_s0.4_w1.5-12,0,thin_fold_0,-1.742668657564147,4,1,0.25,-0.18,-5.9,3.125337315128294,inf,51
td120_lb60_top5_s0.5_w1.5-8,0,thin_fold_0,-1.742668657564147,4,1,0.25,-0.18,-5.9,3.125337315128294,inf,51
td120_lb60_top5_s0.5_w1.5-12,0,thin_fold_0,-1.742668657564147,4,1,0.25,-0.18,-5.9,3.125337315128294,inf,51
td120_lb60_top8_s0.4_w1.5-8,0,thin_fold_0,-1.742668657564147,4,1,0.25,-0.18,-5.9,3.125337315128294,inf,51
td120_lb60_top8_s0.4_w1.5-12,0,thin_fold_0,-1.742668657564147,4,1,0.25,-0.18,-5.9,3.125337315128294,inf,51
td120_lb60_top8_s0.5_w1.5-8,0,thin_fold_0,-1.742668657564147,4,1,0.25,-0.18,-5.9,3.125337315128294,inf,51
td120_lb60_top8_s0.5_w1.5-12,0,thin_fold_0,-1.742668657564147,4,1,0.25,-0.18,-5.9,3.125337315128294,inf,51
td30_lb120_top3_s0.4_w2-8,0,unstable_frac_pos_0.25,-2.326425237979041,4,1,0.25,-0.8150000000000001,-5.9,3.022850475958082,inf,79
td30_lb120_top3_s0.4_w2-12,0,unstable_frac_pos_0.25,-2.326425237979041,4,1,0.25,-0.8150000000000001,-5.9,3.022850475958082,inf,79
td30_lb120_top3_s0.5_w2-8,0,unstable_frac_pos_0.25,-2.326425237979041,4,1,0.25,-0.8150000000000001,-5.9,3.022850475958082,inf,79
td30_lb120_top3_s0.5_w2-12,0,unstable_frac_pos_0.25,-2.326425237979041,4,1,0.25,-0.8150000000000001,-5.9,3.022850475958082,inf,79
td60_lb120_top3_s0.4_w2-8,0,unstable_frac_pos_0.25,-2.326425237979041,4,1,0.25,-0.8150000000000001,-5.9,3.022850475958082,inf,79
td60_lb120_top3_s0.4_w2-12,0,unstable_frac_pos_0.25,-2.326425237979041,4,1,0.25,-0.8150000000000001,-5.9,3.022850475958082,inf,79
td60_lb120_top3_s0.5_w2-8,0,unstable_frac_pos_0.25,-2.326425237979041,4,1,0.25,-0.8150000000000001,-5.9,3.022850475958082,inf,79
td60_lb120_top3_s0.5_w2-12,0,unstable_frac_pos_0.25,-2.326425237979041,4,1,0.25,-0.8150000000000001,-5.9,3.022850475958082,inf,79
td120_lb120_top3_s0.4_w2-8,0,unstable_frac_pos_0.25,-2.326425237979041,4,1,0.25,-0.8150000000000001,-5.9,3.022850475958082,inf,79
td120_lb120_top3_s0.4_w2-12,0,unstable_frac_pos_0.25,-2.326425237979041,4,1,0.25,-0.8150000000000001,-5.9,3.022850475958082,inf,79
td120_lb120_top3_s0.5_w2-8,0,unstable_frac_pos_0.25,-2.326425237979041,4,1,0.25,-0.8150000000000001,-5.9,3.022850475958082,inf,79
td120_lb120_top3_s0.5_w2-12,0,unstable_frac_pos_0.25,-2.326425237979041,4,1,0.25,-0.8150000000000001,-5.9,3.022850475958082,inf,79
td30_lb120_top5_s0.6_w2-8,0,thin_fold_4,-2.7819409786623908,4,1,0.25,-1.4349999999999998,-3.56,2.6938819573247823,inf,72
td30_lb120_top5_s0.6_w2-12,0,thin_fold_4,-2.7819409786623908,4,1,0.25,-1.4349999999999998,-3.56,2.6938819573247823,inf,72
td60_lb120_top5_s0.6_w2-8,0,thin_fold_4,-2.7819409786623908,4,1,0.25,-1.4349999999999998,-3.56,2.6938819573247823,inf,72
td60_lb120_top5_s0.6_w2-12,0,thin_fold_4,-2.7819409786623908,4,1,0.25,-1.4349999999999998,-3.56,2.6938819573247823,inf,72
td120_lb120_top5_s0.6_w2-8,0,thin_fold_4,-2.7819409786623908,4,1,0.25,-1.4349999999999998,-3.56,2.6938819573247823,inf,72
td120_lb120_top5_s0.6_w2-12,0,thin_fold_4,-2.7819409786623908,4,1,0.25,-1.4349999999999998,-3.56,2.6938819573247823,inf,72
td30_lb120_top5_s0.4_w2-8,0,unstable_frac_pos_0.25,-3.724168197825108,4,1,0.25,-1.9100000000000001,-5.9,3.628336395650216,inf,97
td30_lb120_top5_s0.4_w2-12,0,unstable_frac_pos_0.25,-3.724168197825108,4,1,0.25,-1.9100000000000001,-5.9,3.628336395650216,inf,97
td30_lb120_top5_s0.5_w2-8,0,unstable_frac_pos_0.25,-3.724168197825108,4,1,0.25,-1.9100000000000001,-5.9,3.628336395650216,inf,97
td30_lb120_top5_s0.5_w2-12,0,unstable_frac_pos_0.25,-3.724168197825108,4,1,0.25,-1.9100000000000001,-5.9,3.628336395650216,inf,97
td60_lb120_top5_s0.4_w2-8,0,unstable_frac_pos_0.25,-3.724168197825108,4,1,0.25,-1.9100000000000001,-5.9,3.628336395650216,inf,97
td60_lb120_top5_s0.4_w2-12,0,unstable_frac_pos_0.25,-3.724168197825108,4,1,0.25,-1.9100000000000001,-5.9,3.628336395650216,inf,97
td60_lb120_top5_s0.5_w2-8,0,unstable_frac_pos_0.25,-3.724168197825108,4,1,0.25,-1.9100000000000001,-5.9,3.628336395650216,inf,97
td60_lb120_top5_s0.5_w2-12,0,unstable_frac_pos_0.25,-3.724168197825108,4,1,0.25,-1.9100000000000001,-5.9,3.628336395650216,inf,97
td120_lb120_top5_s0.4_w2-8,0,unstable_frac_pos_0.25,-3.724168197825108,4,1,0.25,-1.9100000000000001,-5.9,3.628336395650216,inf,97
td120_lb120_top5_s0.4_w2-12,0,unstable_frac_pos_0.25,-3.724168197825108,4,1,0.25,-1.9100000000000001,-5.9,3.628336395650216,inf,97
td120_lb120_top5_s0.5_w2-8,0,unstable_frac_pos_0.25,-3.724168197825108,4,1,0.25,-1.9100000000000001,-5.9,3.628336395650216,inf,97
td120_lb120_top5_s0.5_w2-12,0,unstable_frac_pos_0.25,-3.724168197825108,4,1,0.25,-1.9100000000000001,-5.9,3.628336395650216,inf,97
td30_lb120_top8_s0.6_w2-8,0,thin_fold_4,-3.787682865723016,4,1,0.25,-1.4349999999999998,-7.93,4.705365731446033,inf,100
td30_lb120_top8_s0.6_w2-12,0,thin_fold_4,-3.787682865723016,4,1,0.25,-1.4349999999999998,-7.93,4.705365731446033,inf,100
td60_lb120_top8_s0.6_w2-8,0,thin_fold_4,-3.787682865723016,4,1,0.25,-1.4349999999999998,-7.93,4.705365731446033,inf,100
td60_lb120_top8_s0.6_w2-12,0,thin_fold_4,-3.787682865723016,4,1,0.25,-1.4349999999999998,-7.93,4.705365731446033,inf,100
td120_lb120_top8_s0.6_w2-8,0,thin_fold_4,-3.787682865723016,4,1,0.25,-1.4349999999999998,-7.93,4.705365731446033,inf,100
td120_lb120_top8_s0.6_w2-12,0,thin_fold_4,-3.787682865723016,4,1,0.25,-1.4349999999999998,-7.93,4.705365731446033,inf,100
td30_lb120_top8_s0.4_w2-8,0,unstable_frac_pos_0.25,-5.635296378765746,4,1,0.25,-3.08,-7.93,5.110592757531491,inf,125
td30_lb120_top8_s0.4_w2-12,0,unstable_frac_pos_0.25,-5.635296378765746,4,1,0.25,-3.08,-7.93,5.110592757531491,inf,125
td30_lb120_top8_s0.5_w2-8,0,unstable_frac_pos_0.25,-5.635296378765746,4,1,0.25,-3.08,-7.93,5.110592757531491,inf,125
td30_lb120_top8_s0.5_w2-12,0,unstable_frac_pos_0.25,-5.635296378765746,4,1,0.25,-3.08,-7.93,5.110592757531491,inf,125
td60_lb120_top8_s0.4_w2-8,0,unstable_frac_pos_0.25,-5.635296378765746,4,1,0.25,-3.08,-7.93,5.110592757531491,inf,125
td60_lb120_top8_s0.4_w2-12,0,unstable_frac_pos_0.25,-5.635296378765746,4,1,0.25,-3.08,-7.93,5.110592757531491,inf,125
td60_lb120_top8_s0.5_w2-8,0,unstable_frac_pos_0.25,-5.635296378765746,4,1,0.25,-3.08,-7.93,5.110592757531491,inf,125
td60_lb120_top8_s0.5_w2-12,0,unstable_frac_pos_0.25,-5.635296378765746,4,1,0.25,-3.08,-7.93,5.110592757531491,inf,125
td120_lb120_top8_s0.4_w2-8,0,unstable_frac_pos_0.25,-5.635296378765746,4,1,0.25,-3.08,-7.93,5.110592757531491,inf,125
td120_lb120_top8_s0.4_w2-12,0,unstable_frac_pos_0.25,-5.635296378765746,4,1,0.25,-3.08,-7.93,5.110592757531491,inf,125
td120_lb120_top8_s0.5_w2-8,0,unstable_frac_pos_0.25,-5.635296378765746,4,1,0.25,-3.08,-7.93,5.110592757531491,inf,125
td120_lb120_top8_s0.5_w2-12,0,unstable_frac_pos_0.25,-5.635296378765746,4,1,0.25,-3.08,-7.93,5.110592757531491,inf,125
