trades,net_r,pf,win_rate,avg_r,tag,symbols,positive_symbols,years,positive_years,months,positive_months,worst_month_r,top_symbol_frac
81,-0.8564,0.9796565075896144,0.4938,-0.0106,choch_short_rr1.5_sl1.0_h6_b0.2_cd0,4,2,1,0,4,2,-1.8581,0.4198
106,-3.09,0.9570858962589733,0.4623,-0.0292,bos_short_rr2.0_sl1.0_h6_b0.1_cd20,4,2,1,0,4,2,-3.3987,0.3113
85,-3.4487,0.9226032177778974,0.4824,-0.0406,choch_short_rr1.5_sl1.0_h6_b0.1_cd0,4,1,1,0,4,1,-3.4213,0.4235
106,-3.6404,0.9529565619677501,0.4434,-0.0343,bos_short_rr2.0_sl1.0_h12_b0.1_cd20,4,2,1,0,4,2,-5.0286,0.3113
76,-4.0943,0.9288170659619597,0.4474,-0.0539,choch_short_rr2.0_sl0.8_h12_b0.2_cd0,4,2,1,0,4,1,-2.4966,0.4211
72,-4.6325,0.9076092484488526,0.4167,-0.0643,choch_short_rr2.0_sl1.0_h12_b0.2_cd0,4,1,1,0,4,2,-8.5978,0.4306
54,-4.7723,0.8745659893340483,0.4074,-0.0884,choch_short_rr2.0_sl1.0_h12_b0.2_cd5,4,1,1,0,4,2,-7.7353,0.4074
78,-4.7959,0.9076749227078995,0.4487,-0.0615,choch_short_rr2.0_sl0.8_h6_b0.2_cd0,4,2,1,0,4,1,-3.3737,0.4103
87,-5.1529,0.8645132452507724,0.5747,-0.0592,choch_short_rr1.0_sl1.0_h6_b0.2_cd0,4,1,1,0,4,2,-5.2038,0.4368
75,-5.1795,0.8807468088633476,0.4267,-0.0691,choch_short_rr2.0_sl1.0_h6_b0.2_cd0,4,2,1,0,4,2,-7.5508,0.4133
79,-5.2385,0.8974997651994241,0.4937,-0.0663,choch_short_rr1.5_sl1.0_h12_b0.2_cd0,4,1,1,0,4,0,-1.8724,0.4304
91,-5.9856,0.8474396127877903,0.5714,-0.0658,choch_short_rr1.0_sl1.0_h6_b0.1_cd0,4,1,1,0,4,2,-7.0074,0.4396
106,-6.1213,0.9087674899695359,0.5094,-0.0577,bos_short_rr1.5_sl1.0_h6_b0.1_cd20,4,2,1,0,4,1,-3.6165,0.3113
80,-6.4802,0.8606681273127195,0.425,-0.081,choch_short_rr2.0_sl1.0_h6_b0.1_cd0,4,2,1,0,4,1,-8.5602,0.425
103,-6.5124,0.9082180139271173,0.4466,-0.0632,bos_short_rr2.0_sl1.0_h6_b0.2_cd20,4,2,1,0,4,1,-3.1038,0.301
84,-6.8618,0.8774343704619298,0.5119,-0.0817,choch_short_rr1.5_sl0.8_h12_b0.2_cd0,4,2,1,0,4,2,-7.8724,0.4524
86,-7.1343,0.8630965288158752,0.5116,-0.083,choch_short_rr1.5_sl0.8_h6_b0.2_cd0,4,2,1,0,4,2,-7.5498,0.4419
102,-7.6731,0.8989319034089785,0.4314,-0.0752,bos_short_rr2.0_sl1.0_h12_b0.2_cd20,4,2,1,0,4,1,-5.2163,0.3039
55,-7.8354,0.7906836960674052,0.4727,-0.1425,choch_short_rr1.5_sl1.0_h12_b0.2_cd5,4,1,1,0,4,2,-8.5637,0.4182
54,-7.8501,0.7671712707837774,0.3889,-0.1454,choch_short_rr2.0_sl1.0_h6_b0.2_cd5,4,1,1,0,4,1,-7.92,0.4074
77,-7.9866,0.8552318183301251,0.4026,-0.1037,choch_short_rr2.0_sl1.0_h12_b0.1_cd0,4,1,1,0,4,2,-12.2362,0.4416
55,-8.0582,0.814384926347795,0.4182,-0.1465,choch_short_rr2.0_sl0.8_h12_b0.2_cd5,4,1,1,0,4,1,-9.2188,0.4182
86,-8.1548,0.8157727680396885,0.593,-0.0948,choch_short_rr1.0_sl1.0_h12_b0.2_cd0,4,1,1,0,4,0,-5.8186,0.4419
52,-8.3703,0.7454148949760023,0.4038,-0.161,choch_short_rr2.0_sl1.0_h6_b0.2_cd10,4,1,1,0,4,1,-6.806,0.3846
82,-8.5947,0.8453673351157042,0.439,-0.1048,choch_short_rr2.0_sl0.8_h6_b0.1_cd0,4,2,1,0,4,1,-5.4438,0.4146
51,-8.8369,0.7541091259185884,0.451,-0.1733,choch_short_rr1.5_sl1.0_h12_b0.2_cd10,4,1,1,0,4,2,-9.7015,0.3922
106,-9.004,0.8733757101873206,0.4906,-0.0849,bos_short_rr1.5_sl1.0_h12_b0.1_cd20,4,2,1,0,4,1,-7.0536,0.3113
51,-9.3042,0.6850464600646549,0.549,-0.1824,choch_short_rr1.0_sl1.0_h12_b0.2_cd10,4,1,1,0,4,0,-3.7297,0.3922
49,-9.3252,0.7533948797148169,0.3673,-0.1903,choch_short_rr2.0_sl1.0_h12_b0.2_cd20,4,1,1,0,4,2,-10.886,0.3878
80,-9.3844,0.85051117773183,0.425,-0.1173,choch_short_rr2.0_sl0.8_h12_b0.1_cd0,4,2,1,0,4,1,-5.6231,0.425
103,-9.5146,0.8561856379111502,0.4951,-0.0924,bos_short_rr1.5_sl1.0_h6_b0.2_cd20,4,2,1,0,4,0,-3.8042,0.301
55,-9.5164,0.7225070128476534,0.4,-0.173,choch_short_rr2.0_sl1.0_h6_b0.1_cd10,4,1,1,0,4,1,-6.7697,0.4
52,-9.8367,0.6968510003574906,0.4423,-0.1892,choch_short_rr1.5_sl1.0_h6_b0.2_cd10,4,1,1,0,4,0,-7.4701,0.3846
106,-10.2535,0.8727762047392988,0.4528,-0.0967,bos_short_rr2.0_sl0.8_h6_b0.1_cd20,4,2,1,0,4,2,-8.0286,0.3113
83,-10.2707,0.816967897608805,0.4699,-0.1237,choch_short_rr1.5_sl1.0_h12_b0.1_cd0,4,1,1,0,4,0,-5.5108,0.4337
51,-10.5443,0.7298646799920069,0.3529,-0.2068,choch_short_rr2.0_sl1.0_h12_b0.2_cd10,4,1,1,0,4,2,-11.8731,0.3922
55,-10.7903,0.6637938824027942,0.5455,-0.1962,choch_short_rr1.0_sl1.0_h12_b0.2_cd5,4,1,1,0,4,1,-5.0002,0.4182
49,-10.9042,0.6683455906953544,0.3673,-0.2225,choch_short_rr2.0_sl1.0_h6_b0.2_cd20,4,1,1,0,4,1,-9.0118,0.3878
51,-10.9125,0.6688083473953844,0.3725,-0.214,choch_short_rr2.0_sl1.0_h6_b0.1_cd20,4,1,1,0,4,1,-8.9755,0.4118
55,-11.087,0.6791668234129797,0.4182,-0.2016,choch_short_rr1.5_sl1.0_h6_b0.2_cd5,4,1,1,0,4,1,-8.5841,0.4182
59,-11.0874,0.7498793093335618,0.3729,-0.1879,choch_short_rr2.0_sl1.0_h12_b0.1_cd5,4,1,1,0,4,1,-11.3737,0.4237
55,-11.0949,0.7306069229424448,0.4,-0.2017,choch_short_rr2.0_sl0.8_h6_b0.2_cd5,4,1,1,0,4,1,-8.2193,0.4182
90,-11.1739,0.7660332715642243,0.5778,-0.1242,choch_short_rr1.0_sl1.0_h12_b0.1_cd0,4,1,1,0,4,0,-7.1796,0.4444
55,-11.1739,0.6700399239319167,0.4364,-0.2032,choch_short_rr1.5_sl1.0_h6_b0.1_cd10,4,1,1,0,4,0,-7.4338,0.4
106,-11.204,0.8664027473051606,0.434,-0.1057,bos_short_rr2.0_sl0.8_h12_b0.1_cd20,4,2,1,0,4,2,-7.8976,0.3113
90,-11.2335,0.7995442524777033,0.5,-0.1248,choch_short_rr1.5_sl0.8_h6_b0.1_cd0,4,1,1,0,4,1,-9.5542,0.4444
49,-11.2917,0.7232806281490776,0.3878,-0.2304,choch_short_rr2.0_sl0.8_h12_b0.2_cd20,4,1,1,0,4,1,-10.5181,0.3878
59,-11.3246,0.6975945567767915,0.3729,-0.1919,choch_short_rr2.0_sl1.0_h6_b0.1_cd5,4,1,1,0,4,1,-8.9294,0.4237
52,-11.5166,0.7125427756298096,0.4038,-0.2215,choch_short_rr2.0_sl0.8_h6_b0.2_cd10,4,1,1,0,4,1,-8.4363,0.3846
55,-11.6116,0.5905670622915212,0.5091,-0.2111,choch_short_rr1.0_sl1.0_h6_b0.1_cd10,4,1,1,0,4,0,-5.9344,0.4
49,-11.6334,0.6783047772849448,0.4286,-0.2374,choch_short_rr1.5_sl1.0_h12_b0.2_cd20,4,1,1,0,4,1,-11.2144,0.3878
52,-11.899,0.7241924417742175,0.3846,-0.2288,choch_short_rr2.0_sl0.8_h12_b0.2_cd10,4,1,1,0,4,1,-12.8549,0.3846
51,-11.9464,0.7044031226416262,0.3529,-0.2342,choch_short_rr2.0_sl1.0_h12_b0.1_cd20,4,1,1,0,4,2,-13.4626,0.4118
88,-12.1356,0.8017671013363521,0.4886,-0.1379,choch_short_rr1.5_sl0.8_h12_b0.1_cd0,4,1,1,0,4,1,-9.3237,0.4545
51,-12.2721,0.5457335129852824,0.4902,-0.2406,choch_short_rr1.0_sl1.0_h6_b0.1_cd20,4,1,1,0,4,0,-4.5894,0.4118
52,-12.2744,0.5683803361699135,0.5,-0.236,choch_short_rr1.0_sl1.0_h6_b0.2_cd10,4,1,1,0,4,0,-4.5684,0.3846
55,-12.5363,0.6061383886494163,0.5636,-0.2279,choch_short_rr1.0_sl0.8_h12_b0.2_cd5,4,1,1,0,4,0,-8.5003,0.4182
55,-12.5985,0.6220877040894379,0.5273,-0.2291,choch_short_rr1.0_sl1.0_h12_b0.1_cd10,4,1,1,0,4,0,-5.5896,0.4
55,-12.6267,0.6896572064798224,0.4545,-0.2296,choch_short_rr1.5_sl0.8_h12_b0.2_cd5,4,1,1,0,4,1,-8.2873,0.4182
49,-12.8261,0.6047231912821588,0.4082,-0.2618,choch_short_rr1.5_sl1.0_h6_b0.2_cd20,4,1,1,0,4,0,-9.1759,0.3878
51,-12.8344,0.6053309716661439,0.4118,-0.2517,choch_short_rr1.5_sl1.0_h6_b0.1_cd20,4,1,1,0,4,0,-9.1396,0.4118
59,-12.8595,0.6969979005803446,0.4407,-0.218,choch_short_rr1.5_sl1.0_h12_b0.1_cd5,4,1,1,0,4,1,-12.2021,0.4237
52,-12.9829,0.6700065323095146,0.4423,-0.2497,choch_short_rr1.5_sl0.8_h12_b0.2_cd10,4,1,1,0,4,1,-8.9388,0.3846
103,-13.0842,0.8161590416361652,0.4757,-0.127,bos_short_rr1.5_sl1.0_h12_b0.2_cd20,4,2,1,0,4,0,-7.2413,0.301
49,-13.0883,0.5753833077037874,0.5102,-0.2671,choch_short_rr1.0_sl1.0_h12_b0.2_cd20,4,1,1,0,4,0,-6.6693,0.3878
59,-13.3381,0.7259600469262679,0.3898,-0.2261,choch_short_rr2.0_sl0.8_h12_b0.1_cd5,4,1,1,0,4,1,-13.0166,0.4237
59,-13.4821,0.6358020022367135,0.4068,-0.2285,choch_short_rr1.5_sl1.0_h6_b0.1_cd5,4,1,1,0,4,1,-9.5935,0.4237
59,-13.8192,0.6119542966896269,0.5254,-0.2342,choch_short_rr1.0_sl1.0_h12_b0.1_cd5,4,1,1,0,4,1,-6.371,0.4237
49,-13.8939,0.6419024103589765,0.3878,-0.2835,choch_short_rr2.0_sl0.8_h6_b0.2_cd20,4,0,1,0,4,0,-9.0841,0.3878
55,-13.9963,0.6717727316431414,0.4,-0.2545,choch_short_rr2.0_sl0.8_h6_b0.1_cd10,4,1,1,0,4,1,-9.4492,0.4
55,-14.0247,0.5408737498567757,0.4727,-0.255,choch_short_rr1.0_sl1.0_h6_b0.2_cd5,4,1,1,0,4,0,-5.8389,0.4182
55,-14.1473,0.656849642352108,0.4182,-0.2572,choch_short_rr1.5_sl1.0_h12_b0.1_cd10,4,1,1,0,4,2,-13.6223,0.4
132,-14.1851,0.8603333858453782,0.4091,-0.1075,bos_short_rr2.0_sl1.0_h12_b0.1_cd10,4,1,1,0,4,2,-8.584,0.3258
51,-14.2546,0.6322627247633053,0.4118,-0.2795,choch_short_rr1.5_sl1.0_h12_b0.1_cd20,4,1,1,0,4,1,-13.791,0.4118
49,-14.2638,0.49842464308319856,0.4694,-0.2911,choch_short_rr1.0_sl1.0_h6_b0.2_cd20,4,0,1,0,4,0,-5.2816,0.3878
49,-14.3602,0.6228780621034496,0.4286,-0.2931,choch_short_rr1.5_sl0.8_h12_b0.2_cd20,4,1,1,0,4,1,-9.0866,0.3878
59,-14.4246,0.5423551359171552,0.4746,-0.2445,choch_short_rr1.0_sl1.0_h6_b0.1_cd5,4,1,1,0,4,0,-7.2097,0.4237
52,-14.4829,0.543926110670244,0.5385,-0.2785,choch_short_rr1.0_sl0.8_h12_b0.2_cd10,4,1,1,0,4,0,-7.1622,0.3846
54,-14.5266,0.6621304486366923,0.3333,-0.269,choch_short_rr2.0_sl1.0_h12_b0.1_cd10,4,1,1,0,4,1,-14.4658,0.4074
87,-14.6451,0.6710954501660794,0.5747,-0.1683,choch_short_rr1.0_sl0.8_h6_b0.2_cd0,4,1,1,0,4,1,-13.5476,0.4368
59,-14.6471,0.6732046121855227,0.3898,-0.2483,choch_short_rr2.0_sl0.8_h6_b0.1_cd5,4,1,1,0,4,1,-10.2894,0.4237
52,-15.5285,0.6550471718022138,0.3654,-0.2986,choch_short_rr2.0_sl0.8_h12_b0.1_cd20,4,1,1,0,4,1,-13.268,0.4038
51,-15.7095,0.5287413904821331,0.4902,-0.308,choch_short_rr1.0_sl1.0_h12_b0.1_cd20,4,1,1,0,4,0,-9.2459,0.4118
55,-15.7125,0.5181338092959924,0.5273,-0.2857,choch_short_rr1.0_sl0.8_h6_b0.2_cd5,4,0,1,0,4,0,-11.1736,0.4182
145,-15.7993,0.8554748638613522,0.4207,-0.109,bos_short_rr2.0_sl1.0_h12_b0.2_cd5,4,2,1,0,4,1,-9.9708,0.3241
59,-15.8223,0.5609100218403021,0.5424,-0.2682,choch_short_rr1.0_sl0.8_h12_b0.1_cd5,4,1,1,0,4,0,-9.9638,0.4237
50,-15.9325,0.4952223144528156,0.52,-0.3186,choch_short_rr1.0_sl0.8_h12_b0.2_cd20,4,0,1,0,4,0,-7.1622,0.38
55,-16.1064,0.6597991711691922,0.3636,-0.2928,choch_short_rr2.0_sl0.8_h12_b0.1_cd10,4,1,1,0,4,1,-15.5955,0.4
52,-16.3937,0.6038025405050076,0.3846,-0.3153,choch_short_rr2.0_sl0.8_h6_b0.1_cd20,4,1,1,0,4,0,-10.097,0.4038
103,-16.689,0.8022939540261474,0.4175,-0.162,bos_short_rr2.0_sl0.8_h12_b0.2_cd20,4,2,1,0,4,1,-8.3601,0.301
55,-16.6903,0.5217322780493676,0.5273,-0.3035,choch_short_rr1.0_sl0.8_h12_b0.1_cd10,4,1,1,0,4,0,-8.6196,0.4
52,-16.8617,0.5648290332487683,0.4231,-0.3243,choch_short_rr1.5_sl0.8_h6_b0.2_cd10,4,1,1,0,4,0,-8.3184,0.3846
55,-16.94,0.5751020858624876,0.4182,-0.308,choch_short_rr1.5_sl0.8_h6_b0.2_cd5,4,1,1,0,4,1,-8.1014,0.4182
55,-17.1903,0.6052227271996564,0.4182,-0.3126,choch_short_rr1.5_sl0.8_h12_b0.1_cd10,4,1,1,0,4,1,-11.6794,0.4
124,-17.6116,0.8161112045031435,0.4032,-0.142,bos_short_rr2.0_sl1.0_h12_b0.2_cd10,4,2,1,0,4,1,-8.819,0.3145
155,-17.6555,0.8509551096763737,0.4129,-0.1139,bos_short_rr2.0_sl1.0_h12_b0.1_cd5,4,1,1,0,4,1,-10.9518,0.329
52,-17.6591,0.4572109178090613,0.5,-0.3396,choch_short_rr1.0_sl0.8_h6_b0.2_cd10,4,0,1,0,4,0,-9.8355,0.3846
85,-17.663,0.6322774730136259,0.5765,-0.2078,choch_short_rr1.0_sl0.8_h12_b0.2_cd0,4,1,1,0,4,1,-12.8257,0.4471
59,-17.9127,0.6101782333355096,0.4237,-0.3036,choch_short_rr1.5_sl0.8_h12_b0.1_cd5,4,1,1,0,4,1,-12.0851,0.4237
53,-18.16,0.4767354747991656,0.5094,-0.3426,choch_short_rr1.0_sl0.8_h12_b0.1_cd20,4,1,1,0,4,0,-8.6196,0.3962
49,-18.239,0.5134034810633145,0.4082,-0.3722,choch_short_rr1.5_sl0.8_h6_b0.2_cd20,4,0,1,0,4,0,-8.4662,0.3878
59,-18.4731,0.49092106604790103,0.5085,-0.3131,choch_short_rr1.0_sl0.8_h6_b0.1_cd5,4,0,1,0,4,0,-12.6371,0.4237
95,-18.5467,0.6339411714782526,0.5579,-0.1952,choch_short_rr1.0_sl0.8_h6_b0.1_cd0,4,1,1,0,4,0,-13.3944,0.4316
52,-18.597,0.5602412914911881,0.4038,-0.3576,choch_short_rr1.5_sl0.8_h12_b0.1_cd20,4,1,1,0,4,1,-11.8365,0.4038
97,-18.9583,0.6480842446033819,0.5361,-0.1954,bos_long_rr1.0_sl1.0_h12_b0.2_cd20,4,1,1,0,3,0,-8.0859,0.3196
50,-19.1087,0.4091639921092827,0.48,-0.3822,choch_short_rr1.0_sl0.8_h6_b0.2_cd20,4,0,1,0,4,0,-9.8355,0.38
55,-19.3411,0.4497615958851109,0.4909,-0.3517,choch_short_rr1.0_sl0.8_h6_b0.1_cd10,4,1,1,0,4,0,-11.2929,0.4
55,-19.3414,0.5319764698480607,0.4182,-0.3517,choch_short_rr1.5_sl0.8_h6_b0.1_cd10,4,1,1,0,4,0,-9.3313,0.4
103,-19.5003,0.7627839250262758,0.4272,-0.1893,bos_short_rr2.0_sl0.8_h6_b0.2_cd20,4,2,1,0,4,1,-8.8825,0.301
128,-20.2574,0.7601169964593176,0.4297,-0.1583,bos_long_rr2.0_sl1.0_h6_b0.1_cd10,4,1,1,0,4,1,-8.66,0.3438
59,-20.4983,0.5288840981749066,0.4068,-0.3474,choch_short_rr1.5_sl0.8_h6_b0.1_cd5,4,1,1,0,4,1,-10.1715,0.4237
52,-20.7388,0.4823220472676805,0.4038,-0.3988,choch_short_rr1.5_sl0.8_h6_b0.1_cd20,4,1,1,0,4,0,-9.4791,0.4038
53,-20.8108,0.4046947497296772,0.4717,-0.3927,choch_short_rr1.0_sl0.8_h6_b0.1_cd20,4,0,1,0,4,0,-11.2929,0.3962
106,-21.9233,0.6190425714926174,0.5283,-0.2068,bos_long_rr1.0_sl1.0_h6_b0.1_cd20,4,1,1,0,4,0,-7.8731,0.3208
98,-22.2,0.5901957092383179,0.5,-0.2265,bos_long_rr1.0_sl1.0_h6_b0.2_cd20,4,1,1,0,4,1,-8.4838,0.3163
93,-22.4067,0.5927135705794462,0.5591,-0.2409,choch_short_rr1.0_sl0.8_h12_b0.1_cd0,4,1,1,0,4,0,-12.9892,0.4409
103,-22.6237,0.6118055638966151,0.5146,-0.2196,bos_long_rr1.0_sl1.0_h12_b0.1_cd20,4,1,1,0,3,0,-9.2493,0.3107
57,-22.8825,0.5402341575932441,0.2982,-0.4014,choch_long_rr2.0_sl1.0_h12_b0.2_cd20,4,0,1,0,4,1,-12.2376,0.3158
102,-23.0493,0.6686719450769336,0.402,-0.226,bos_long_rr2.0_sl1.0_h6_b0.1_cd20,4,0,1,0,4,1,-10.263,0.3333
127,-23.4182,0.7502295782053757,0.3858,-0.1844,bos_short_rr2.0_sl1.0_h6_b0.2_cd10,4,1,1,0,4,1,-10.1053,0.315
107,-23.7004,0.6332240761890613,0.5421,-0.2215,bos_short_rr1.0_sl1.0_h12_b0.1_cd20,4,1,1,0,4,0,-12.1252,0.3178
107,-23.7004,0.6305183568477668,0.5421,-0.2215,bos_short_rr1.0_sl1.0_h6_b0.1_cd20,4,1,1,0,4,0,-11.7554,0.3178
57,-24.5706,0.4755228634002024,0.2807,-0.4311,choch_long_rr2.0_sl1.0_h6_b0.2_cd20,4,0,1,0,4,1,-12.4575,0.3158
104,-25.2274,0.6263332597673636,0.4423,-0.2426,bos_long_rr1.5_sl1.0_h6_b0.1_cd20,4,0,1,0,4,0,-10.4474,0.3269
135,-25.2554,0.7512511117436572,0.3926,-0.1871,bos_short_rr2.0_sl1.0_h6_b0.1_cd10,4,1,1,0,4,1,-10.0188,0.3259
107,-25.4136,0.688422126374071,0.4579,-0.2375,bos_short_rr1.5_sl0.8_h12_b0.1_cd20,4,1,1,0,4,1,-14.4065,0.3178
61,-25.7077,0.5162424235581474,0.2951,-0.4214,choch_long_rr2.0_sl1.0_h12_b0.1_cd20,4,0,1,0,4,1,-15.5837,0.2951
129,-26.0452,0.7133035172748579,0.4419,-0.2019,bos_short_rr1.5_sl1.0_h6_b0.2_cd10,4,1,1,0,4,1,-11.5889,0.3178
107,-26.505,0.6750412558450889,0.4579,-0.2477,bos_short_rr1.5_sl0.8_h6_b0.1_cd20,4,1,1,0,4,1,-14.7857,0.3178
119,-26.5471,0.697966999147844,0.3782,-0.2231,bos_long_rr2.0_sl1.0_h12_b0.1_cd10,4,0,1,0,3,0,-10.334,0.3193
74,-26.9795,0.569377341294733,0.3108,-0.3646,choch_long_rr2.0_sl1.0_h12_b0.2_cd0,4,0,1,0,4,1,-14.6717,0.3378
120,-27.2508,0.6703338180392878,0.3917,-0.2271,bos_long_rr2.0_sl1.0_h6_b0.2_cd10,4,0,1,0,4,1,-10.758,0.3417
136,-27.2548,0.7169391188750182,0.4412,-0.2004,bos_short_rr1.5_sl1.0_h6_b0.1_cd10,4,1,1,0,4,1,-10.8622,0.3309
58,-27.2629,0.3783314787113722,0.4138,-0.4701,choch_long_rr1.0_sl1.0_h12_b0.2_cd20,4,0,1,0,4,1,-15.432,0.3103
57,-27.3013,0.4459603708032989,0.3333,-0.479,choch_long_rr1.5_sl1.0_h12_b0.2_cd20,4,0,1,0,4,1,-13.932,0.3158
63,-27.4601,0.511699780034533,0.2857,-0.4359,choch_long_rr2.0_sl1.0_h12_b0.2_cd5,4,0,1,0,4,1,-11.7852,0.3175
154,-27.5443,0.7576283669570741,0.4026,-0.1789,bos_short_rr2.0_sl1.0_h6_b0.2_cd5,4,1,1,0,4,1,-13.071,0.3182
113,-27.5899,0.6733280052097209,0.3717,-0.2442,bos_long_rr2.0_sl1.0_h12_b0.2_cd10,4,0,1,0,3,0,-10.7048,0.3274
61,-27.7209,0.4935036460341271,0.2787,-0.4544,choch_long_rr2.0_sl1.0_h12_b0.2_cd10,4,0,1,0,4,1,-13.4374,0.3115
75,-28.0204,0.5171444031252478,0.3067,-0.3736,choch_long_rr2.0_sl1.0_h6_b0.2_cd0,4,0,1,0,4,1,-13.3937,0.3333
95,-28.1074,0.581590668206881,0.3579,-0.2959,bos_long_rr2.0_sl1.0_h6_b0.2_cd20,4,0,1,0,4,1,-11.6248,0.3263
127,-28.1389,0.7012827086458363,0.4331,-0.2216,bos_short_rr1.5_sl1.0_h12_b0.2_cd10,4,1,1,0,4,0,-13.6983,0.315
104,-28.1936,0.5719207357346643,0.5192,-0.2711,bos_short_rr1.0_sl1.0_h12_b0.2_cd20,4,1,1,0,4,0,-12.3129,0.3077
58,-28.2879,0.34663790335805467,0.3793,-0.4877,choch_long_rr1.0_sl1.0_h6_b0.2_cd20,4,0,1,0,4,1,-16.2722,0.3103
99,-28.5528,0.5942936713177414,0.3939,-0.2884,bos_long_rr1.5_sl1.0_h12_b0.1_cd20,4,0,1,0,3,0,-17.0179,0.3131
62,-28.5598,0.46194394833419994,0.3387,-0.4606,choch_long_rr1.5_sl1.0_h12_b0.1_cd20,4,0,1,0,4,1,-16.308,0.2903
104,-28.5961,0.5626671764480979,0.5192,-0.275,bos_short_rr1.0_sl1.0_h6_b0.2_cd20,4,1,1,0,4,0,-11.9431,0.3077
57,-29.1235,0.3782675988685489,0.2982,-0.5109,choch_long_rr1.5_sl1.0_h6_b0.2_cd20,4,0,1,0,4,1,-13.8854,0.3158
134,-29.1533,0.7059110731366305,0.4328,-0.2176,bos_short_rr1.5_sl1.0_h12_b0.1_cd10,4,1,1,0,4,0,-13.4633,0.3284
116,-29.2337,0.6395418087211704,0.4138,-0.252,bos_long_rr1.5_sl1.0_h12_b0.2_cd10,4,0,1,0,3,0,-14.5632,0.3276
128,-29.4374,0.7287960391880114,0.3906,-0.23,bos_short_rr2.0_sl0.8_h12_b0.2_cd10,4,1,1,0,4,1,-12.629,0.3203
61,-29.5056,0.41696372819462996,0.2787,-0.4837,choch_long_rr2.0_sl1.0_h6_b0.2_cd10,4,0,1,0,4,1,-13.7437,0.3115
63,-29.5267,0.3829153143136595,0.4127,-0.4687,choch_long_rr1.0_sl1.0_h12_b0.1_cd20,4,0,1,0,4,1,-18.308,0.2857
81,-29.5409,0.563363564878591,0.321,-0.3647,choch_long_rr2.0_sl1.0_h12_b0.1_cd0,4,0,1,0,4,1,-16.5165,0.3086
82,-29.8108,0.519265161447423,0.3171,-0.3635,choch_long_rr2.0_sl1.0_h6_b0.1_cd0,4,1,1,0,4,1,-14.7344,0.3049
137,-29.8289,0.7353167708697511,0.4015,-0.2177,bos_short_rr2.0_sl0.8_h6_b0.1_cd10,4,1,1,0,4,1,-11.444,0.3285
136,-29.876,0.7397923634336677,0.3897,-0.2197,bos_short_rr2.0_sl0.8_h12_b0.1_cd10,4,1,1,0,4,1,-12.3351,0.3309
63,-30.074,0.42202619466305363,0.2698,-0.4774,choch_long_rr2.0_sl1.0_h6_b0.1_cd20,4,1,1,0,4,1,-16.6284,0.2857
98,-30.2831,0.5646978495860165,0.4286,-0.309,bos_long_rr1.5_sl0.8_h6_b0.2_cd20,4,1,1,0,4,0,-10.8287,0.3265
130,-30.3657,0.6404481476964464,0.4538,-0.2336,bos_long_rr1.5_sl1.0_h6_b0.1_cd10,4,0,1,0,4,1,-11.1712,0.3462
63,-30.6495,0.42511347863600557,0.2698,-0.4865,choch_long_rr2.0_sl1.0_h6_b0.2_cd5,4,0,1,0,4,1,-13.7437,0.3175
61,-31.0417,0.3482290395933374,0.3934,-0.5089,choch_long_rr1.0_sl1.0_h12_b0.2_cd10,4,0,1,0,4,1,-16.6318,0.3115
97,-31.1903,0.5309863327213207,0.3918,-0.3215,bos_long_rr1.5_sl1.0_h6_b0.2_cd20,4,0,1,0,4,1,-13.7143,0.3196
69,-31.3262,0.39665645885094664,0.4203,-0.454,choch_long_rr1.0_sl1.0_h12_b0.1_cd5,4,0,1,0,4,1,-16.8872,0.2899
66,-31.3457,0.37825395314148796,0.4091,-0.4749,choch_long_rr1.0_sl1.0_h12_b0.1_cd10,4,0,1,0,4,1,-17.5394,0.2879
69,-31.6194,0.48367554221628556,0.2899,-0.4583,choch_long_rr2.0_sl1.0_h12_b0.1_cd5,4,1,1,0,4,1,-14.3458,0.2899
63,-31.7809,0.35315404796456895,0.3968,-0.5045,choch_long_rr1.0_sl1.0_h12_b0.2_cd5,4,0,1,0,4,1,-15.9796,0.3175
57,-31.8524,0.43992727515697555,0.2807,-0.5588,choch_long_rr2.0_sl0.8_h12_b0.2_cd20,4,0,1,0,4,1,-12.2899,0.3158
62,-31.9005,0.32388697432506325,0.371,-0.5145,choch_long_rr1.0_sl1.0_h6_b0.2_cd10,4,0,1,0,4,1,-16.8045,0.3065
96,-31.9365,0.5660506827909504,0.4062,-0.3327,bos_long_rr1.5_sl0.8_h12_b0.2_cd20,4,1,1,0,4,0,-11.411,0.3229
105,-32.0938,0.5763122007374384,0.4381,-0.3057,bos_long_rr1.5_sl0.8_h6_b0.1_cd20,4,1,1,0,4,0,-11.4353,0.3238
66,-32.1215,0.46225767569558374,0.2727,-0.4867,choch_long_rr2.0_sl1.0_h12_b0.1_cd10,4,1,1,0,4,1,-15.345,0.2879
61,-32.1397,0.40742768854079087,0.3115,-0.5269,choch_long_rr1.5_sl1.0_h12_b0.2_cd10,4,0,1,0,4,1,-15.1318,0.3115
66,-32.2462,0.409270688496,0.2727,-0.4886,choch_long_rr2.0_sl1.0_h6_b0.1_cd10,4,1,1,0,4,1,-15.7846,0.2879
92,-32.3639,0.5627829376203182,0.3261,-0.3518,bos_long_rr2.0_sl1.0_h12_b0.2_cd20,4,0,1,0,3,0,-12.2767,0.3261
63,-32.3789,0.4191396229122939,0.3175,-0.514,choch_long_rr1.5_sl1.0_h12_b0.2_cd5,4,0,1,0,4,1,-13.9796,0.3175
69,-32.4242,0.45640212314367434,0.3333,-0.4699,choch_long_rr1.5_sl1.0_h12_b0.1_cd5,4,0,1,0,4,1,-13.8872,0.2899
67,-32.6008,0.35253310242238034,0.3881,-0.4866,choch_long_rr1.0_sl1.0_h6_b0.1_cd10,4,0,1,0,4,1,-17.7121,0.2836
104,-32.6047,0.6069748295227844,0.4327,-0.3135,bos_short_rr1.5_sl0.8_h12_b0.2_cd20,4,1,1,0,4,0,-14.6412,0.3077
69,-32.7018,0.4292311800650327,0.2754,-0.4739,choch_long_rr2.0_sl1.0_h6_b0.1_cd5,4,1,1,0,4,1,-15.0963,0.2899
64,-32.7563,0.33119561267033365,0.375,-0.5118,choch_long_rr1.0_sl1.0_h6_b0.1_cd20,4,0,1,0,4,1,-19.1482,0.2812
63,-32.832,0.3641448336767736,0.3016,-0.5211,choch_long_rr1.5_sl1.0_h6_b0.1_cd20,4,0,1,0,4,1,-16.2614,0.2857
58,-32.9806,0.301097075383934,0.3966,-0.5686,choch_long_rr1.0_sl0.8_h6_b0.2_cd20,4,0,1,0,4,1,-15.2899,0.3103
129,-33.1915,0.6887600475606418,0.3953,-0.2573,bos_short_rr2.0_sl0.8_h6_b0.2_cd10,4,1,1,0,4,1,-12.704,0.3178
69,-33.2488,0.35742046704172764,0.3913,-0.4819,choch_long_rr1.0_sl1.0_h6_b0.1_cd5,4,0,1,0,4,1,-17.7274,0.2899
63,-33.3072,0.31429418449528135,0.3651,-0.5287,choch_long_rr1.0_sl1.0_h6_b0.2_cd5,4,0,1,0,4,1,-16.8198,0.3175
104,-33.3715,0.5977316314341061,0.4327,-0.3209,bos_short_rr1.5_sl0.8_h6_b0.2_cd20,4,1,1,0,4,0,-15.0204,0.3077
94,-33.4052,0.5327310138578241,0.3723,-0.3554,bos_long_rr1.5_sl1.0_h12_b0.2_cd20,4,0,1,0,3,0,-14.0836,0.3191
66,-33.4437,0.4247927487874514,0.3182,-0.5067,choch_long_rr1.5_sl1.0_h12_b0.1_cd10,4,0,1,0,4,1,-15.0394,0.2879
124,-33.5255,0.6177835997692485,0.4032,-0.2704,bos_long_rr1.5_sl1.0_h12_b0.1_cd10,4,0,1,0,3,0,-14.6646,0.3306
164,-33.7025,0.7269500558212036,0.3902,-0.2055,bos_short_rr2.0_sl1.0_h6_b0.1_cd5,4,1,1,0,4,1,-14.2036,0.3293
62,-33.7957,0.349047427350806,0.2903,-0.5451,choch_long_rr1.5_sl1.0_h6_b0.2_cd10,4,0,1,0,4,1,-14.3687,0.3065
58,-33.8291,0.2957787233333889,0.3966,-0.5833,choch_long_rr1.0_sl0.8_h12_b0.2_cd20,4,0,1,0,4,1,-15.2899,0.3103
97,-33.9096,0.5613474076373797,0.3196,-0.3496,bos_long_rr2.0_sl1.0_h12_b0.1_cd20,4,0,1,0,3,0,-14.6656,0.3196
100,-34.5835,0.4551437074521802,0.5,-0.3458,bos_long_rr1.0_sl0.8_h12_b0.2_cd20,4,0,1,0,4,0,-12.3557,0.32
105,-34.961,0.5865558819494705,0.381,-0.333,bos_long_rr2.0_sl0.8_h6_b0.1_cd20,4,0,1,0,4,1,-13.6637,0.3238
62,-35.1871,0.43108789357443356,0.2742,-0.5675,choch_long_rr2.0_sl0.8_h12_b0.1_cd20,4,0,1,0,4,1,-15.7625,0.2903
63,-35.2024,0.3396500008441399,0.2857,-0.5588,choch_long_rr1.5_sl1.0_h6_b0.2_cd5,4,0,1,0,4,1,-14.3687,0.3175
67,-35.2414,0.36506329296372503,0.2985,-0.526,choch_long_rr1.5_sl1.0_h6_b0.1_cd10,4,0,1,0,4,1,-16.4096,0.2836
62,-35.3353,0.4306506656182628,0.2742,-0.5699,choch_long_rr2.0_sl0.8_h12_b0.2_cd10,4,0,1,0,4,1,-13.344,0.3065
122,-35.555,0.5725694281650962,0.4098,-0.2914,bos_long_rr1.5_sl1.0_h6_b0.2_cd10,4,0,1,0,4,1,-14.5751,0.3443
57,-35.613,0.3641761945910431,0.2632,-0.6248,choch_long_rr2.0_sl0.8_h6_b0.2_cd20,4,0,1,0,4,1,-14.5507,0.3158
139,-35.639,0.6328673309715588,0.3669,-0.2564,bos_long_rr2.0_sl1.0_h6_b0.2_cd5,4,1,1,0,4,1,-14.917,0.3597
135,-35.8429,0.5792118844241163,0.5111,-0.2655,bos_short_rr1.0_sl1.0_h12_b0.1_cd10,4,1,1,0,4,0,-15.9257,0.3333
63,-35.8781,0.2984899528977927,0.3968,-0.5695,choch_long_rr1.0_sl0.8_h6_b0.2_cd5,4,0,1,0,4,1,-15.9744,0.3175
136,-35.8867,0.6590191504624902,0.4412,-0.2639,bos_short_rr1.5_sl0.8_h12_b0.1_cd10,4,1,1,0,4,0,-17.3576,0.3309
149,-35.9335,0.6557328831694399,0.3826,-0.2412,bos_long_rr2.0_sl1.0_h6_b0.1_cd5,4,0,1,0,4,1,-16.067,0.3624
69,-35.9598,0.36796425709022906,0.3043,-0.5212,choch_long_rr1.5_sl1.0_h6_b0.1_cd5,4,0,1,0,4,1,-15.7213,0.2899
137,-36.2298,0.5766443828240301,0.5109,-0.2645,bos_short_rr1.0_sl1.0_h6_b0.1_cd10,4,1,1,0,4,0,-15.0642,0.3358
101,-36.2579,0.43284555643325856,0.4851,-0.359,bos_long_rr1.0_sl0.8_h6_b0.2_cd20,4,1,1,0,4,0,-13.8503,0.3168
62,-36.3889,0.28850248611276763,0.3871,-0.5869,choch_long_rr1.0_sl0.8_h6_b0.2_cd10,4,0,1,0,4,1,-15.9744,0.3065
137,-36.4897,0.6532896893453877,0.4453,-0.2663,bos_short_rr1.5_sl0.8_h6_b0.1_cd10,4,1,1,0,4,1,-17.7368,0.3285
101,-36.6569,0.5312500799218428,0.3861,-0.3629,bos_long_rr1.5_sl0.8_h12_b0.1_cd20,4,1,1,0,3,0,-15.6363,0.3069
69,-36.6582,0.33346909461167124,0.4203,-0.5313,choch_long_rr1.0_sl0.8_h12_b0.1_cd5,4,0,1,0,4,1,-19.1087,0.2899
63,-36.7266,0.2936187072775741,0.3968,-0.583,choch_long_rr1.0_sl0.8_h12_b0.2_cd5,4,0,1,0,4,1,-15.9744,0.3175
63,-36.8245,0.4205592917903191,0.2698,-0.5845,choch_long_rr2.0_sl0.8_h12_b0.2_cd5,4,0,1,0,4,1,-13.344,0.3175
118,-36.8431,0.5034274639193044,0.4831,-0.3122,bos_long_rr1.0_sl1.0_h12_b0.2_cd10,4,0,1,0,3,0,-15.8889,0.3305
69,-37.1345,0.3234434069687998,0.4058,-0.5382,choch_long_rr1.0_sl0.8_h6_b0.1_cd5,4,0,1,0,4,1,-19.1087,0.2899
62,-37.2374,0.28379423225612876,0.3871,-0.6006,choch_long_rr1.0_sl0.8_h12_b0.2_cd10,4,0,1,0,4,1,-15.9744,0.3065
129,-37.7257,0.6277975098166894,0.4341,-0.2924,bos_short_rr1.5_sl0.8_h12_b0.2_cd10,4,1,1,0,4,0,-17.6515,0.3178
154,-37.732,0.6713646918238336,0.4221,-0.245,bos_short_rr1.5_sl1.0_h12_b0.2_cd5,4,1,1,0,4,0,-21.8107,0.3247
107,-37.8019,0.4805133589307359,0.514,-0.3533,bos_short_rr1.0_sl0.8_h12_b0.1_cd20,4,1,1,0,4,0,-17.1376,0.3178
64,-37.8328,0.29670574807087075,0.3906,-0.5911,choch_long_rr1.0_sl0.8_h12_b0.1_cd20,4,0,1,0,4,1,-18.4249,0.2812
67,-37.8674,0.3114830404465576,0.403,-0.5652,choch_long_rr1.0_sl0.8_h12_b0.1_cd10,4,0,1,0,4,1,-19.1087,0.2836
109,-37.9991,0.4469817586978732,0.5046,-0.3486,bos_long_rr1.0_sl0.8_h6_b0.1_cd20,4,1,1,0,4,0,-15.4569,0.3119
64,-38.3091,0.2863790383121564,0.375,-0.5986,choch_long_rr1.0_sl0.8_h6_b0.1_cd20,4,0,1,0,4,1,-18.4249,0.2812
67,-38.3437,0.3014128900022774,0.3881,-0.5723,choch_long_rr1.0_sl0.8_h6_b0.1_cd10,4,0,1,0,4,1,-19.1087,0.2836
57,-38.7545,0.31856505585359374,0.2807,-0.6799,choch_long_rr1.5_sl0.8_h12_b0.2_cd20,4,0,1,0,4,1,-15.7899,0.3158
69,-38.7561,0.43689493895448944,0.2754,-0.5617,choch_long_rr2.0_sl0.8_h12_b0.1_cd5,4,0,1,0,4,1,-17.1087,0.2899
106,-38.8176,0.4316844526367109,0.4811,-0.3662,bos_long_rr1.0_sl0.8_h12_b0.1_cd20,4,0,1,0,3,0,-14.3913,0.3019
67,-38.9653,0.4213346402025647,0.2687,-0.5816,choch_long_rr2.0_sl0.8_h12_b0.1_cd10,4,0,1,0,4,1,-17.1087,0.2836
107,-38.9682,0.4688361289900469,0.5047,-0.3642,bos_short_rr1.0_sl0.8_h6_b0.1_cd20,4,1,1,0,4,0,-18.3039,0.3178
130,-39.0943,0.6151044784348318,0.4385,-0.3007,bos_short_rr1.5_sl0.8_h6_b0.2_cd10,4,1,1,0,4,1,-18.0307,0.3154
62,-39.0959,0.3611937615908106,0.2581,-0.6306,choch_long_rr2.0_sl0.8_h6_b0.2_cd10,4,0,1,0,4,1,-16.0536,0.3065
100,-39.1525,0.5467663292616294,0.32,-0.3915,bos_long_rr2.0_sl0.8_h12_b0.1_cd20,4,0,1,0,3,0,-15.1472,0.31
128,-39.2527,0.5321517750192192,0.4922,-0.3067,bos_short_rr1.0_sl1.0_h12_b0.2_cd10,4,1,1,0,4,0,-18.1607,0.3203
150,-39.3982,0.6051572427892806,0.42,-0.2627,bos_long_rr1.5_sl1.0_h6_b0.1_cd5,4,1,1,0,4,0,-15.3357,0.36
83,-39.4125,0.43787733353110736,0.3373,-0.4748,choch_long_rr1.5_sl1.0_h12_b0.1_cd0,4,0,1,0,4,1,-18.2391,0.3133
140,-39.415,0.5786961224864999,0.4,-0.2815,bos_long_rr1.5_sl1.0_h6_b0.2_cd5,4,0,1,0,4,0,-13.5639,0.3571
76,-39.4477,0.4041969934737265,0.3158,-0.519,choch_long_rr1.5_sl1.0_h12_b0.2_cd0,4,0,1,0,4,1,-18.3943,0.3421
163,-40.4926,0.667853044457587,0.4172,-0.2484,bos_short_rr1.5_sl1.0_h12_b0.1_cd5,4,1,1,0,4,0,-22.7917,0.3313
63,-40.5851,0.3526137050631114,0.254,-0.6442,choch_long_rr2.0_sl0.8_h6_b0.2_cd5,4,0,1,0,4,1,-16.0536,0.3175
98,-40.6061,0.49795192684552225,0.3469,-0.4143,bos_long_rr2.0_sl0.8_h6_b0.2_cd20,4,0,1,0,4,1,-18.3199,0.3265
57,-40.674,0.2738186206945803,0.2632,-0.7136,choch_long_rr1.5_sl0.8_h6_b0.2_cd20,4,0,1,0,4,1,-17.5507,0.3158
130,-40.7279,0.520755769348439,0.4923,-0.3133,bos_short_rr1.0_sl1.0_h6_b0.2_cd10,4,1,1,0,4,0,-17.7909,0.3231
159,-41.3411,0.6414982097066937,0.4151,-0.26,bos_short_rr1.5_sl1.0_h6_b0.2_cd5,4,1,1,0,4,1,-20.0847,0.327
90,-41.4453,0.38645003700962255,0.4111,-0.4605,choch_long_rr1.0_sl1.0_h12_b0.1_cd0,4,0,1,0,4,1,-21.0358,0.3111
77,-41.4886,0.4450851125582988,0.2857,-0.5388,choch_long_rr2.0_sl0.8_h12_b0.2_cd0,4,0,1,0,4,1,-18.4596,0.3506
168,-41.6141,0.6576030792117008,0.4226,-0.2477,bos_short_rr1.5_sl1.0_h6_b0.1_cd5,4,1,1,0,4,1,-20.574,0.3333
63,-41.7516,0.3307815850972774,0.2857,-0.6627,choch_long_rr1.5_sl0.8_h12_b0.1_cd20,4,0,1,0,4,1,-18.4249,0.2857
77,-41.8148,0.3339258976074421,0.2857,-0.543,choch_long_rr1.5_sl1.0_h6_b0.2_cd0,4,0,1,0,4,0,-18.0206,0.3377
63,-41.9854,0.3215544391424698,0.2381,-0.6664,choch_long_rr2.0_sl0.8_h6_b0.1_cd20,4,0,1,0,4,1,-19.0544,0.2857
90,-42.0109,0.35520018909220397,0.3889,-0.4668,choch_long_rr1.0_sl1.0_h6_b0.1_cd0,4,0,1,0,4,1,-21.1537,0.3111
130,-42.0572,0.6038569532631229,0.3846,-0.3235,bos_long_rr2.0_sl0.8_h6_b0.1_cd10,4,1,1,0,4,1,-17.5868,0.3462
84,-42.3103,0.3624558310542534,0.3095,-0.5037,choch_long_rr1.5_sl1.0_h6_b0.1_cd0,4,0,1,0,4,0,-17.6782,0.3095
83,-42.7185,0.34036790604236183,0.3855,-0.5147,choch_long_rr1.0_sl1.0_h12_b0.2_cd0,4,0,1,0,4,1,-20.929,0.3373
62,-42.7374,0.31138237843725525,0.2742,-0.6893,choch_long_rr1.5_sl0.8_h12_b0.2_cd10,4,0,1,0,4,1,-15.9744,0.3065
83,-42.8878,0.30808607986215863,0.3614,-0.5167,choch_long_rr1.0_sl1.0_h6_b0.2_cd0,4,0,1,0,4,1,-21.0469,0.3373
138,-43.0581,0.5052447974298252,0.4855,-0.312,bos_long_rr1.0_sl1.0_h12_b0.2_cd5,4,0,1,0,3,0,-16.3758,0.3406
78,-43.0637,0.4042108408815151,0.2821,-0.5521,choch_long_rr2.0_sl0.8_h6_b0.2_cd0,4,0,1,0,4,1,-18.6965,0.3462
151,-43.2125,0.6697930461109128,0.3642,-0.2862,bos_short_rr2.0_sl0.8_h12_b0.2_cd5,4,1,1,0,4,1,-19.1771,0.3245
159,-43.3038,0.6833577801599013,0.3648,-0.2724,bos_short_rr2.0_sl0.8_h12_b0.1_cd5,4,1,1,0,4,1,-20.1533,0.327
134,-43.4229,0.48074570555631957,0.4851,-0.3241,bos_long_rr1.0_sl1.0_h6_b0.1_cd10,4,0,1,0,4,0,-17.8267,0.3507
129,-43.7227,0.4773325523292649,0.4651,-0.3389,bos_long_rr1.0_sl1.0_h12_b0.1_cd10,4,0,1,0,4,0,-15.6732,0.3333
118,-44.0805,0.5685180309062094,0.339,-0.3736,bos_long_rr2.0_sl0.8_h12_b0.2_cd10,4,0,1,0,3,0,-16.7904,0.3475
67,-44.1012,0.32884079806419214,0.2388,-0.6582,choch_long_rr2.0_sl0.8_h6_b0.1_cd10,4,0,1,0,4,1,-18.7382,0.2836
63,-44.2266,0.30408580087424747,0.2698,-0.702,choch_long_rr1.5_sl0.8_h12_b0.2_cd5,4,0,1,0,4,1,-15.9744,0.3175
67,-44.3674,0.3299281559937716,0.2836,-0.6622,choch_long_rr1.5_sl0.8_h12_b0.1_cd10,4,0,1,0,4,1,-18.6087,0.2836
146,-44.4476,0.5898396550960445,0.3973,-0.3044,bos_long_rr1.5_sl1.0_h12_b0.1_cd5,4,1,1,0,3,0,-17.3417,0.3562
136,-44.5984,0.5591806396261402,0.3897,-0.3279,bos_long_rr1.5_sl1.0_h12_b0.2_cd5,4,0,1,0,3,0,-17.4585,0.3456
142,-44.6148,0.4851688974383533,0.4718,-0.3142,bos_long_rr1.0_sl1.0_h6_b0.2_cd5,4,0,1,0,4,0,-16.7862,0.3521
62,-44.6569,0.2703299755724941,0.2581,-0.7203,choch_long_rr1.5_sl0.8_h6_b0.2_cd10,4,0,1,0,4,1,-17.7352,0.3065
69,-44.6582,0.34037201209415957,0.2899,-0.6472,choch_long_rr1.5_sl0.8_h12_b0.1_cd5,4,0,1,0,4,1,-18.6087,0.2899
69,-44.7301,0.33435568214624795,0.2464,-0.6483,choch_long_rr2.0_sl0.8_h6_b0.1_cd5,4,0,1,0,4,1,-18.7382,0.2899
124,-45.0598,0.43906425643317476,0.4516,-0.3634,bos_long_rr1.0_sl1.0_h6_b0.2_cd10,4,0,1,0,4,1,-17.4112,0.3468
95,-45.3128,0.48139500814883995,0.3053,-0.477,bos_long_rr2.0_sl0.8_h12_b0.2_cd20,4,0,1,0,4,0,-16.9429,0.3263
63,-45.5229,0.25849290791694085,0.254,-0.7226,choch_long_rr1.5_sl0.8_h6_b0.1_cd20,4,0,1,0,4,1,-20.1857,0.2857
167,-45.5532,0.572760644593715,0.509,-0.2728,bos_short_rr1.0_sl1.0_h12_b0.1_cd5,4,1,1,0,4,0,-19.9099,0.3353
122,-45.7954,0.5419621790787714,0.3689,-0.3754,bos_long_rr2.0_sl0.8_h6_b0.2_cd10,4,0,1,0,4,1,-17.3848,0.3525
104,-46.1204,0.40176873607230595,0.4712,-0.4435,bos_short_rr1.0_sl0.8_h12_b0.2_cd20,4,1,1,0,4,0,-19.7317,0.3077
63,-46.1461,0.26390836280341423,0.254,-0.7325,choch_long_rr1.5_sl0.8_h6_b0.2_cd5,4,0,1,0,4,1,-17.7352,0.3175
227,-46.6466,0.7448427400143642,0.3744,-0.2055,bos_short_rr2.0_sl1.0_h12_b0.1_cd0,4,1,1,0,4,0,-27.2876,0.348
152,-47.089,0.4931003562044047,0.4803,-0.3098,bos_long_rr1.0_sl1.0_h6_b0.1_cd5,4,0,1,0,4,0,-18.325,0.3618
125,-47.1068,0.5660830973694245,0.328,-0.3769,bos_long_rr2.0_sl0.8_h12_b0.1_cd10,4,0,1,0,3,0,-19.2711,0.336
165,-47.1542,0.6596642415843872,0.3758,-0.2858,bos_short_rr2.0_sl0.8_h6_b0.1_cd5,4,1,1,0,4,1,-20.3298,0.3333
169,-47.4091,0.5549933027144891,0.4911,-0.2805,bos_short_rr1.0_sl1.0_h6_b0.1_cd5,4,1,1,0,4,0,-19.5039,0.3373
85,-47.7403,0.42408918237825305,0.2824,-0.5617,choch_long_rr2.0_sl0.8_h12_b0.1_cd0,4,0,1,0,4,1,-27.9361,0.3294
104,-48.0022,0.3821363202240683,0.4615,-0.4616,bos_short_rr1.0_sl0.8_h6_b0.2_cd20,4,1,1,0,4,0,-19.7317,0.3077
150,-48.0722,0.4961428972710998,0.48,-0.3205,bos_long_rr1.0_sl1.0_h12_b0.1_cd5,4,0,1,0,4,0,-18.8262,0.36
67,-48.1387,0.26186544244035653,0.2537,-0.7185,choch_long_rr1.5_sl0.8_h6_b0.1_cd10,4,0,1,0,4,1,-20.3695,0.2836
133,-48.1391,0.5527278166874481,0.3308,-0.3619,bos_long_rr2.0_sl1.0_h12_b0.2_cd5,4,0,1,0,3,0,-19.7737,0.3534
69,-48.7676,0.2689162427911175,0.2609,-0.7068,choch_long_rr1.5_sl0.8_h6_b0.1_cd5,4,0,1,0,4,1,-20.3695,0.2899
141,-49.0408,0.4849964609836575,0.5106,-0.3478,bos_short_rr1.0_sl0.8_h6_b0.1_cd10,4,1,1,0,4,0,-20.4556,0.3333
140,-49.3953,0.48127366782813613,0.5071,-0.3528,bos_short_rr1.0_sl0.8_h12_b0.1_cd10,4,1,1,0,4,0,-20.4556,0.3357
87,-49.9969,0.2931851757604032,0.3908,-0.5747,choch_long_rr1.0_sl0.8_h6_b0.2_cd0,4,0,1,0,4,1,-24.4018,0.3448
170,-50.0143,0.542248036119117,0.5353,-0.2942,bos_short_rr1.0_sl0.8_h12_b0.1_cd5,4,1,1,0,4,0,-19.5708,0.3412
143,-50.24,0.5662987169382623,0.3357,-0.3513,bos_long_rr2.0_sl1.0_h12_b0.1_cd5,4,0,1,0,3,0,-21.6177,0.3636
168,-50.8263,0.6063803093736786,0.4226,-0.3025,bos_short_rr1.5_sl0.8_h6_b0.1_cd5,4,1,1,0,4,1,-23.1396,0.3393
165,-50.9589,0.609856541092272,0.4182,-0.3088,bos_short_rr1.5_sl0.8_h12_b0.1_cd5,4,1,1,0,4,0,-21.1102,0.3333
120,-51.0506,0.4795593076232197,0.375,-0.4254,bos_long_rr1.5_sl0.8_h12_b0.2_cd10,4,1,1,0,3,0,-20.6262,0.35
172,-51.2959,0.5356664714439212,0.5291,-0.2982,bos_short_rr1.0_sl0.8_h6_b0.1_cd5,4,1,1,0,4,0,-19.5708,0.343
86,-51.3019,0.3558541647571108,0.2674,-0.5965,choch_long_rr2.0_sl0.8_h6_b0.1_cd0,4,0,1,0,4,1,-27.3077,0.3256
87,-51.7084,0.2906756143164225,0.3908,-0.5943,choch_long_rr1.0_sl0.8_h12_b0.2_cd0,4,0,1,0,4,1,-24.6564,0.3448
95,-51.848,0.3165394603287592,0.4,-0.5458,choch_long_rr1.0_sl0.8_h6_b0.1_cd0,4,0,1,0,4,1,-28.2058,0.3263
95,-52.2347,0.3241384932089988,0.4105,-0.5498,choch_long_rr1.0_sl0.8_h12_b0.1_cd0,4,0,1,0,4,1,-28.4604,0.3263
156,-52.3835,0.60974237863933,0.359,-0.3358,bos_short_rr2.0_sl0.8_h6_b0.2_cd5,4,1,1,0,4,1,-19.3536,0.3269
159,-53.6872,0.502217376106486,0.478,-0.3377,bos_short_rr1.0_sl1.0_h12_b0.2_cd5,4,1,1,0,4,0,-20.9232,0.327
124,-55.2194,0.44202369151517173,0.3871,-0.4453,bos_long_rr1.5_sl0.8_h6_b0.2_cd10,4,0,1,0,4,1,-22.7175,0.3548
80,-55.3618,0.3015218153786371,0.275,-0.692,choch_long_rr1.5_sl0.8_h12_b0.2_cd0,4,0,1,0,4,1,-25.0939,0.35
220,-55.5209,0.6927916771797493,0.3636,-0.2524,bos_short_rr2.0_sl1.0_h12_b0.2_cd0,4,1,1,0,4,0,-27.7625,0.35
80,-55.7371,0.27402018886356233,0.2625,-0.6967,choch_long_rr1.5_sl0.8_h6_b0.2_cd0,4,0,1,0,4,0,-24.8308,0.35
161,-55.8989,0.4809956166942577,0.4596,-0.3472,bos_short_rr1.0_sl1.0_h6_b0.2_cd5,4,1,1,0,4,0,-21.0089,0.3292
133,-56.3888,0.4162353991040953,0.4737,-0.424,bos_short_rr1.0_sl0.8_h12_b0.2_cd10,4,1,1,0,4,0,-26.7495,0.3233
157,-56.509,0.5583081127049436,0.4013,-0.3599,bos_short_rr1.5_sl0.8_h12_b0.2_cd5,4,1,1,0,4,0,-20.134,0.3248
134,-56.7498,0.412498149492055,0.4776,-0.4235,bos_short_rr1.0_sl0.8_h6_b0.2_cd10,4,1,1,0,4,0,-26.7495,0.3209
132,-56.9193,0.46393576944810694,0.3939,-0.4312,bos_long_rr1.5_sl0.8_h6_b0.1_cd10,4,1,1,0,4,1,-25.6646,0.3485
141,-57.6441,0.5051307695939767,0.3475,-0.4088,bos_long_rr2.0_sl0.8_h6_b0.2_cd5,4,0,1,0,4,1,-21.8843,0.3546
239,-57.84,0.6847073240133749,0.3808,-0.242,bos_short_rr2.0_sl1.0_h6_b0.1_cd0,4,1,1,0,4,1,-24.5017,0.3473
88,-58.441,0.3225535722979693,0.2841,-0.6641,choch_long_rr1.5_sl0.8_h12_b0.1_cd0,4,0,1,0,4,1,-30.3979,0.3295
129,-58.6337,0.45687007202987906,0.3566,-0.4545,bos_long_rr1.5_sl0.8_h12_b0.1_cd10,4,1,1,0,3,0,-25.2044,0.3411
160,-59.8405,0.5360769994107979,0.3937,-0.374,bos_short_rr1.5_sl0.8_h6_b0.2_cd5,4,1,1,0,4,1,-22.1634,0.3312
88,-60.6681,0.274703243075871,0.2614,-0.6894,choch_long_rr1.5_sl0.8_h6_b0.1_cd0,4,0,1,0,4,0,-30.1348,0.3295
142,-61.2304,0.4574865568651912,0.3873,-0.4312,bos_long_rr1.5_sl0.8_h6_b0.2_cd5,4,1,1,0,4,0,-23.5948,0.3521
140,-61.7006,0.47120404040750313,0.3714,-0.4407,bos_long_rr1.5_sl0.8_h12_b0.2_cd5,4,1,1,0,3,0,-27.377,0.35
123,-62.0741,0.32131564446154925,0.4228,-0.5047,bos_long_rr1.0_sl0.8_h12_b0.2_cd10,4,0,1,0,4,0,-23.0581,0.3496
231,-62.3868,0.6518430551432098,0.368,-0.2701,bos_short_rr2.0_sl1.0_h6_b0.2_cd0,4,1,1,0,4,1,-23.8591,0.3506
153,-63.3937,0.5131717783590262,0.3399,-0.4143,bos_long_rr2.0_sl0.8_h6_b0.1_cd5,4,1,1,0,4,1,-26.127,0.3595
126,-64.7134,0.30786549060250296,0.4206,-0.5136,bos_long_rr1.0_sl0.8_h6_b0.2_cd10,4,0,1,0,4,0,-26.1845,0.3571
162,-65.7142,0.43181478224705444,0.4815,-0.4056,bos_short_rr1.0_sl0.8_h12_b0.2_cd5,4,1,1,0,4,0,-26.5946,0.3333
139,-65.9645,0.4835326586936523,0.3094,-0.4746,bos_long_rr2.0_sl0.8_h12_b0.2_cd5,4,0,1,0,3,0,-27.0477,0.3525
239,-67.0794,0.6162191758250246,0.4142,-0.2807,bos_short_rr1.5_sl1.0_h6_b0.2_cd0,4,1,1,0,4,1,-28.3376,0.3473
164,-67.2883,0.4220479379929122,0.4756,-0.4103,bos_short_rr1.0_sl0.8_h6_b0.2_cd5,4,1,1,0,4,0,-26.5946,0.3354
234,-67.4295,0.6265034414226984,0.4017,-0.2882,bos_short_rr1.5_sl1.0_h12_b0.2_cd0,4,1,1,0,4,0,-30.8218,0.3462
132,-67.5576,0.321372210832112,0.4167,-0.5118,bos_long_rr1.0_sl0.8_h12_b0.1_cd10,4,0,1,0,4,0,-25.9523,0.3409
251,-68.3864,0.6269195098798704,0.4223,-0.2725,bos_short_rr1.5_sl1.0_h6_b0.1_cd0,4,1,1,0,4,1,-28.3242,0.3506
135,-68.9709,0.31881870858719685,0.4222,-0.5109,bos_long_rr1.0_sl0.8_h6_b0.1_cd10,4,0,1,0,4,0,-29.6003,0.3481
246,-69.2994,0.6332121105623653,0.4024,-0.2817,bos_short_rr1.5_sl1.0_h12_b0.1_cd0,4,1,1,0,4,0,-31.8163,0.3496
146,-69.6752,0.3368681230304778,0.4452,-0.4772,bos_long_rr1.0_sl0.8_h6_b0.2_cd5,4,0,1,0,4,0,-27.6139,0.3562
150,-71.1211,0.4890097849664004,0.3,-0.4741,bos_long_rr2.0_sl0.8_h12_b0.1_cd5,4,0,1,0,3,0,-28.9507,0.36
145,-72.9715,0.32702984358860854,0.4345,-0.5033,bos_long_rr1.0_sl0.8_h12_b0.2_cd5,4,0,1,0,4,0,-29.1266,0.3586
204,-74.3834,0.5164945310737842,0.3382,-0.3646,bos_long_rr2.0_sl1.0_h6_b0.1_cd0,4,0,1,0,4,1,-37.9542,0.348
191,-75.0349,0.48503274697837656,0.3194,-0.3929,bos_long_rr2.0_sl1.0_h6_b0.2_cd0,4,0,1,0,4,1,-34.0633,0.3298
154,-75.2962,0.4150592932969248,0.3636,-0.4889,bos_long_rr1.5_sl0.8_h6_b0.1_cd5,4,1,1,0,4,0,-30.5826,0.3571
152,-76.5652,0.4188502578411176,0.3421,-0.5037,bos_long_rr1.5_sl0.8_h12_b0.1_cd5,4,1,1,0,3,0,-32.9545,0.3553
250,-77.8845,0.6469893164688462,0.352,-0.3115,bos_short_rr2.0_sl0.8_h12_b0.1_cd0,4,1,1,0,4,1,-33.7672,0.336
256,-78.0056,0.6397542376638539,0.375,-0.3047,bos_short_rr2.0_sl0.8_h6_b0.1_cd0,4,1,1,0,4,1,-34.0126,0.3359
158,-78.2879,0.33083776162688827,0.4367,-0.4955,bos_long_rr1.0_sl0.8_h6_b0.1_cd5,4,0,1,0,4,0,-28.7057,0.3671
157,-80.3785,0.3240948942060111,0.4268,-0.512,bos_long_rr1.0_sl0.8_h12_b0.1_cd5,4,0,1,0,4,0,-28.8081,0.3694
238,-80.5406,0.6219271245786377,0.3445,-0.3384,bos_short_rr2.0_sl0.8_h12_b0.2_cd0,4,1,1,0,4,1,-31.7213,0.3403
190,-81.3689,0.49785829378124546,0.3105,-0.4283,bos_long_rr2.0_sl1.0_h12_b0.1_cd0,4,0,1,0,4,0,-37.2623,0.3368
244,-84.0369,0.6018725566182365,0.3607,-0.3444,bos_short_rr2.0_sl0.8_h6_b0.2_cd0,4,1,1,0,4,1,-34.9848,0.3402
211,-85.9086,0.4463296425671234,0.3507,-0.4071,bos_long_rr1.5_sl1.0_h6_b0.2_cd0,4,0,1,0,4,0,-30.4646,0.3318
181,-86.2084,0.4590153029783891,0.2928,-0.4763,bos_long_rr2.0_sl1.0_h12_b0.2_cd0,4,0,1,0,4,0,-36.7348,0.3315
232,-87.5081,0.44286274554745286,0.4569,-0.3772,bos_long_rr1.0_sl1.0_h12_b0.2_cd0,4,0,1,0,4,0,-32.3933,0.3233
224,-88.782,0.45847562920750023,0.3616,-0.3963,bos_long_rr1.5_sl1.0_h6_b0.1_cd0,4,0,1,0,4,0,-35.4653,0.3482
238,-89.5874,0.4239241427737323,0.4328,-0.3764,bos_long_rr1.0_sl1.0_h6_b0.2_cd0,4,0,1,0,4,0,-35.0945,0.3235
248,-89.7676,0.4556411805085589,0.4597,-0.362,bos_long_rr1.0_sl1.0_h12_b0.1_cd0,4,0,1,0,4,0,-34.1852,0.3306
257,-89.7789,0.4476021653177526,0.4436,-0.3493,bos_long_rr1.0_sl1.0_h6_b0.1_cd0,4,0,1,0,4,0,-35.273,0.3385
201,-89.833,0.4531248097597799,0.3433,-0.4469,bos_long_rr1.5_sl1.0_h12_b0.2_cd0,4,0,1,0,4,0,-35.3507,0.3234
282,-90.9386,0.5114247983400866,0.4787,-0.3225,bos_short_rr1.0_sl1.0_h6_b0.1_cd0,4,1,1,0,4,1,-34.8488,0.3652
214,-91.3257,0.4708342531736664,0.3505,-0.4268,bos_long_rr1.5_sl1.0_h12_b0.1_cd0,4,1,1,0,4,0,-33.6654,0.3364
280,-94.6726,0.5045021186440678,0.475,-0.3381,bos_short_rr1.0_sl1.0_h12_b0.1_cd0,4,1,1,0,4,1,-37.6877,0.3643
269,-95.6969,0.47568370156286377,0.461,-0.3558,bos_short_rr1.0_sl1.0_h6_b0.2_cd0,4,1,1,0,4,1,-37.9005,0.3606
267,-98.4529,0.4735944128331175,0.4607,-0.3687,bos_short_rr1.0_sl1.0_h12_b0.2_cd0,4,1,1,0,4,1,-39.6255,0.3596
210,-106.6519,0.42519906136382496,0.3048,-0.5079,bos_long_rr2.0_sl0.8_h6_b0.2_cd0,4,0,1,0,4,1,-37.7052,0.3333
277,-108.4643,0.5230701176975481,0.3971,-0.3916,bos_short_rr1.5_sl0.8_h6_b0.1_cd0,4,1,1,0,4,1,-50.7869,0.343
263,-110.6068,0.497818185945676,0.384,-0.4206,bos_short_rr1.5_sl0.8_h6_b0.2_cd0,4,1,1,0,4,1,-49.9394,0.3384
225,-111.5735,0.44328795584763825,0.3111,-0.4959,bos_long_rr2.0_sl0.8_h6_b0.1_cd0,4,0,1,0,4,1,-43.199,0.3511
274,-112.293,0.5147108395204716,0.3759,-0.4098,bos_short_rr1.5_sl0.8_h12_b0.1_cd0,4,1,1,0,4,0,-51.6486,0.3431
261,-113.7314,0.4915432609858029,0.3678,-0.4358,bos_short_rr1.5_sl0.8_h12_b0.2_cd0,4,1,1,0,4,0,-49.5602,0.3372
229,-115.9061,0.3971961474591777,0.3493,-0.5061,bos_long_rr1.5_sl0.8_h6_b0.2_cd0,4,0,1,0,4,0,-44.0454,0.3319
243,-118.4746,0.41386581229394326,0.358,-0.4875,bos_long_rr1.5_sl0.8_h6_b0.1_cd0,4,0,1,0,4,0,-48.3292,0.3457
224,-118.6608,0.4042342961115329,0.3393,-0.5297,bos_long_rr1.5_sl0.8_h12_b0.2_cd0,4,0,1,0,4,0,-44.9395,0.3348
202,-120.3418,0.39819892443543864,0.2673,-0.5958,bos_long_rr2.0_sl0.8_h12_b0.2_cd0,4,0,1,0,4,0,-44.8422,0.3366
256,-124.8392,0.33629320249088357,0.4375,-0.4877,bos_long_rr1.0_sl0.8_h6_b0.2_cd0,4,0,1,0,4,0,-46.509,0.3281
218,-125.3819,0.4147749125302923,0.2706,-0.5751,bos_long_rr2.0_sl0.8_h12_b0.1_cd0,4,0,1,0,4,0,-47.114,0.3532
253,-126.7472,0.3372612257617873,0.4387,-0.501,bos_long_rr1.0_sl0.8_h12_b0.2_cd0,4,0,1,0,4,0,-47.9834,0.332
240,-127.5132,0.40259262018240827,0.3375,-0.5313,bos_long_rr1.5_sl0.8_h12_b0.1_cd0,4,0,1,0,4,0,-50.4915,0.3458
274,-130.0478,0.34620402298706104,0.4416,-0.4746,bos_long_rr1.0_sl0.8_h6_b0.1_cd0,4,0,1,0,4,0,-49.2491,0.3394
317,-134.4013,0.4142810325637421,0.4637,-0.424,bos_short_rr1.0_sl0.8_h6_b0.1_cd0,4,1,1,0,4,1,-57.5139,0.3533
271,-134.4631,0.34109712688512633,0.4391,-0.4962,bos_long_rr1.0_sl0.8_h12_b0.1_cd0,4,0,1,0,4,0,-51.0485,0.3395
315,-136.8888,0.4092151845414914,0.4635,-0.4346,bos_short_rr1.0_sl0.8_h12_b0.1_cd0,4,1,1,0,4,0,-57.7538,0.3524
299,-142.9813,0.36628365396335044,0.4415,-0.4782,bos_short_rr1.0_sl0.8_h6_b0.2_cd0,4,0,1,0,4,0,-66.5243,0.3545
297,-144.5093,0.3651896818553016,0.4411,-0.4866,bos_short_rr1.0_sl0.8_h12_b0.2_cd0,4,0,1,0,4,0,-67.2065,0.3535
