SFV3_LEVEL_TOL_ATR,SFV3_REJECT_FRAC,SFV3_SPIKE_MIN_PCT,SFV3_STOP_BUFFER_ATR,SFV3_TAG_LEVEL_ATR,avg_loss,avg_win,combo,cross_symbol,days,end_date_utc,ending_equity,entry_execution,fee_bps_per_side,fold,max_drawdown,net_pnl,news_blocked_signals,phase,profit_factor,selected_train_tag,slippage_bps_per_side,starting_equity,strategies,stress,summary_path,symbols,tag,trades,winrate
0.35,0.50,4.0,0.25,0.6,-0.4049,0.6220,1,,240,2025-07-05,99.71,next_open,6.0000,1,3.3484,-0.29,0,train,0.945,,2.0000,100.00,spike_fade_v3,,/Users/nikolay.bulgakov/Documents/Work/bot-new/bybit-bot-clean-v28/backtest_runs/portfolio_20260701_103904_sfv3_robust_gate_20260701_v2_f01_train_c001_20260701_073903/summary.csv,LINKUSDT,sfv3_robust_gate_20260701_v2_f01_train_c001_20260701_073903,21,0.381
0.35,0.50,4.0,0.40,0.6,-0.4472,0.6571,2,,240,2025-07-05,99.89,next_open,6.0000,1,2.4358,-0.11,0,train,0.979,,2.0000,100.00,spike_fade_v3,,/Users/nikolay.bulgakov/Documents/Work/bot-new/bybit-bot-clean-v28/backtest_runs/portfolio_20260701_103931_sfv3_robust_gate_20260701_v2_f01_train_c002_20260701_073903/summary.csv,LINKUSDT,sfv3_robust_gate_20260701_v2_f01_train_c002_20260701_073903,20,0.400
0.35,0.55,4.0,0.25,0.6,-0.3955,0.6233,3,,240,2025-07-05,100.24,next_open,6.0000,1,2.8346,0.24,0,train,1.051,,2.0000,100.00,spike_fade_v3,,/Users/nikolay.bulgakov/Documents/Work/bot-new/bybit-bot-clean-v28/backtest_runs/portfolio_20260701_103958_sfv3_robust_gate_20260701_v2_f01_train_c003_20260701_073903/summary.csv,LINKUSDT,sfv3_robust_gate_20260701_v2_f01_train_c003_20260701_073903,20,0.400
0.35,0.55,4.0,0.40,0.6,-0.4522,0.6593,4,,240,2025-07-05,101.20,next_open,6.0000,1,2.0355,1.20,0,train,1.296,,2.0000,100.00,spike_fade_v3,,/Users/nikolay.bulgakov/Documents/Work/bot-new/bybit-bot-clean-v28/backtest_runs/portfolio_20260701_104025_sfv3_robust_gate_20260701_v2_f01_train_c004_20260701_073903/summary.csv,LINKUSDT,sfv3_robust_gate_20260701_v2_f01_train_c004_20260701_073903,17,0.471
0.35,0.50,4.0,0.25,0.8,-0.3770,0.6054,5,,240,2025-07-05,99.57,next_open,6.0000,1,3.4912,-0.43,0,train,0.918,,2.0000,100.00,spike_fade_v3,,/Users/nikolay.bulgakov/Documents/Work/bot-new/bybit-bot-clean-v28/backtest_runs/portfolio_20260701_104052_sfv3_robust_gate_20260701_v2_f01_train_c005_20260701_073903/summary.csv,LINKUSDT,sfv3_robust_gate_20260701_v2_f01_train_c005_20260701_073903,22,0.364
0.35,0.50,4.0,0.40,0.8,-0.4470,0.6048,6,,240,2025-07-05,100.08,next_open,6.0000,1,2.5391,0.08,0,train,1.015,,2.0000,100.00,spike_fade_v3,,/Users/nikolay.bulgakov/Documents/Work/bot-new/bybit-bot-clean-v28/backtest_runs/portfolio_20260701_104119_sfv3_robust_gate_20260701_v2_f01_train_c006_20260701_073903/summary.csv,LINKUSDT,sfv3_robust_gate_20260701_v2_f01_train_c006_20260701_073903,21,0.429
0.35,0.55,4.0,0.25,0.8,-0.3537,0.6074,7,,240,2025-07-05,100.61,next_open,6.0000,1,2.4704,0.61,0,train,1.145,,2.0000,100.00,spike_fade_v3,,/Users/nikolay.bulgakov/Documents/Work/bot-new/bybit-bot-clean-v28/backtest_runs/portfolio_20260701_104145_sfv3_robust_gate_20260701_v2_f01_train_c007_20260701_073903/summary.csv,LINKUSDT,sfv3_robust_gate_20260701_v2_f01_train_c007_20260701_073903,20,0.400
0.35,0.55,4.0,0.40,0.8,-0.4518,0.6069,8,,240,2025-07-05,101.40,next_open,6.0000,1,2.0348,1.40,0,train,1.343,,2.0000,100.00,spike_fade_v3,,/Users/nikolay.bulgakov/Documents/Work/bot-new/bybit-bot-clean-v28/backtest_runs/portfolio_20260701_104212_sfv3_robust_gate_20260701_v2_f01_train_c008_20260701_073903/summary.csv,LINKUSDT,sfv3_robust_gate_20260701_v2_f01_train_c008_20260701_073903,18,0.500
0.35,0.50,5.0,0.25,0.6,-0.4385,0.5014,9,,240,2025-07-05,97.93,next_open,6.0000,1,3.0877,-2.07,0,train,0.327,,2.0000,100.00,spike_fade_v3,,/Users/nikolay.bulgakov/Documents/Work/bot-new/bybit-bot-clean-v28/backtest_runs/portfolio_20260701_104238_sfv3_robust_gate_20260701_v2_f01_train_c009_20260701_073903/summary.csv,LINKUSDT,sfv3_robust_gate_20260701_v2_f01_train_c009_20260701_073903,9,0.222
0.35,0.50,5.0,0.40,0.6,-0.4553,0.5149,10,,240,2025-07-05,96.93,next_open,6.0000,1,3.6995,-3.07,0,train,0.251,,2.0000,100.00,spike_fade_v3,,/Users/nikolay.bulgakov/Documents/Work/bot-new/bybit-bot-clean-v28/backtest_runs/portfolio_20260701_104304_sfv3_robust_gate_20260701_v2_f01_train_c010_20260701_073903/summary.csv,LINKUSDT,sfv3_robust_gate_20260701_v2_f01_train_c010_20260701_073903,11,0.182
0.35,0.55,5.0,0.25,0.6,-0.4398,0.5023,11,,240,2025-07-05,98.37,next_open,6.0000,1,2.6566,-1.63,0,train,0.381,,2.0000,100.00,spike_fade_v3,,/Users/nikolay.bulgakov/Documents/Work/bot-new/bybit-bot-clean-v28/backtest_runs/portfolio_20260701_104330_sfv3_robust_gate_20260701_v2_f01_train_c011_20260701_073903/summary.csv,LINKUSDT,sfv3_robust_gate_20260701_v2_f01_train_c011_20260701_073903,8,0.250
0.35,0.55,5.0,0.40,0.6,-0.4469,0.5177,12,,240,2025-07-05,97.46,next_open,6.0000,1,3.1772,-2.54,0,train,0.290,,2.0000,100.00,spike_fade_v3,,/Users/nikolay.bulgakov/Documents/Work/bot-new/bybit-bot-clean-v28/backtest_runs/portfolio_20260701_104356_sfv3_robust_gate_20260701_v2_f01_train_c012_20260701_073903/summary.csv,LINKUSDT,sfv3_robust_gate_20260701_v2_f01_train_c012_20260701_073903,10,0.200
0.35,0.50,5.0,0.25,0.8,-0.4397,0.5696,13,,240,2025-07-05,98.63,next_open,6.0000,1,2.3929,-1.37,0,train,0.555,,2.0000,100.00,spike_fade_v3,,/Users/nikolay.bulgakov/Documents/Work/bot-new/bybit-bot-clean-v28/backtest_runs/portfolio_20260701_104422_sfv3_robust_gate_20260701_v2_f01_train_c013_20260701_073903/summary.csv,LINKUSDT,sfv3_robust_gate_20260701_v2_f01_train_c013_20260701_073903,10,0.300
0.35,0.50,5.0,0.40,0.8,-0.4570,0.5806,14,,240,2025-07-05,97.63,next_open,6.0000,1,3.0100,-2.37,0,train,0.423,,2.0000,100.00,spike_fade_v3,,/Users/nikolay.bulgakov/Documents/Work/bot-new/bybit-bot-clean-v28/backtest_runs/portfolio_20260701_104448_sfv3_robust_gate_20260701_v2_f01_train_c014_20260701_073903/summary.csv,LINKUSDT,sfv3_robust_gate_20260701_v2_f01_train_c014_20260701_073903,12,0.250
0.35,0.55,5.0,0.25,0.8,-0.4418,0.5714,15,,240,2025-07-05,99.06,next_open,6.0000,1,2.1486,-0.94,0,train,0.647,,2.0000,100.00,spike_fade_v3,,/Users/nikolay.bulgakov/Documents/Work/bot-new/bybit-bot-clean-v28/backtest_runs/portfolio_20260701_104513_sfv3_robust_gate_20260701_v2_f01_train_c015_20260701_073903/summary.csv,LINKUSDT,sfv3_robust_gate_20260701_v2_f01_train_c015_20260701_073903,9,0.333
0.35,0.55,5.0,0.40,0.8,-0.4492,0.5837,16,,240,2025-07-05,98.16,next_open,6.0000,1,2.6525,-1.84,0,train,0.487,,2.0000,100.00,spike_fade_v3,,/Users/nikolay.bulgakov/Documents/Work/bot-new/bybit-bot-clean-v28/backtest_runs/portfolio_20260701_104539_sfv3_robust_gate_20260701_v2_f01_train_c016_20260701_073903/summary.csv,LINKUSDT,sfv3_robust_gate_20260701_v2_f01_train_c016_20260701_073903,11,0.273
0.50,0.50,4.0,0.25,0.6,-0.3419,0.6776,17,,240,2025-07-05,98.94,next_open,6.0000,1,2.5494,-1.06,0,train,0.793,,2.0000,100.00,spike_fade_v3,,/Users/nikolay.bulgakov/Documents/Work/bot-new/bybit-bot-clean-v28/backtest_runs/portfolio_20260701_104605_sfv3_robust_gate_20260701_v2_f01_train_c017_20260701_073903/summary.csv,LINKUSDT,sfv3_robust_gate_20260701_v2_f01_train_c017_20260701_073903,21,0.286
0.50,0.50,4.0,0.40,0.6,-0.4272,0.8201,18,,240,2025-07-05,97.69,next_open,6.0000,1,3.3503,-2.31,0,train,0.640,,2.0000,100.00,spike_fade_v3,,/Users/nikolay.bulgakov/Documents/Work/bot-new/bybit-bot-clean-v28/backtest_runs/portfolio_20260701_104632_sfv3_robust_gate_20260701_v2_f01_train_c018_20260701_073903/summary.csv,LINKUSDT,sfv3_robust_gate_20260701_v2_f01_train_c018_20260701_073903,20,0.250
0.50,0.55,4.0,0.25,0.6,-0.3417,0.6786,19,,240,2025-07-05,99.29,next_open,6.0000,1,2.5013,-0.71,0,train,0.851,,2.0000,100.00,spike_fade_v3,,/Users/nikolay.bulgakov/Documents/Work/bot-new/bybit-bot-clean-v28/backtest_runs/portfolio_20260701_104658_sfv3_robust_gate_20260701_v2_f01_train_c019_20260701_073903/summary.csv,LINKUSDT,sfv3_robust_gate_20260701_v2_f01_train_c019_20260701_073903,20,0.300
0.50,0.55,4.0,0.40,0.6,-0.4211,0.8210,20,,240,2025-07-05,98.21,next_open,6.0000,1,3.0930,-1.79,0,train,0.696,,2.0000,100.00,spike_fade_v3,,/Users/nikolay.bulgakov/Documents/Work/bot-new/bybit-bot-clean-v28/backtest_runs/portfolio_20260701_104724_sfv3_robust_gate_20260701_v2_f01_train_c020_20260701_073903/summary.csv,LINKUSDT,sfv3_robust_gate_20260701_v2_f01_train_c020_20260701_073903,19,0.263
0.50,0.50,4.0,0.25,0.8,-0.3537,0.6770,21,,240,2025-07-05,98.40,next_open,6.0000,1,3.0742,-1.60,0,train,0.718,,2.0000,100.00,spike_fade_v3,,/Users/nikolay.bulgakov/Documents/Work/bot-new/bybit-bot-clean-v28/backtest_runs/portfolio_20260701_104751_sfv3_robust_gate_20260701_v2_f01_train_c021_20260701_073903/summary.csv,LINKUSDT,sfv3_robust_gate_20260701_v2_f01_train_c021_20260701_073903,22,0.273
0.50,0.50,4.0,0.40,0.8,-0.4312,0.7875,22,,240,2025-07-05,97.04,next_open,6.0000,1,3.9979,-2.96,0,train,0.571,,2.0000,100.00,spike_fade_v3,,/Users/nikolay.bulgakov/Documents/Work/bot-new/bybit-bot-clean-v28/backtest_runs/portfolio_20260701_104817_sfv3_robust_gate_20260701_v2_f01_train_c022_20260701_073903/summary.csv,LINKUSDT,sfv3_robust_gate_20260701_v2_f01_train_c022_20260701_073903,21,0.238
0.50,0.55,4.0,0.25,0.8,-0.3429,0.6786,23,,240,2025-07-05,99.27,next_open,6.0000,1,2.5012,-0.73,0,train,0.848,,2.0000,100.00,spike_fade_v3,,/Users/nikolay.bulgakov/Documents/Work/bot-new/bybit-bot-clean-v28/backtest_runs/portfolio_20260701_104842_sfv3_robust_gate_20260701_v2_f01_train_c023_20260701_073903/summary.csv,LINKUSDT,sfv3_robust_gate_20260701_v2_f01_train_c023_20260701_073903,20,0.300
0.50,0.55,4.0,0.40,0.8,-0.4260,0.7883,24,,240,2025-07-05,97.55,next_open,6.0000,1,3.4899,-2.45,0,train,0.617,,2.0000,100.00,spike_fade_v3,,/Users/nikolay.bulgakov/Documents/Work/bot-new/bybit-bot-clean-v28/backtest_runs/portfolio_20260701_104907_sfv3_robust_gate_20260701_v2_f01_train_c024_20260701_073903/summary.csv,LINKUSDT,sfv3_robust_gate_20260701_v2_f01_train_c024_20260701_073903,20,0.250
0.50,0.50,5.0,0.25,0.6,-0.4248,0.5612,25,,240,2025-07-05,98.01,next_open,6.0000,1,2.5668,-1.99,0,train,0.220,,2.0000,100.00,spike_fade_v3,,/Users/nikolay.bulgakov/Documents/Work/bot-new/bybit-bot-clean-v28/backtest_runs/portfolio_20260701_104932_sfv3_robust_gate_20260701_v2_f01_train_c025_20260701_073903/summary.csv,LINKUSDT,sfv3_robust_gate_20260701_v2_f01_train_c025_20260701_073903,7,0.143
0.50,0.50,5.0,0.40,0.6,-0.4388,0.6275,26,,240,2025-07-05,97.56,next_open,6.0000,1,2.6738,-2.44,0,train,0.204,,2.0000,100.00,spike_fade_v3,,/Users/nikolay.bulgakov/Documents/Work/bot-new/bybit-bot-clean-v28/backtest_runs/portfolio_20260701_104957_sfv3_robust_gate_20260701_v2_f01_train_c026_20260701_073903/summary.csv,LINKUSDT,sfv3_robust_gate_20260701_v2_f01_train_c026_20260701_073903,8,0.125
0.50,0.55,5.0,0.25,0.6,-0.4398,0.5612,27,,240,2025-07-05,97.92,next_open,6.0000,1,2.6566,-2.08,0,train,0.213,,2.0000,100.00,spike_fade_v3,,/Users/nikolay.bulgakov/Documents/Work/bot-new/bybit-bot-clean-v28/backtest_runs/portfolio_20260701_105023_sfv3_robust_gate_20260701_v2_f01_train_c027_20260701_073903/summary.csv,LINKUSDT,sfv3_robust_gate_20260701_v2_f01_train_c027_20260701_073903,7,0.143
0.50,0.55,5.0,0.40,0.6,-0.4244,0.6275,28,,240,2025-07-05,98.08,next_open,6.0000,1,2.1487,-1.92,0,train,0.246,,2.0000,100.00,spike_fade_v3,,/Users/nikolay.bulgakov/Documents/Work/bot-new/bybit-bot-clean-v28/backtest_runs/portfolio_20260701_105049_sfv3_robust_gate_20260701_v2_f01_train_c028_20260701_073903/summary.csv,LINKUSDT,sfv3_robust_gate_20260701_v2_f01_train_c028_20260701_073903,7,0.143
0.50,0.50,5.0,0.25,0.8,-0.4076,0.5612,29,,240,2025-07-05,98.52,next_open,6.0000,1,2.0561,-1.48,0,train,0.275,,2.0000,100.00,spike_fade_v3,,/Users/nikolay.bulgakov/Documents/Work/bot-new/bybit-bot-clean-v28/backtest_runs/portfolio_20260701_105114_sfv3_robust_gate_20260701_v2_f01_train_c029_20260701_073903/summary.csv,LINKUSDT,sfv3_robust_gate_20260701_v2_f01_train_c029_20260701_073903,6,0.167
0.50,0.50,5.0,0.40,0.8,-0.4484,0.6657,30,,240,2025-07-05,97.74,next_open,6.0000,1,2.4856,-2.26,0,train,0.371,,2.0000,100.00,spike_fade_v3,,/Users/nikolay.bulgakov/Documents/Work/bot-new/bybit-bot-clean-v28/backtest_runs/portfolio_20260701_105140_sfv3_robust_gate_20260701_v2_f01_train_c030_20260701_073903/summary.csv,LINKUSDT,sfv3_robust_gate_20260701_v2_f01_train_c030_20260701_073903,10,0.200
0.50,0.55,5.0,0.25,0.8,-0.4261,0.5612,31,,240,2025-07-05,98.43,next_open,6.0000,1,2.1486,-1.57,0,train,0.263,,2.0000,100.00,spike_fade_v3,,/Users/nikolay.bulgakov/Documents/Work/bot-new/bybit-bot-clean-v28/backtest_runs/portfolio_20260701_105206_sfv3_robust_gate_20260701_v2_f01_train_c031_20260701_073903/summary.csv,LINKUSDT,sfv3_robust_gate_20260701_v2_f01_train_c031_20260701_073903,6,0.167
0.50,0.55,5.0,0.40,0.8,-0.4380,0.6676,32,,240,2025-07-05,98.27,next_open,6.0000,1,2.1487,-1.73,0,train,0.435,,2.0000,100.00,spike_fade_v3,,/Users/nikolay.bulgakov/Documents/Work/bot-new/bybit-bot-clean-v28/backtest_runs/portfolio_20260701_105232_sfv3_robust_gate_20260701_v2_f01_train_c032_20260701_073903/summary.csv,LINKUSDT,sfv3_robust_gate_20260701_v2_f01_train_c032_20260701_073903,9,0.222
0.35,0.55,4.0,0.40,0.8,-0.3948,0.4749,selected,,90,2025-10-03,100.01,next_open,6.0000,1,1.2731,0.01,0,oos,1.003,sfv3_robust_gate_20260701_v2_f01_train_c008_20260701_073903,2.0000,100.00,spike_fade_v3,,/Users/nikolay.bulgakov/Documents/Work/bot-new/bybit-bot-clean-v28/backtest_runs/portfolio_20260701_105258_sfv3_robust_gate_20260701_v2_f01_oos_20260701_073903/summary.csv,LINKUSDT,sfv3_robust_gate_20260701_v2_f01_oos_20260701_073903,11,0.455
0.35,0.55,4.0,0.40,0.8,-0.4324,0.4404,selected,,90,2025-10-03,99.61,next_open,10.0000,1,1.5471,-0.39,0,stress,0.849,,5.0000,100.00,spike_fade_v3,10:5,/Users/nikolay.bulgakov/Documents/Work/bot-new/bybit-bot-clean-v28/backtest_runs/portfolio_20260701_105314_sfv3_robust_gate_20260701_v2_f01_stress_10_5_20260701_073903/summary.csv,LINKUSDT,sfv3_robust_gate_20260701_v2_f01_stress_10_5_20260701_073903,11,0.455
0.35,0.55,4.0,0.40,0.8,-0.4593,0.3379,selected,,90,2025-10-03,98.93,next_open,12.0000,1,1.7392,-1.07,0,stress,0.613,,8.0000,100.00,spike_fade_v3,12:8,/Users/nikolay.bulgakov/Documents/Work/bot-new/bybit-bot-clean-v28/backtest_runs/portfolio_20260701_105330_sfv3_robust_gate_20260701_v2_f01_stress_12_8_20260701_073903/summary.csv,LINKUSDT,sfv3_robust_gate_20260701_v2_f01_stress_12_8_20260701_073903,11,0.455
0.35,0.55,4.0,0.40,0.8,-0.4042,0.3467,selected,SOLUSDT,90,2025-10-03,99.88,next_open,6.0000,1,0.8265,-0.12,0,cross,0.858,,2.0000,100.00,spike_fade_v3,,/Users/nikolay.bulgakov/Documents/Work/bot-new/bybit-bot-clean-v28/backtest_runs/portfolio_20260701_105346_sfv3_robust_gate_20260701_v2_f01_cross_SOLUSDT_20260701_073903/summary.csv,SOLUSDT,sfv3_robust_gate_20260701_v2_f01_cross_SOLUSDT_20260701_073903,4,0.500
0.35,0.55,4.0,0.40,0.8,-0.3360,0.2291,selected,SUIUSDT,90,2025-10-03,99.11,next_open,6.0000,1,1.1030,-0.89,0,cross,0.341,,2.0000,100.00,spike_fade_v3,,/Users/nikolay.bulgakov/Documents/Work/bot-new/bybit-bot-clean-v28/backtest_runs/portfolio_20260701_105402_sfv3_robust_gate_20260701_v2_f01_cross_SUIUSDT_20260701_073903/summary.csv,SUIUSDT,sfv3_robust_gate_20260701_v2_f01_cross_SUIUSDT_20260701_073903,6,0.333
0.35,0.55,4.0,0.40,0.8,-0.4924,0.4615,selected,DOGEUSDT,90,2025-10-03,99.85,next_open,6.0000,1,1.5460,-0.15,0,cross,0.937,,2.0000,100.00,spike_fade_v3,,/Users/nikolay.bulgakov/Documents/Work/bot-new/bybit-bot-clean-v28/backtest_runs/portfolio_20260701_105417_sfv3_robust_gate_20260701_v2_f01_cross_DOGEUSDT_20260701_073903/summary.csv,DOGEUSDT,sfv3_robust_gate_20260701_v2_f01_cross_DOGEUSDT_20260701_073903,10,0.500
0.35,0.55,4.0,0.40,0.8,-0.5338,0.4397,selected,ADAUSDT,90,2025-10-03,99.81,next_open,6.0000,1,1.0828,-0.19,0,cross,0.824,,2.0000,100.00,spike_fade_v3,,/Users/nikolay.bulgakov/Documents/Work/bot-new/bybit-bot-clean-v28/backtest_runs/portfolio_20260701_105433_sfv3_robust_gate_20260701_v2_f01_cross_ADAUSDT_20260701_073903/summary.csv,ADAUSDT,sfv3_robust_gate_20260701_v2_f01_cross_ADAUSDT_20260701_073903,4,0.500
0.35,0.50,4.0,0.25,0.6,-0.3788,0.5382,1,,240,2025-10-03,100.02,next_open,6.0000,2,3.3484,0.02,0,train,1.003,,2.0000,100.00,spike_fade_v3,,/Users/nikolay.bulgakov/Documents/Work/bot-new/bybit-bot-clean-v28/backtest_runs/portfolio_20260701_105448_sfv3_robust_gate_20260701_v2_f02_train_c001_20260701_073903/summary.csv,LINKUSDT,sfv3_robust_gate_20260701_v2_f02_train_c001_20260701_073903,29,0.414
0.35,0.50,4.0,0.40,0.6,-0.4248,0.5677,2,,240,2025-10-03,99.31,next_open,6.0000,2,2.4358,-0.69,0,train,0.914,,2.0000,100.00,spike_fade_v3,,/Users/nikolay.bulgakov/Documents/Work/bot-new/bybit-bot-clean-v28/backtest_runs/portfolio_20260701_105529_sfv3_robust_gate_20260701_v2_f02_train_c002_20260701_073903/summary.csv,LINKUSDT,sfv3_robust_gate_20260701_v2_f02_train_c002_20260701_073903,32,0.406
0.35,0.55,4.0,0.25,0.6,-0.3754,0.5392,3,,240,2025-10-03,100.84,next_open,6.0000,2,2.8346,0.84,0,train,1.149,,2.0000,100.00,spike_fade_v3,,/Users/nikolay.bulgakov/Documents/Work/bot-new/bybit-bot-clean-v28/backtest_runs/portfolio_20260701_105610_sfv3_robust_gate_20260701_v2_f02_train_c003_20260701_073903/summary.csv,LINKUSDT,sfv3_robust_gate_20260701_v2_f02_train_c003_20260701_073903,27,0.444
0.35,0.55,4.0,0.40,0.6,-0.4299,0.5699,4,,240,2025-10-03,100.96,next_open,6.0000,2,2.0355,0.96,0,train,1.149,,2.0000,100.00,spike_fade_v3,,/Users/nikolay.bulgakov/Documents/Work/bot-new/bybit-bot-clean-v28/backtest_runs/portfolio_20260701_105650_sfv3_robust_gate_20260701_v2_f02_train_c004_20260701_073903/summary.csv,LINKUSDT,sfv3_robust_gate_20260701_v2_f02_train_c004_20260701_073903,28,0.464
0.35,0.50,4.0,0.25,0.8,-0.3410,0.5401,5,,240,2025-10-03,100.54,next_open,6.0000,2,3.4912,0.54,0,train,1.084,,2.0000,100.00,spike_fade_v3,,/Users/nikolay.bulgakov/Documents/Work/bot-new/bybit-bot-clean-v28/backtest_runs/portfolio_20260701_105732_sfv3_robust_gate_20260701_v2_f02_train_c005_20260701_073903/summary.csv,LINKUSDT,sfv3_robust_gate_20260701_v2_f02_train_c005_20260701_073903,32,0.406
0.35,0.50,4.0,0.40,0.8,-0.4249,0.5583,6,,240,2025-10-03,99.74,next_open,6.0000,2,2.5391,-0.26,0,train,0.968,,2.0000,100.00,spike_fade_v3,,/Users/nikolay.bulgakov/Documents/Work/bot-new/bybit-bot-clean-v28/backtest_runs/portfolio_20260701_105814_sfv3_robust_gate_20260701_v2_f02_train_c006_20260701_073903/summary.csv,LINKUSDT,sfv3_robust_gate_20260701_v2_f02_train_c006_20260701_073903,33,0.424
0.35,0.55,4.0,0.25,0.8,-0.3224,0.5421,7,,240,2025-10-03,101.89,next_open,6.0000,2,2.4704,1.89,0,train,1.366,,2.0000,100.00,spike_fade_v3,,/Users/nikolay.bulgakov/Documents/Work/bot-new/bybit-bot-clean-v28/backtest_runs/portfolio_20260701_105857_sfv3_robust_gate_20260701_v2_f02_train_c007_20260701_073903/summary.csv,LINKUSDT,sfv3_robust_gate_20260701_v2_f02_train_c007_20260701_073903,29,0.448
0.35,0.55,4.0,0.40,0.8,-0.4300,0.5612,8,,240,2025-10-03,101.41,next_open,6.0000,2,2.0348,1.41,0,train,1.218,,2.0000,100.00,spike_fade_v3,,/Users/nikolay.bulgakov/Documents/Work/bot-new/bybit-bot-clean-v28/backtest_runs/portfolio_20260701_105938_sfv3_robust_gate_20260701_v2_f02_train_c008_20260701_073903/summary.csv,LINKUSDT,sfv3_robust_gate_20260701_v2_f02_train_c008_20260701_073903,29,0.483
0.35,0.50,5.0,0.25,0.6,-0.4051,0.4566,9,,240,2025-10-03,98.64,next_open,6.0000,2,3.0877,-1.36,0,train,0.626,,2.0000,100.00,spike_fade_v3,,/Users/nikolay.bulgakov/Documents/Work/bot-new/bybit-bot-clean-v28/backtest_runs/portfolio_20260701_110019_sfv3_robust_gate_20260701_v2_f02_train_c009_20260701_073903/summary.csv,LINKUSDT,sfv3_robust_gate_20260701_v2_f02_train_c009_20260701_073903,14,0.357
0.35,0.50,5.0,0.40,0.6,-0.4666,0.4807,10,,240,2025-10-03,96.79,next_open,6.0000,2,3.8945,-3.21,0,train,0.375,,2.0000,100.00,spike_fade_v3,,/Users/nikolay.bulgakov/Documents/Work/bot-new/bybit-bot-clean-v28/backtest_runs/portfolio_20260701_110100_sfv3_robust_gate_20260701_v2_f02_train_c010_20260701_073903/summary.csv,LINKUSDT,sfv3_robust_gate_20260701_v2_f02_train_c010_20260701_073903,15,0.267
0.35,0.55,5.0,0.25,0.6,-0.4021,0.4572,11,,240,2025-10-03,99.07,next_open,6.0000,2,2.6566,-0.93,0,train,0.711,,2.0000,100.00,spike_fade_v3,,/Users/nikolay.bulgakov/Documents/Work/bot-new/bybit-bot-clean-v28/backtest_runs/portfolio_20260701_110142_sfv3_robust_gate_20260701_v2_f02_train_c011_20260701_073903/summary.csv,LINKUSDT,sfv3_robust_gate_20260701_v2_f02_train_c011_20260701_073903,13,0.385
0.35,0.55,5.0,0.40,0.6,-0.4616,0.4830,12,,240,2025-10-03,97.32,next_open,6.0000,2,3.3722,-2.68,0,train,0.419,,2.0000,100.00,spike_fade_v3,,/Users/nikolay.bulgakov/Documents/Work/bot-new/bybit-bot-clean-v28/backtest_runs/portfolio_20260701_110224_sfv3_robust_gate_20260701_v2_f02_train_c012_20260701_073903/summary.csv,LINKUSDT,sfv3_robust_gate_20260701_v2_f02_train_c012_20260701_073903,14,0.286
0.35,0.50,5.0,0.25,0.8,-0.3684,0.5258,13,,240,2025-10-03,100.00,next_open,6.0000,2,2.3929,-0.00,0,train,0.999,,2.0000,100.00,spike_fade_v3,,/Users/nikolay.bulgakov/Documents/Work/bot-new/bybit-bot-clean-v28/backtest_runs/portfolio_20260701_110305_sfv3_robust_gate_20260701_v2_f02_train_c013_20260701_073903/summary.csv,LINKUSDT,sfv3_robust_gate_20260701_v2_f02_train_c013_20260701_073903,17,0.412
0.35,0.50,5.0,0.40,0.8,-0.4693,0.5544,14,,240,2025-10-03,98.16,next_open,6.0000,2,3.0100,-1.84,0,train,0.644,,2.0000,100.00,spike_fade_v3,,/Users/nikolay.bulgakov/Documents/Work/bot-new/bybit-bot-clean-v28/backtest_runs/portfolio_20260701_110346_sfv3_robust_gate_20260701_v2_f02_train_c014_20260701_073903/summary.csv,LINKUSDT,sfv3_robust_gate_20260701_v2_f02_train_c014_20260701_073903,17,0.353
0.35,0.55,5.0,0.25,0.8,-0.3622,0.5272,15,,240,2025-10-03,100.43,next_open,6.0000,2,2.1486,0.43,0,train,1.132,,2.0000,100.00,spike_fade_v3,,/Users/nikolay.bulgakov/Documents/Work/bot-new/bybit-bot-clean-v28/backtest_runs/portfolio_20260701_110427_sfv3_robust_gate_20260701_v2_f02_train_c015_20260701_073903/summary.csv,LINKUSDT,sfv3_robust_gate_20260701_v2_f02_train_c015_20260701_073903,16,0.438
0.35,0.55,5.0,0.40,0.8,-0.4649,0.5572,16,,240,2025-10-03,98.69,next_open,6.0000,2,2.6525,-1.31,0,train,0.719,,2.0000,100.00,spike_fade_v3,,/Users/nikolay.bulgakov/Documents/Work/bot-new/bybit-bot-clean-v28/backtest_runs/portfolio_20260701_110507_sfv3_robust_gate_20260701_v2_f02_train_c016_20260701_073903/summary.csv,LINKUSDT,sfv3_robust_gate_20260701_v2_f02_train_c016_20260701_073903,16,0.375
0.50,0.50,4.0,0.25,0.6,-0.3553,0.5484,17,,240,2025-10-03,97.67,next_open,6.0000,2,3.5447,-2.33,0,train,0.702,,2.0000,100.00,spike_fade_v3,,/Users/nikolay.bulgakov/Documents/Work/bot-new/bybit-bot-clean-v28/backtest_runs/portfolio_20260701_110547_sfv3_robust_gate_20260701_v2_f02_train_c017_20260701_073903/summary.csv,LINKUSDT,sfv3_robust_gate_20260701_v2_f02_train_c017_20260701_073903,32,0.312
0.50,0.50,4.0,0.40,0.6,-0.4121,0.5911,18,,240,2025-10-03,97.02,next_open,6.0000,2,4.5735,-2.98,0,train,0.686,,2.0000,100.00,spike_fade_v3,,/Users/nikolay.bulgakov/Documents/Work/bot-new/bybit-bot-clean-v28/backtest_runs/portfolio_20260701_110629_sfv3_robust_gate_20260701_v2_f02_train_c018_20260701_073903/summary.csv,LINKUSDT,sfv3_robust_gate_20260701_v2_f02_train_c018_20260701_073903,34,0.324
0.50,0.55,4.0,0.25,0.6,-0.3591,0.5491,19,,240,2025-10-03,98.31,next_open,6.0000,2,3.2058,-1.69,0,train,0.765,,2.0000,100.00,spike_fade_v3,,/Users/nikolay.bulgakov/Documents/Work/bot-new/bybit-bot-clean-v28/backtest_runs/portfolio_20260701_110711_sfv3_robust_gate_20260701_v2_f02_train_c019_20260701_073903/summary.csv,LINKUSDT,sfv3_robust_gate_20260701_v2_f02_train_c019_20260701_073903,30,0.333
0.50,0.55,4.0,0.40,0.6,-0.4112,0.5922,20,,240,2025-10-03,97.88,next_open,6.0000,2,3.9844,-2.12,0,train,0.755,,2.0000,100.00,spike_fade_v3,,/Users/nikolay.bulgakov/Documents/Work/bot-new/bybit-bot-clean-v28/backtest_runs/portfolio_20260701_110753_sfv3_robust_gate_20260701_v2_f02_train_c020_20260701_073903/summary.csv,LINKUSDT,sfv3_robust_gate_20260701_v2_f02_train_c020_20260701_073903,32,0.344
0.50,0.50,4.0,0.25,0.8,-0.3487,0.5606,21,,240,2025-10-03,97.80,next_open,6.0000,2,3.3959,-2.20,0,train,0.737,,2.0000,100.00,spike_fade_v3,,/Users/nikolay.bulgakov/Documents/Work/bot-new/bybit-bot-clean-v28/backtest_runs/portfolio_20260701_110836_sfv3_robust_gate_20260701_v2_f02_train_c021_20260701_073903/summary.csv,LINKUSDT,sfv3_robust_gate_20260701_v2_f02_train_c021_20260701_073903,35,0.314
0.50,0.50,4.0,0.40,0.8,-0.4152,0.5964,22,,240,2025-10-03,96.60,next_open,6.0000,2,4.9946,-3.40,0,train,0.658,,2.0000,100.00,spike_fade_v3,,/Users/nikolay.bulgakov/Documents/Work/bot-new/bybit-bot-clean-v28/backtest_runs/portfolio_20260701_110918_sfv3_robust_gate_20260701_v2_f02_train_c022_20260701_073903/summary.csv,LINKUSDT,sfv3_robust_gate_20260701_v2_f02_train_c022_20260701_073903,35,0.314
0.50,0.55,4.0,0.25,0.8,-0.3443,0.5623,23,,240,2025-10-03,98.96,next_open,6.0000,2,2.5287,-1.04,0,train,0.855,,2.0000,100.00,spike_fade_v3,,/Users/nikolay.bulgakov/Documents/Work/bot-new/bybit-bot-clean-v28/backtest_runs/portfolio_20260701_111001_sfv3_robust_gate_20260701_v2_f02_train_c023_20260701_073903/summary.csv,LINKUSDT,sfv3_robust_gate_20260701_v2_f02_train_c023_20260701_073903,32,0.344
0.50,0.55,4.0,0.40,0.8,-0.4147,0.5978,24,,240,2025-10-03,97.45,next_open,6.0000,2,4.1535,-2.55,0,train,0.721,,2.0000,100.00,spike_fade_v3,,/Users/nikolay.bulgakov/Documents/Work/bot-new/bybit-bot-clean-v28/backtest_runs/portfolio_20260701_111042_sfv3_robust_gate_20260701_v2_f02_train_c024_20260701_073903/summary.csv,LINKUSDT,sfv3_robust_gate_20260701_v2_f02_train_c024_20260701_073903,33,0.333
0.50,0.50,5.0,0.25,0.6,-0.3929,0.4703,25,,240,2025-10-03,98.35,next_open,6.0000,2,2.5668,-1.65,0,train,0.532,,2.0000,100.00,spike_fade_v3,,/Users/nikolay.bulgakov/Documents/Work/bot-new/bybit-bot-clean-v28/backtest_runs/portfolio_20260701_111124_sfv3_robust_gate_20260701_v2_f02_train_c025_20260701_073903/summary.csv,LINKUSDT,sfv3_robust_gate_20260701_v2_f02_train_c025_20260701_073903,13,0.308
0.50,0.50,5.0,0.40,0.6,-0.4042,0.4568,26,,240,2025-10-03,98.19,next_open,6.0000,2,2.6738,-1.81,0,train,0.502,,2.0000,100.00,spike_fade_v3,,/Users/nikolay.bulgakov/Documents/Work/bot-new/bybit-bot-clean-v28/backtest_runs/portfolio_20260701_111208_sfv3_robust_gate_20260701_v2_f02_train_c026_20260701_073903/summary.csv,LINKUSDT,sfv3_robust_gate_20260701_v2_f02_train_c026_20260701_073903,13,0.308
0.50,0.55,5.0,0.25,0.6,-0.4028,0.4702,27,,240,2025-10-03,98.26,next_open,6.0000,2,2.6566,-1.74,0,train,0.519,,2.0000,100.00,spike_fade_v3,,/Users/nikolay.bulgakov/Documents/Work/bot-new/bybit-bot-clean-v28/backtest_runs/portfolio_20260701_111253_sfv3_robust_gate_20260701_v2_f02_train_c027_20260701_073903/summary.csv,LINKUSDT,sfv3_robust_gate_20260701_v2_f02_train_c027_20260701_073903,13,0.308
0.50,0.55,5.0,0.40,0.6,-0.3894,0.4581,28,,240,2025-10-03,98.72,next_open,6.0000,2,2.1487,-1.28,0,train,0.588,,2.0000,100.00,spike_fade_v3,,/Users/nikolay.bulgakov/Documents/Work/bot-new/bybit-bot-clean-v28/backtest_runs/portfolio_20260701_111336_sfv3_robust_gate_20260701_v2_f02_train_c028_20260701_073903/summary.csv,LINKUSDT,sfv3_robust_gate_20260701_v2_f02_train_c028_20260701_073903,12,0.333
0.50,0.50,5.0,0.25,0.8,-0.3394,0.5143,29,,240,2025-10-03,99.52,next_open,6.0000,2,2.0561,-0.48,0,train,0.842,,2.0000,100.00,spike_fade_v3,,/Users/nikolay.bulgakov/Documents/Work/bot-new/bybit-bot-clean-v28/backtest_runs/portfolio_20260701_111418_sfv3_robust_gate_20260701_v2_f02_train_c029_20260701_073903/summary.csv,LINKUSDT,sfv3_robust_gate_20260701_v2_f02_train_c029_20260701_073903,14,0.357
0.50,0.50,5.0,0.40,0.8,-0.4158,0.5371,30,,240,2025-10-03,99.06,next_open,6.0000,2,2.4856,-0.94,0,train,0.775,,2.0000,100.00,spike_fade_v3,,/Users/nikolay.bulgakov/Documents/Work/bot-new/bybit-bot-clean-v28/backtest_runs/portfolio_20260701_111501_sfv3_robust_gate_20260701_v2_f02_train_c030_20260701_073903/summary.csv,LINKUSDT,sfv3_robust_gate_20260701_v2_f02_train_c030_20260701_073903,16,0.375
0.50,0.55,5.0,0.25,0.8,-0.3496,0.5141,31,,240,2025-10-03,99.42,next_open,6.0000,2,2.1486,-0.58,0,train,0.817,,2.0000,100.00,spike_fade_v3,,/Users/nikolay.bulgakov/Documents/Work/bot-new/bybit-bot-clean-v28/backtest_runs/portfolio_20260701_111543_sfv3_robust_gate_20260701_v2_f02_train_c031_20260701_073903/summary.csv,LINKUSDT,sfv3_robust_gate_20260701_v2_f02_train_c031_20260701_073903,14,0.357
0.50,0.55,5.0,0.40,0.8,-0.4044,0.5392,32,,240,2025-10-03,99.60,next_open,6.0000,2,2.1487,-0.40,0,train,0.889,,2.0000,100.00,spike_fade_v3,,/Users/nikolay.bulgakov/Documents/Work/bot-new/bybit-bot-clean-v28/backtest_runs/portfolio_20260701_111626_sfv3_robust_gate_20260701_v2_f02_train_c032_20260701_073903/summary.csv,LINKUSDT,sfv3_robust_gate_20260701_v2_f02_train_c032_20260701_073903,15,0.400
0.35,0.55,4.0,0.25,0.8,-0.4272,0.7175,selected,,90,2026-01-01,101.16,next_open,6.0000,2,0.5453,1.16,0,oos,1.679,sfv3_robust_gate_20260701_v2_f02_train_c007_20260701_073903,2.0000,100.00,spike_fade_v3,,/Users/nikolay.bulgakov/Documents/Work/bot-new/bybit-bot-clean-v28/backtest_runs/portfolio_20260701_111709_sfv3_robust_gate_20260701_v2_f02_oos_20260701_073903/summary.csv,LINKUSDT,sfv3_robust_gate_20260701_v2_f02_oos_20260701_073903,8,0.500
0.35,0.55,4.0,0.25,0.8,-0.4597,0.6854,selected,,90,2026-01-01,100.90,next_open,10.0000,2,0.5825,0.90,0,stress,1.491,,5.0000,100.00,spike_fade_v3,10:5,/Users/nikolay.bulgakov/Documents/Work/bot-new/bybit-bot-clean-v28/backtest_runs/portfolio_20260701_111726_sfv3_robust_gate_20260701_v2_f02_stress_10_5_20260701_073903/summary.csv,LINKUSDT,sfv3_robust_gate_20260701_v2_f02_stress_10_5_20260701_073903,8,0.500
0.35,0.55,4.0,0.25,0.8,-0.4828,0.6625,selected,,90,2026-01-01,100.72,next_open,12.0000,2,0.6072,0.72,0,stress,1.372,,8.0000,100.00,spike_fade_v3,12:8,/Users/nikolay.bulgakov/Documents/Work/bot-new/bybit-bot-clean-v28/backtest_runs/portfolio_20260701_111743_sfv3_robust_gate_20260701_v2_f02_stress_12_8_20260701_073903/summary.csv,LINKUSDT,sfv3_robust_gate_20260701_v2_f02_stress_12_8_20260701_073903,8,0.500
0.35,0.55,4.0,0.25,0.8,-0.4018,0.6849,selected,SOLUSDT,90,2026-01-01,98.56,next_open,6.0000,2,2.0416,-1.44,0,cross,0.487,,2.0000,100.00,spike_fade_v3,,/Users/nikolay.bulgakov/Documents/Work/bot-new/bybit-bot-clean-v28/backtest_runs/portfolio_20260701_111800_sfv3_robust_gate_20260701_v2_f02_cross_SOLUSDT_20260701_073903/summary.csv,SOLUSDT,sfv3_robust_gate_20260701_v2_f02_cross_SOLUSDT_20260701_073903,9,0.222
0.35,0.55,4.0,0.25,0.8,-0.4147,0.4136,selected,SUIUSDT,90,2026-01-01,99.99,next_open,6.0000,2,1.8436,-0.01,0,cross,0.997,,2.0000,100.00,spike_fade_v3,,/Users/nikolay.bulgakov/Documents/Work/bot-new/bybit-bot-clean-v28/backtest_runs/portfolio_20260701_111817_sfv3_robust_gate_20260701_v2_f02_cross_SUIUSDT_20260701_073903/summary.csv,SUIUSDT,sfv3_robust_gate_20260701_v2_f02_cross_SUIUSDT_20260701_073903,20,0.500
0.35,0.55,4.0,0.25,0.8,-0.4116,0.5408,selected,DOGEUSDT,90,2026-01-01,102.01,next_open,6.0000,2,0.9338,2.01,0,cross,2.628,,2.0000,100.00,spike_fade_v3,,/Users/nikolay.bulgakov/Documents/Work/bot-new/bybit-bot-clean-v28/backtest_runs/portfolio_20260701_111832_sfv3_robust_gate_20260701_v2_f02_cross_DOGEUSDT_20260701_073903/summary.csv,DOGEUSDT,sfv3_robust_gate_20260701_v2_f02_cross_DOGEUSDT_20260701_073903,9,0.667
0.35,0.55,4.0,0.25,0.8,-0.4427,0.6148,selected,ADAUSDT,90,2026-01-01,99.46,next_open,6.0000,2,1.4464,-0.54,0,cross,0.694,,2.0000,100.00,spike_fade_v3,,/Users/nikolay.bulgakov/Documents/Work/bot-new/bybit-bot-clean-v28/backtest_runs/portfolio_20260701_111847_sfv3_robust_gate_20260701_v2_f02_cross_ADAUSDT_20260701_073903/summary.csv,ADAUSDT,sfv3_robust_gate_20260701_v2_f02_cross_ADAUSDT_20260701_073903,6,0.333
0.35,0.50,4.0,0.25,0.6,-0.3421,0.4858,1,,240,2026-01-01,99.98,next_open,6.0000,3,0.9588,-0.02,0,train,0.994,,2.0000,100.00,spike_fade_v3,,/Users/nikolay.bulgakov/Documents/Work/bot-new/bybit-bot-clean-v28/backtest_runs/portfolio_20260701_111902_sfv3_robust_gate_20260701_v2_f03_train_c001_20260701_073903/summary.csv,LINKUSDT,sfv3_robust_gate_20260701_v2_f03_train_c001_20260701_073903,17,0.412
0.35,0.50,4.0,0.40,0.6,-0.4010,0.5245,2,,240,2026-01-01,100.56,next_open,6.0000,3,1.8261,0.56,0,train,1.107,,2.0000,100.00,spike_fade_v3,,/Users/nikolay.bulgakov/Documents/Work/bot-new/bybit-bot-clean-v28/backtest_runs/portfolio_20260701_111944_sfv3_robust_gate_20260701_v2_f03_train_c002_20260701_073903/summary.csv,LINKUSDT,sfv3_robust_gate_20260701_v2_f03_train_c002_20260701_073903,24,0.458
0.35,0.55,4.0,0.25,0.6,-0.3479,0.4862,3,,240,2026-01-01,100.27,next_open,6.0000,3,0.9576,0.27,0,train,1.087,,2.0000,100.00,spike_fade_v3,,/Users/nikolay.bulgakov/Documents/Work/bot-new/bybit-bot-clean-v28/backtest_runs/portfolio_20260701_112039_sfv3_robust_gate_20260701_v2_f03_train_c003_20260701_073903/summary.csv,LINKUSDT,sfv3_robust_gate_20260701_v2_f03_train_c003_20260701_073903,16,0.438
0.35,0.55,4.0,0.40,0.6,-0.4203,0.5259,4,,240,2026-01-01,101.16,next_open,6.0000,3,1.2730,1.16,0,train,1.251,,2.0000,100.00,spike_fade_v3,,/Users/nikolay.bulgakov/Documents/Work/bot-new/bybit-bot-clean-v28/backtest_runs/portfolio_20260701_112225_sfv3_robust_gate_20260701_v2_f03_train_c004_20260701_073903/summary.csv,LINKUSDT,sfv3_robust_gate_20260701_v2_f03_train_c004_20260701_073903,22,0.500
0.35,0.50,4.0,0.25,0.8,-0.3007,0.5624,5,,240,2026-01-01,101.75,next_open,6.0000,3,0.8488,1.75,0,train,1.530,,2.0000,100.00,spike_fade_v3,,/Users/nikolay.bulgakov/Documents/Work/bot-new/bybit-bot-clean-v28/backtest_runs/portfolio_20260701_112308_sfv3_robust_gate_20260701_v2_f03_train_c005_20260701_073903/summary.csv,LINKUSDT,sfv3_robust_gate_20260701_v2_f03_train_c005_20260701_073903,20,0.450
0.35,0.50,4.0,0.40,0.8,-0.3982,0.5408,6,,240,2026-01-01,101.31,next_open,6.0000,3,1.6078,1.31,0,train,1.254,,2.0000,100.00,spike_fade_v3,,/Users/nikolay.bulgakov/Documents/Work/bot-new/bybit-bot-clean-v28/backtest_runs/portfolio_20260701_112350_sfv3_robust_gate_20260701_v2_f03_train_c006_20260701_073903/summary.csv,LINKUSDT,sfv3_robust_gate_20260701_v2_f03_train_c006_20260701_073903,25,0.480
0.35,0.55,4.0,0.25,0.8,-0.3018,0.5632,7,,240,2026-01-01,102.05,next_open,6.0000,3,0.5591,2.05,0,train,1.680,,2.0000,100.00,spike_fade_v3,,/Users/nikolay.bulgakov/Documents/Work/bot-new/bybit-bot-clean-v28/backtest_runs/portfolio_20260701_112434_sfv3_robust_gate_20260701_v2_f03_train_c007_20260701_073903/summary.csv,LINKUSDT,sfv3_robust_gate_20260701_v2_f03_train_c007_20260701_073903,19,0.474
0.35,0.55,4.0,0.40,0.8,-0.4173,0.5426,8,,240,2026-01-01,101.92,next_open,6.0000,3,1.2719,1.92,0,train,1.419,,2.0000,100.00,spike_fade_v3,,/Users/nikolay.bulgakov/Documents/Work/bot-new/bybit-bot-clean-v28/backtest_runs/portfolio_20260701_112519_sfv3_robust_gate_20260701_v2_f03_train_c008_20260701_073903/summary.csv,LINKUSDT,sfv3_robust_gate_20260701_v2_f03_train_c008_20260701_073903,23,0.522
0.35,0.50,5.0,0.25,0.6,-0.4111,0.4411,9,,240,2026-01-01,99.71,next_open,6.0000,3,2.0474,-0.29,0,train,0.858,,2.0000,100.00,spike_fade_v3,,/Users/nikolay.bulgakov/Documents/Work/bot-new/bybit-bot-clean-v28/backtest_runs/portfolio_20260701_112602_sfv3_robust_gate_20260701_v2_f03_train_c009_20260701_073903/summary.csv,LINKUSDT,sfv3_robust_gate_20260701_v2_f03_train_c009_20260701_073903,9,0.444
0.35,0.50,5.0,0.40,0.6,-0.4819,0.5319,10,,240,2026-01-01,98.70,next_open,6.0000,3,1.9918,-1.30,0,train,0.552,,2.0000,100.00,spike_fade_v3,,/Users/nikolay.bulgakov/Documents/Work/bot-new/bybit-bot-clean-v28/backtest_runs/portfolio_20260701_112644_sfv3_robust_gate_20260701_v2_f03_train_c010_20260701_073903/summary.csv,LINKUSDT,sfv3_robust_gate_20260701_v2_f03_train_c010_20260701_073903,9,0.333
0.35,0.55,5.0,0.25,0.6,-0.4111,0.4411,11,,240,2026-01-01,99.71,next_open,6.0000,3,2.0474,-0.29,0,train,0.858,,2.0000,100.00,spike_fade_v3,,/Users/nikolay.bulgakov/Documents/Work/bot-new/bybit-bot-clean-v28/backtest_runs/portfolio_20260701_112727_sfv3_robust_gate_20260701_v2_f03_train_c011_20260701_073903/summary.csv,LINKUSDT,sfv3_robust_gate_20260701_v2_f03_train_c011_20260701_073903,9,0.444
0.35,0.55,5.0,0.40,0.6,-0.4819,0.5319,12,,240,2026-01-01,98.70,next_open,6.0000,3,1.9918,-1.30,0,train,0.552,,2.0000,100.00,spike_fade_v3,,/Users/nikolay.bulgakov/Documents/Work/bot-new/bybit-bot-clean-v28/backtest_runs/portfolio_20260701_112809_sfv3_robust_gate_20260701_v2_f03_train_c012_20260701_073903/summary.csv,LINKUSDT,sfv3_robust_gate_20260701_v2_f03_train_c012_20260701_073903,9,0.333
0.35,0.50,5.0,0.25,0.8,-0.3233,0.4927,13,,240,2026-01-01,100.52,next_open,6.0000,3,1.9200,0.52,0,train,1.270,,2.0000,100.00,spike_fade_v3,,/Users/nikolay.bulgakov/Documents/Work/bot-new/bybit-bot-clean-v28/backtest_runs/portfolio_20260701_112850_sfv3_robust_gate_20260701_v2_f03_train_c013_20260701_073903/summary.csv,LINKUSDT,sfv3_robust_gate_20260701_v2_f03_train_c013_20260701_073903,11,0.455
0.35,0.50,5.0,0.40,0.8,-0.4747,0.5754,14,,240,2026-01-01,99.45,next_open,6.0000,3,1.7478,-0.55,0,train,0.808,,2.0000,100.00,spike_fade_v3,,/Users/nikolay.bulgakov/Documents/Work/bot-new/bybit-bot-clean-v28/backtest_runs/portfolio_20260701_112932_sfv3_robust_gate_20260701_v2_f03_train_c014_20260701_073903/summary.csv,LINKUSDT,sfv3_robust_gate_20260701_v2_f03_train_c014_20260701_073903,10,0.400
0.35,0.55,5.0,0.25,0.8,-0.3233,0.4927,15,,240,2026-01-01,100.52,next_open,6.0000,3,1.9200,0.52,0,train,1.270,,2.0000,100.00,spike_fade_v3,,/Users/nikolay.bulgakov/Documents/Work/bot-new/bybit-bot-clean-v28/backtest_runs/portfolio_20260701_113014_sfv3_robust_gate_20260701_v2_f03_train_c015_20260701_073903/summary.csv,LINKUSDT,sfv3_robust_gate_20260701_v2_f03_train_c015_20260701_073903,11,0.455
0.35,0.55,5.0,0.40,0.8,-0.4747,0.5754,16,,240,2026-01-01,99.45,next_open,6.0000,3,1.7478,-0.55,0,train,0.808,,2.0000,100.00,spike_fade_v3,,/Users/nikolay.bulgakov/Documents/Work/bot-new/bybit-bot-clean-v28/backtest_runs/portfolio_20260701_113056_sfv3_robust_gate_20260701_v2_f03_train_c016_20260701_073903/summary.csv,LINKUSDT,sfv3_robust_gate_20260701_v2_f03_train_c016_20260701_073903,10,0.400
0.50,0.50,4.0,0.25,0.6,-0.3691,0.4330,17,,240,2026-01-01,97.19,next_open,6.0000,3,2.9733,-2.81,0,train,0.552,,2.0000,100.00,spike_fade_v3,,/Users/nikolay.bulgakov/Documents/Work/bot-new/bybit-bot-clean-v28/backtest_runs/portfolio_20260701_113138_sfv3_robust_gate_20260701_v2_f03_train_c017_20260701_073903/summary.csv,LINKUSDT,sfv3_robust_gate_20260701_v2_f03_train_c017_20260701_073903,25,0.320
0.50,0.50,4.0,0.40,0.6,-0.3882,0.4797,18,,240,2026-01-01,100.50,next_open,6.0000,3,2.1056,0.50,0,train,1.081,,2.0000,100.00,spike_fade_v3,,/Users/nikolay.bulgakov/Documents/Work/bot-new/bybit-bot-clean-v28/backtest_runs/portfolio_20260701_113219_sfv3_robust_gate_20260701_v2_f03_train_c018_20260701_073903/summary.csv,LINKUSDT,sfv3_robust_gate_20260701_v2_f03_train_c018_20260701_073903,30,0.467
0.50,0.55,4.0,0.25,0.6,-0.3742,0.4334,19,,240,2026-01-01,97.48,next_open,6.0000,3,2.6831,-2.52,0,train,0.579,,2.0000,100.00,spike_fade_v3,,/Users/nikolay.bulgakov/Documents/Work/bot-new/bybit-bot-clean-v28/backtest_runs/portfolio_20260701_113259_sfv3_robust_gate_20260701_v2_f03_train_c019_20260701_073903/summary.csv,LINKUSDT,sfv3_robust_gate_20260701_v2_f03_train_c019_20260701_073903,24,0.333
0.50,0.55,4.0,0.40,0.6,-0.3918,0.4805,20,,240,2026-01-01,100.85,next_open,6.0000,3,1.7686,0.85,0,train,1.145,,2.0000,100.00,spike_fade_v3,,/Users/nikolay.bulgakov/Documents/Work/bot-new/bybit-bot-clean-v28/backtest_runs/portfolio_20260701_113342_sfv3_robust_gate_20260701_v2_f03_train_c020_20260701_073903/summary.csv,LINKUSDT,sfv3_robust_gate_20260701_v2_f03_train_c020_20260701_073903,29,0.483
0.50,0.50,4.0,0.25,0.8,-0.3602,0.4465,21,,240,2026-01-01,97.62,next_open,6.0000,3,2.6365,-2.38,0,train,0.652,,2.0000,100.00,spike_fade_v3,,/Users/nikolay.bulgakov/Documents/Work/bot-new/bybit-bot-clean-v28/backtest_runs/portfolio_20260701_113423_sfv3_robust_gate_20260701_v2_f03_train_c021_20260701_073903/summary.csv,LINKUSDT,sfv3_robust_gate_20260701_v2_f03_train_c021_20260701_073903,29,0.345
0.50,0.50,4.0,0.40,0.8,-0.4026,0.4848,22,,240,2026-01-01,100.43,next_open,6.0000,3,1.8670,0.43,0,train,1.062,,2.0000,100.00,spike_fade_v3,,/Users/nikolay.bulgakov/Documents/Work/bot-new/bybit-bot-clean-v28/backtest_runs/portfolio_20260701_113505_sfv3_robust_gate_20260701_v2_f03_train_c022_20260701_073903/summary.csv,LINKUSDT,sfv3_robust_gate_20260701_v2_f03_train_c022_20260701_073903,32,0.469
0.50,0.55,4.0,0.25,0.8,-0.3541,0.4469,23,,240,2026-01-01,98.45,next_open,6.0000,3,2.1718,-1.55,0,train,0.742,,2.0000,100.00,spike_fade_v3,,/Users/nikolay.bulgakov/Documents/Work/bot-new/bybit-bot-clean-v28/backtest_runs/portfolio_20260701_113546_sfv3_robust_gate_20260701_v2_f03_train_c023_20260701_073903/summary.csv,LINKUSDT,sfv3_robust_gate_20260701_v2_f03_train_c023_20260701_073903,27,0.370
0.50,0.55,4.0,0.40,0.8,-0.3979,0.4860,24,,240,2026-01-01,101.32,next_open,6.0000,3,1.5300,1.32,0,train,1.221,,2.0000,100.00,spike_fade_v3,,/Users/nikolay.bulgakov/Documents/Work/bot-new/bybit-bot-clean-v28/backtest_runs/portfolio_20260701_113629_sfv3_robust_gate_20260701_v2_f03_train_c024_20260701_073903/summary.csv,LINKUSDT,sfv3_robust_gate_20260701_v2_f03_train_c024_20260701_073903,30,0.500
0.50,0.50,5.0,0.25,0.6,-0.3991,0.4066,25,,240,2026-01-01,99.24,next_open,6.0000,3,2.1498,-0.76,0,train,0.728,,2.0000,100.00,spike_fade_v3,,/Users/nikolay.bulgakov/Documents/Work/bot-new/bybit-bot-clean-v28/backtest_runs/portfolio_20260701_113713_sfv3_robust_gate_20260701_v2_f03_train_c025_20260701_073903/summary.csv,LINKUSDT,sfv3_robust_gate_20260701_v2_f03_train_c025_20260701_073903,12,0.417
0.50,0.50,5.0,0.40,0.6,-0.3961,0.4396,26,,240,2026-01-01,100.26,next_open,6.0000,3,1.3820,0.26,0,train,1.110,,2.0000,100.00,spike_fade_v3,,/Users/nikolay.bulgakov/Documents/Work/bot-new/bybit-bot-clean-v28/backtest_runs/portfolio_20260701_113755_sfv3_robust_gate_20260701_v2_f03_train_c026_20260701_073903/summary.csv,LINKUSDT,sfv3_robust_gate_20260701_v2_f03_train_c026_20260701_073903,12,0.500
0.50,0.55,5.0,0.25,0.6,-0.3991,0.4066,27,,240,2026-01-01,99.24,next_open,6.0000,3,2.1498,-0.76,0,train,0.728,,2.0000,100.00,spike_fade_v3,,/Users/nikolay.bulgakov/Documents/Work/bot-new/bybit-bot-clean-v28/backtest_runs/portfolio_20260701_113837_sfv3_robust_gate_20260701_v2_f03_train_c027_20260701_073903/summary.csv,LINKUSDT,sfv3_robust_gate_20260701_v2_f03_train_c027_20260701_073903,12,0.417
0.50,0.55,5.0,0.40,0.6,-0.3961,0.4396,28,,240,2026-01-01,100.26,next_open,6.0000,3,1.3820,0.26,0,train,1.110,,2.0000,100.00,spike_fade_v3,,/Users/nikolay.bulgakov/Documents/Work/bot-new/bybit-bot-clean-v28/backtest_runs/portfolio_20260701_113920_sfv3_robust_gate_20260701_v2_f03_train_c028_20260701_073903/summary.csv,LINKUSDT,sfv3_robust_gate_20260701_v2_f03_train_c028_20260701_073903,12,0.500
0.50,0.50,5.0,0.25,0.8,-0.3743,0.4343,29,,240,2026-01-01,99.67,next_open,6.0000,3,2.3979,-0.33,0,train,0.902,,2.0000,100.00,spike_fade_v3,,/Users/nikolay.bulgakov/Documents/Work/bot-new/bybit-bot-clean-v28/backtest_runs/portfolio_20260701_114002_sfv3_robust_gate_20260701_v2_f03_train_c029_20260701_073903/summary.csv,LINKUSDT,sfv3_robust_gate_20260701_v2_f03_train_c029_20260701_073903,16,0.438
0.50,0.50,5.0,0.40,0.8,-0.4320,0.4569,30,,240,2026-01-01,100.63,next_open,6.0000,3,1.6984,0.63,0,train,1.209,,2.0000,100.00,spike_fade_v3,,/Users/nikolay.bulgakov/Documents/Work/bot-new/bybit-bot-clean-v28/backtest_runs/portfolio_20260701_114044_sfv3_robust_gate_20260701_v2_f03_train_c030_20260701_073903/summary.csv,LINKUSDT,sfv3_robust_gate_20260701_v2_f03_train_c030_20260701_073903,15,0.533
0.50,0.55,5.0,0.25,0.8,-0.3529,0.4343,31,,240,2026-01-01,100.22,next_open,6.0000,3,1.8610,0.22,0,train,1.077,,2.0000,100.00,spike_fade_v3,,/Users/nikolay.bulgakov/Documents/Work/bot-new/bybit-bot-clean-v28/backtest_runs/portfolio_20260701_114126_sfv3_robust_gate_20260701_v2_f03_train_c031_20260701_073903/summary.csv,LINKUSDT,sfv3_robust_gate_20260701_v2_f03_train_c031_20260701_073903,15,0.467
0.50,0.55,5.0,0.40,0.8,-0.4130,0.4574,32,,240,2026-01-01,101.18,next_open,6.0000,3,1.1615,1.18,0,train,1.477,,2.0000,100.00,spike_fade_v3,,/Users/nikolay.bulgakov/Documents/Work/bot-new/bybit-bot-clean-v28/backtest_runs/portfolio_20260701_114207_sfv3_robust_gate_20260701_v2_f03_train_c032_20260701_073903/summary.csv,LINKUSDT,sfv3_robust_gate_20260701_v2_f03_train_c032_20260701_073903,14,0.571
0.35,0.55,4.0,0.25,0.8,-0.4742,0.4225,selected,,90,2026-04-01,98.90,next_open,6.0000,3,1.3768,-1.10,0,oos,0.535,sfv3_robust_gate_20260701_v2_f03_train_c007_20260701_073903,2.0000,100.00,spike_fade_v3,,/Users/nikolay.bulgakov/Documents/Work/bot-new/bybit-bot-clean-v28/backtest_runs/portfolio_20260701_114248_sfv3_robust_gate_20260701_v2_f03_oos_20260701_073903/summary.csv,LINKUSDT,sfv3_robust_gate_20260701_v2_f03_oos_20260701_073903,8,0.375
0.35,0.55,4.0,0.25,0.8,-0.5116,0.3820,selected,,90,2026-04-01,98.59,next_open,10.0000,3,1.6024,-1.41,0,stress,0.448,,5.0000,100.00,spike_fade_v3,10:5,/Users/nikolay.bulgakov/Documents/Work/bot-new/bybit-bot-clean-v28/backtest_runs/portfolio_20260701_114303_sfv3_robust_gate_20260701_v2_f03_stress_10_5_20260701_073903/summary.csv,LINKUSDT,sfv3_robust_gate_20260701_v2_f03_stress_10_5_20260701_073903,8,0.375
0.35,0.55,4.0,0.25,0.8,-0.5383,0.3534,selected,,90,2026-04-01,98.37,next_open,12.0000,3,1.7626,-1.63,0,stress,0.394,,8.0000,100.00,spike_fade_v3,12:8,/Users/nikolay.bulgakov/Documents/Work/bot-new/bybit-bot-clean-v28/backtest_runs/portfolio_20260701_114317_sfv3_robust_gate_20260701_v2_f03_stress_12_8_20260701_073903/summary.csv,LINKUSDT,sfv3_robust_gate_20260701_v2_f03_stress_12_8_20260701_073903,8,0.375
0.35,0.55,4.0,0.25,0.8,-0.4079,0.5774,selected,SOLUSDT,90,2026-04-01,99.52,next_open,6.0000,3,0.5901,-0.48,0,cross,0.708,,2.0000,100.00,spike_fade_v3,,/Users/nikolay.bulgakov/Documents/Work/bot-new/bybit-bot-clean-v28/backtest_runs/portfolio_20260701_114332_sfv3_robust_gate_20260701_v2_f03_cross_SOLUSDT_20260701_073903/summary.csv,SOLUSDT,sfv3_robust_gate_20260701_v2_f03_cross_SOLUSDT_20260701_073903,6,0.333
0.35,0.55,4.0,0.25,0.8,-0.4091,0.5384,selected,SUIUSDT,90,2026-04-01,101.85,next_open,6.0000,3,1.1566,1.85,0,cross,1.755,,2.0000,100.00,spike_fade_v3,,/Users/nikolay.bulgakov/Documents/Work/bot-new/bybit-bot-clean-v28/backtest_runs/portfolio_20260701_114347_sfv3_robust_gate_20260701_v2_f03_cross_SUIUSDT_20260701_073903/summary.csv,SUIUSDT,sfv3_robust_gate_20260701_v2_f03_cross_SUIUSDT_20260701_073903,14,0.571
0.35,0.55,4.0,0.25,0.8,-0.5092,0.5660,selected,DOGEUSDT,90,2026-04-01,98.76,next_open,6.0000,3,2.3685,-1.24,0,cross,0.695,,2.0000,100.00,spike_fade_v3,,/Users/nikolay.bulgakov/Documents/Work/bot-new/bybit-bot-clean-v28/backtest_runs/portfolio_20260701_114400_sfv3_robust_gate_20260701_v2_f03_cross_DOGEUSDT_20260701_073903/summary.csv,DOGEUSDT,sfv3_robust_gate_20260701_v2_f03_cross_DOGEUSDT_20260701_073903,13,0.385
0.35,0.55,4.0,0.25,0.8,-0.4521,0.5322,selected,ADAUSDT,90,2026-04-01,100.93,next_open,6.0000,3,1.1282,0.93,0,cross,1.413,,2.0000,100.00,spike_fade_v3,,/Users/nikolay.bulgakov/Documents/Work/bot-new/bybit-bot-clean-v28/backtest_runs/portfolio_20260701_114414_sfv3_robust_gate_20260701_v2_f03_cross_ADAUSDT_20260701_073903/summary.csv,ADAUSDT,sfv3_robust_gate_20260701_v2_f03_cross_ADAUSDT_20260701_073903,11,0.545
0.35,0.50,4.0,0.25,0.6,-0.4141,0.4477,1,,240,2026-04-01,100.34,next_open,6.0000,4,1.2137,0.34,0,train,1.081,,2.0000,100.00,spike_fade_v3,,/Users/nikolay.bulgakov/Documents/Work/bot-new/bybit-bot-clean-v28/backtest_runs/portfolio_20260701_114429_sfv3_robust_gate_20260701_v2_f04_train_c001_20260701_073903/summary.csv,LINKUSDT,sfv3_robust_gate_20260701_v2_f04_train_c001_20260701_073903,20,0.500
0.35,0.50,4.0,0.40,0.6,-0.4344,0.5684,2,,240,2026-04-01,104.05,next_open,6.0000,4,1.2063,4.05,0,train,2.036,,2.0000,100.00,spike_fade_v3,,/Users/nikolay.bulgakov/Documents/Work/bot-new/bybit-bot-clean-v28/backtest_runs/portfolio_20260701_114512_sfv3_robust_gate_20260701_v2_f04_train_c002_20260701_073903/summary.csv,LINKUSDT,sfv3_robust_gate_20260701_v2_f04_train_c002_20260701_073903,23,0.609
0.35,0.55,4.0,0.25,0.6,-0.4292,0.4670,3,,240,2026-04-01,99.91,next_open,6.0000,4,1.4188,-0.09,0,train,0.979,,2.0000,100.00,spike_fade_v3,,/Users/nikolay.bulgakov/Documents/Work/bot-new/bybit-bot-clean-v28/backtest_runs/portfolio_20260701_114552_sfv3_robust_gate_20260701_v2_f04_train_c003_20260701_073903/summary.csv,LINKUSDT,sfv3_robust_gate_20260701_v2_f04_train_c003_20260701_073903,19,0.474
0.35,0.55,4.0,0.40,0.6,-0.4465,0.5574,4,,240,2026-04-01,103.67,next_open,6.0000,4,0.8675,3.67,0,train,2.028,,2.0000,100.00,spike_fade_v3,,/Users/nikolay.bulgakov/Documents/Work/bot-new/bybit-bot-clean-v28/backtest_runs/portfolio_20260701_114634_sfv3_robust_gate_20260701_v2_f04_train_c004_20260701_073903/summary.csv,LINKUSDT,sfv3_robust_gate_20260701_v2_f04_train_c004_20260701_073903,21,0.619
0.35,0.50,4.0,0.25,0.8,-0.3801,0.4936,5,,240,2026-04-01,100.87,next_open,6.0000,4,0.8502,0.87,0,train,1.190,,2.0000,100.00,spike_fade_v3,,/Users/nikolay.bulgakov/Documents/Work/bot-new/bybit-bot-clean-v28/backtest_runs/portfolio_20260701_114715_sfv3_robust_gate_20260701_v2_f04_train_c005_20260701_073903/summary.csv,LINKUSDT,sfv3_robust_gate_20260701_v2_f04_train_c005_20260701_073903,23,0.478
0.35,0.50,4.0,0.40,0.8,-0.4407,0.5884,6,,240,2026-04-01,104.42,next_open,6.0000,4,1.2063,4.42,0,train,2.003,,2.0000,100.00,spike_fade_v3,,/Users/nikolay.bulgakov/Documents/Work/bot-new/bybit-bot-clean-v28/backtest_runs/portfolio_20260701_114757_sfv3_robust_gate_20260701_v2_f04_train_c006_20260701_073903/summary.csv,LINKUSDT,sfv3_robust_gate_20260701_v2_f04_train_c006_20260701_073903,25,0.600
0.35,0.55,4.0,0.25,0.8,-0.3931,0.5159,7,,240,2026-04-01,100.44,next_open,6.0000,4,1.4849,0.44,0,train,1.094,,2.0000,100.00,spike_fade_v3,,/Users/nikolay.bulgakov/Documents/Work/bot-new/bybit-bot-clean-v28/backtest_runs/portfolio_20260701_114837_sfv3_robust_gate_20260701_v2_f04_train_c007_20260701_073903/summary.csv,LINKUSDT,sfv3_robust_gate_20260701_v2_f04_train_c007_20260701_073903,22,0.455
0.35,0.55,4.0,0.40,0.8,-0.4522,0.5796,8,,240,2026-04-01,104.04,next_open,6.0000,4,0.8675,4.04,0,train,1.994,,2.0000,100.00,spike_fade_v3,,/Users/nikolay.bulgakov/Documents/Work/bot-new/bybit-bot-clean-v28/backtest_runs/portfolio_20260701_114918_sfv3_robust_gate_20260701_v2_f04_train_c008_20260701_073903/summary.csv,LINKUSDT,sfv3_robust_gate_20260701_v2_f04_train_c008_20260701_073903,23,0.609
0.35,0.50,5.0,0.25,0.6,-0.4152,0.4309,9,,240,2026-04-01,98.39,next_open,6.0000,4,2.4088,-1.61,0,train,0.445,,2.0000,100.00,spike_fade_v3,,/Users/nikolay.bulgakov/Documents/Work/bot-new/bybit-bot-clean-v28/backtest_runs/portfolio_20260701_114958_sfv3_robust_gate_20260701_v2_f04_train_c009_20260701_073903/summary.csv,LINKUSDT,sfv3_robust_gate_20260701_v2_f04_train_c009_20260701_073903,10,0.300
0.35,0.50,5.0,0.40,0.6,-0.4957,0.5924,10,,240,2026-04-01,99.89,next_open,6.0000,4,1.7968,-0.11,0,train,0.956,,2.0000,100.00,spike_fade_v3,,/Users/nikolay.bulgakov/Documents/Work/bot-new/bybit-bot-clean-v28/backtest_runs/portfolio_20260701_115415_sfv3_robust_gate_20260701_v2_f04_train_c010_20260701_073903/summary.csv,LINKUSDT,sfv3_robust_gate_20260701_v2_f04_train_c010_20260701_073903,9,0.444
0.35,0.55,5.0,0.25,0.6,-0.4001,0.4309,11,,240,2026-04-01,98.49,next_open,6.0000,4,2.3044,-1.51,0,train,0.462,,2.0000,100.00,spike_fade_v3,,/Users/nikolay.bulgakov/Documents/Work/bot-new/bybit-bot-clean-v28/backtest_runs/portfolio_20260701_115457_sfv3_robust_gate_20260701_v2_f04_train_c011_20260701_073903/summary.csv,LINKUSDT,sfv3_robust_gate_20260701_v2_f04_train_c011_20260701_073903,10,0.300
0.35,0.55,5.0,0.40,0.6,-0.4957,0.5545,12,,240,2026-04-01,99.18,next_open,6.0000,4,1.7968,-0.82,0,train,0.671,,2.0000,100.00,spike_fade_v3,,/Users/nikolay.bulgakov/Documents/Work/bot-new/bybit-bot-clean-v28/backtest_runs/portfolio_20260701_115539_sfv3_robust_gate_20260701_v2_f04_train_c012_20260701_073903/summary.csv,LINKUSDT,sfv3_robust_gate_20260701_v2_f04_train_c012_20260701_073903,8,0.375
0.35,0.50,5.0,0.25,0.8,-0.3675,0.4309,13,,240,2026-04-01,97.98,next_open,6.0000,4,2.8072,-2.02,0,train,0.391,,2.0000,100.00,spike_fade_v3,,/Users/nikolay.bulgakov/Documents/Work/bot-new/bybit-bot-clean-v28/backtest_runs/portfolio_20260701_115623_sfv3_robust_gate_20260701_v2_f04_train_c013_20260701_073903/summary.csv,LINKUSDT,sfv3_robust_gate_20260701_v2_f04_train_c013_20260701_073903,12,0.250
0.35,0.50,5.0,0.40,0.8,-0.4919,0.5923,14,,240,2026-04-01,99.42,next_open,6.0000,4,1.7400,-0.58,0,train,0.803,,2.0000,100.00,spike_fade_v3,,/Users/nikolay.bulgakov/Documents/Work/bot-new/bybit-bot-clean-v28/backtest_runs/portfolio_20260701_115705_sfv3_robust_gate_20260701_v2_f04_train_c014_20260701_073903/summary.csv,LINKUSDT,sfv3_robust_gate_20260701_v2_f04_train_c014_20260701_073903,10,0.400
0.35,0.55,5.0,0.25,0.8,-0.3559,0.4309,15,,240,2026-04-01,98.09,next_open,6.0000,4,2.7028,-1.91,0,train,0.404,,2.0000,100.00,spike_fade_v3,,/Users/nikolay.bulgakov/Documents/Work/bot-new/bybit-bot-clean-v28/backtest_runs/portfolio_20260701_115747_sfv3_robust_gate_20260701_v2_f04_train_c015_20260701_073903/summary.csv,LINKUSDT,sfv3_robust_gate_20260701_v2_f04_train_c015_20260701_073903,12,0.250
0.35,0.55,5.0,0.40,0.8,-0.4913,0.5542,16,,240,2026-04-01,98.71,next_open,6.0000,4,1.7400,-1.29,0,train,0.564,,2.0000,100.00,spike_fade_v3,,/Users/nikolay.bulgakov/Documents/Work/bot-new/bybit-bot-clean-v28/backtest_runs/portfolio_20260701_115830_sfv3_robust_gate_20260701_v2_f04_train_c016_20260701_073903/summary.csv,LINKUSDT,sfv3_robust_gate_20260701_v2_f04_train_c016_20260701_073903,9,0.333
0.50,0.50,4.0,0.25,0.6,-0.4278,0.4386,17,,240,2026-04-01,97.98,next_open,6.0000,4,2.3861,-2.02,0,train,0.705,,2.0000,100.00,spike_fade_v3,,/Users/nikolay.bulgakov/Documents/Work/bot-new/bybit-bot-clean-v28/backtest_runs/portfolio_20260701_115911_sfv3_robust_gate_20260701_v2_f04_train_c017_20260701_073903/summary.csv,LINKUSDT,sfv3_robust_gate_20260701_v2_f04_train_c017_20260701_073903,27,0.407
0.50,0.50,4.0,0.40,0.6,-0.4322,0.5170,18,,240,2026-04-01,103.17,next_open,6.0000,4,1.4130,3.17,0,train,1.564,,2.0000,100.00,spike_fade_v3,,/Users/nikolay.bulgakov/Documents/Work/bot-new/bybit-bot-clean-v28/backtest_runs/portfolio_20260701_115953_sfv3_robust_gate_20260701_v2_f04_train_c018_20260701_073903/summary.csv,LINKUSDT,sfv3_robust_gate_20260701_v2_f04_train_c018_20260701_073903,30,0.567
0.50,0.55,4.0,0.25,0.6,-0.4314,0.4129,19,,240,2026-04-01,97.23,next_open,6.0000,4,3.1039,-2.77,0,train,0.598,,2.0000,100.00,spike_fade_v3,,/Users/nikolay.bulgakov/Documents/Work/bot-new/bybit-bot-clean-v28/backtest_runs/portfolio_20260701_120035_sfv3_robust_gate_20260701_v2_f04_train_c019_20260701_073903/summary.csv,LINKUSDT,sfv3_robust_gate_20260701_v2_f04_train_c019_20260701_073903,26,0.385
0.50,0.55,4.0,0.40,0.6,-0.4402,0.5048,20,,240,2026-04-01,102.79,next_open,6.0000,4,1.0767,2.79,0,train,1.529,,2.0000,100.00,spike_fade_v3,,/Users/nikolay.bulgakov/Documents/Work/bot-new/bybit-bot-clean-v28/backtest_runs/portfolio_20260701_120119_sfv3_robust_gate_20260701_v2_f04_train_c020_20260701_073903/summary.csv,LINKUSDT,sfv3_robust_gate_20260701_v2_f04_train_c020_20260701_073903,28,0.571
0.50,0.50,4.0,0.25,0.8,-0.4109,0.4271,21,,240,2026-04-01,97.73,next_open,6.0000,4,2.6035,-2.27,0,train,0.693,,2.0000,100.00,spike_fade_v3,,/Users/nikolay.bulgakov/Documents/Work/bot-new/bybit-bot-clean-v28/backtest_runs/portfolio_20260701_120202_sfv3_robust_gate_20260701_v2_f04_train_c021_20260701_073903/summary.csv,LINKUSDT,sfv3_robust_gate_20260701_v2_f04_train_c021_20260701_073903,30,0.400
0.50,0.50,4.0,0.40,0.8,-0.4467,0.5052,22,,240,2026-04-01,102.84,next_open,6.0000,4,1.4130,2.84,0,train,1.454,,2.0000,100.00,spike_fade_v3,,/Users/nikolay.bulgakov/Documents/Work/bot-new/bybit-bot-clean-v28/backtest_runs/portfolio_20260701_120244_sfv3_robust_gate_20260701_v2_f04_train_c022_20260701_073903/summary.csv,LINKUSDT,sfv3_robust_gate_20260701_v2_f04_train_c022_20260701_073903,32,0.562
0.50,0.55,4.0,0.25,0.8,-0.4072,0.4030,23,,240,2026-04-01,97.51,next_open,6.0000,4,2.8214,-2.49,0,train,0.640,,2.0000,100.00,spike_fade_v3,,/Users/nikolay.bulgakov/Documents/Work/bot-new/bybit-bot-clean-v28/backtest_runs/portfolio_20260701_120326_sfv3_robust_gate_20260701_v2_f04_train_c023_20260701_073903/summary.csv,LINKUSDT,sfv3_robust_gate_20260701_v2_f04_train_c023_20260701_073903,28,0.393
0.50,0.55,4.0,0.40,0.8,-0.4480,0.4937,24,,240,2026-04-01,103.02,next_open,6.0000,4,1.0767,3.02,0,train,1.561,,2.0000,100.00,spike_fade_v3,,/Users/nikolay.bulgakov/Documents/Work/bot-new/bybit-bot-clean-v28/backtest_runs/portfolio_20260701_120410_sfv3_robust_gate_20260701_v2_f04_train_c024_20260701_073903/summary.csv,LINKUSDT,sfv3_robust_gate_20260701_v2_f04_train_c024_20260701_073903,29,0.586
0.50,0.50,5.0,0.25,0.6,-0.4201,0.4529,25,,240,2026-04-01,98.06,next_open,6.0000,4,2.3674,-1.94,0,train,0.539,,2.0000,100.00,spike_fade_v3,,/Users/nikolay.bulgakov/Documents/Work/bot-new/bybit-bot-clean-v28/backtest_runs/portfolio_20260701_120453_sfv3_robust_gate_20260701_v2_f04_train_c025_20260701_073903/summary.csv,LINKUSDT,sfv3_robust_gate_20260701_v2_f04_train_c025_20260701_073903,15,0.333
0.50,0.50,5.0,0.40,0.6,-0.4188,0.4893,26,,240,2026-04-01,100.49,next_open,6.0000,4,1.3803,0.49,0,train,1.168,,2.0000,100.00,spike_fade_v3,,/Users/nikolay.bulgakov/Documents/Work/bot-new/bybit-bot-clean-v28/backtest_runs/portfolio_20260701_120536_sfv3_robust_gate_20260701_v2_f04_train_c026_20260701_073903/summary.csv,LINKUSDT,sfv3_robust_gate_20260701_v2_f04_train_c026_20260701_073903,14,0.500
0.50,0.55,5.0,0.25,0.6,-0.4137,0.3904,27,,240,2026-04-01,97.01,next_open,6.0000,4,3.4149,-2.99,0,train,0.343,,2.0000,100.00,spike_fade_v3,,/Users/nikolay.bulgakov/Documents/Work/bot-new/bybit-bot-clean-v28/backtest_runs/portfolio_20260701_120619_sfv3_robust_gate_20260701_v2_f04_train_c027_20260701_073903/summary.csv,LINKUSDT,sfv3_robust_gate_20260701_v2_f04_train_c027_20260701_073903,15,0.267
0.50,0.55,5.0,0.40,0.6,-0.4183,0.4513,28,,240,2026-04-01,99.78,next_open,6.0000,4,1.6507,-0.22,0,train,0.925,,2.0000,100.00,spike_fade_v3,,/Users/nikolay.bulgakov/Documents/Work/bot-new/bybit-bot-clean-v28/backtest_runs/portfolio_20260701_120703_sfv3_robust_gate_20260701_v2_f04_train_c028_20260701_073903/summary.csv,LINKUSDT,sfv3_robust_gate_20260701_v2_f04_train_c028_20260701_073903,13,0.462
0.50,0.50,5.0,0.25,0.8,-0.3964,0.4278,29,,240,2026-04-01,97.81,next_open,6.0000,4,2.6195,-2.19,0,train,0.540,,2.0000,100.00,spike_fade_v3,,/Users/nikolay.bulgakov/Documents/Work/bot-new/bybit-bot-clean-v28/backtest_runs/portfolio_20260701_120747_sfv3_robust_gate_20260701_v2_f04_train_c029_20260701_073903/summary.csv,LINKUSDT,sfv3_robust_gate_20260701_v2_f04_train_c029_20260701_073903,18,0.333
0.50,0.50,5.0,0.40,0.8,-0.4455,0.4663,30,,240,2026-04-01,100.17,next_open,6.0000,4,1.7004,0.17,0,train,1.047,,2.0000,100.00,spike_fade_v3,,/Users/nikolay.bulgakov/Documents/Work/bot-new/bybit-bot-clean-v28/backtest_runs/portfolio_20260701_120829_sfv3_robust_gate_20260701_v2_f04_train_c030_20260701_073903/summary.csv,LINKUSDT,sfv3_robust_gate_20260701_v2_f04_train_c030_20260701_073903,16,0.500
0.50,0.55,5.0,0.25,0.8,-0.3808,0.3731,31,,240,2026-04-01,97.30,next_open,6.0000,4,3.1312,-2.70,0,train,0.408,,2.0000,100.00,spike_fade_v3,,/Users/nikolay.bulgakov/Documents/Work/bot-new/bybit-bot-clean-v28/backtest_runs/portfolio_20260701_120912_sfv3_robust_gate_20260701_v2_f04_train_c031_20260701_073903/summary.csv,LINKUSDT,sfv3_robust_gate_20260701_v2_f04_train_c031_20260701_073903,17,0.294
0.50,0.55,5.0,0.40,0.8,-0.4315,0.4315,32,,240,2026-04-01,100.00,next_open,6.0000,4,1.4336,0.00,0,train,1.000,,2.0000,100.00,spike_fade_v3,,/Users/nikolay.bulgakov/Documents/Work/bot-new/bybit-bot-clean-v28/backtest_runs/portfolio_20260701_120955_sfv3_robust_gate_20260701_v2_f04_train_c032_20260701_073903/summary.csv,LINKUSDT,sfv3_robust_gate_20260701_v2_f04_train_c032_20260701_073903,14,0.500
0.35,0.50,4.0,0.40,0.8,0.0000,0.4292,selected,,90,2026-06-30,100.86,next_open,6.0000,4,0.0180,0.86,0,oos,inf,sfv3_robust_gate_20260701_v2_f04_train_c006_20260701_073903,2.0000,100.00,spike_fade_v3,,/Users/nikolay.bulgakov/Documents/Work/bot-new/bybit-bot-clean-v28/backtest_runs/portfolio_20260701_121039_sfv3_robust_gate_20260701_v2_f04_oos_20260701_073903/summary.csv,LINKUSDT,sfv3_robust_gate_20260701_v2_f04_oos_20260701_073903,2,1.000
0.35,0.50,4.0,0.40,0.8,0.0000,0.3995,selected,,90,2026-06-30,100.80,next_open,10.0000,4,0.0300,0.80,0,stress,inf,,5.0000,100.00,spike_fade_v3,10:5,/Users/nikolay.bulgakov/Documents/Work/bot-new/bybit-bot-clean-v28/backtest_runs/portfolio_20260701_121052_sfv3_robust_gate_20260701_v2_f04_stress_10_5_20260701_073903/summary.csv,LINKUSDT,sfv3_robust_gate_20260701_v2_f04_stress_10_5_20260701_073903,2,1.000
0.35,0.50,4.0,0.40,0.8,0.0000,0.3785,selected,,90,2026-06-30,100.76,next_open,12.0000,4,0.0360,0.76,0,stress,inf,,8.0000,100.00,spike_fade_v3,12:8,/Users/nikolay.bulgakov/Documents/Work/bot-new/bybit-bot-clean-v28/backtest_runs/portfolio_20260701_121105_sfv3_robust_gate_20260701_v2_f04_stress_12_8_20260701_073903/summary.csv,LINKUSDT,sfv3_robust_gate_20260701_v2_f04_stress_12_8_20260701_073903,2,1.000
0.35,0.50,4.0,0.40,0.8,0.0000,0.6992,selected,SOLUSDT,90,2026-06-30,100.70,next_open,6.0000,4,0.0118,0.70,0,cross,inf,,2.0000,100.00,spike_fade_v3,,/Users/nikolay.bulgakov/Documents/Work/bot-new/bybit-bot-clean-v28/backtest_runs/portfolio_20260701_121118_sfv3_robust_gate_20260701_v2_f04_cross_SOLUSDT_20260701_073903/summary.csv,SOLUSDT,sfv3_robust_gate_20260701_v2_f04_cross_SOLUSDT_20260701_073903,1,1.000
0.35,0.50,4.0,0.40,0.8,-0.2657,0.5669,selected,SUIUSDT,90,2026-06-30,101.47,next_open,6.0000,4,0.4678,1.47,0,cross,2.845,,2.0000,100.00,spike_fade_v3,,/Users/nikolay.bulgakov/Documents/Work/bot-new/bybit-bot-clean-v28/backtest_runs/portfolio_20260701_121130_sfv3_robust_gate_20260701_v2_f04_cross_SUIUSDT_20260701_073903/summary.csv,SUIUSDT,sfv3_robust_gate_20260701_v2_f04_cross_SUIUSDT_20260701_073903,7,0.571
0.35,0.50,4.0,0.40,0.8,0.0000,0.5709,selected,DOGEUSDT,90,2026-06-30,100.57,next_open,6.0000,4,0.0180,0.57,0,cross,inf,,2.0000,100.00,spike_fade_v3,,/Users/nikolay.bulgakov/Documents/Work/bot-new/bybit-bot-clean-v28/backtest_runs/portfolio_20260701_121143_sfv3_robust_gate_20260701_v2_f04_cross_DOGEUSDT_20260701_073903/summary.csv,DOGEUSDT,sfv3_robust_gate_20260701_v2_f04_cross_DOGEUSDT_20260701_073903,1,1.000
0.35,0.50,4.0,0.40,0.8,0.0000,0.2553,selected,ADAUSDT,90,2026-06-30,100.51,next_open,6.0000,4,0.0211,0.51,0,cross,inf,,2.0000,100.00,spike_fade_v3,,/Users/nikolay.bulgakov/Documents/Work/bot-new/bybit-bot-clean-v28/backtest_runs/portfolio_20260701_121156_sfv3_robust_gate_20260701_v2_f04_cross_ADAUSDT_20260701_073903/summary.csv,ADAUSDT,sfv3_robust_gate_20260701_v2_f04_cross_ADAUSDT_20260701_073903,2,1.000
