entry_ts,exit_ts,r,side,symbol,setup,tp_rr,sl_atr,max_hold
1702569600.0,1702627200.0,1.3252,short,EURUSD,round_level_sweep,1.5,1.0,48
1703541600.0,1703559600.0,1.1624,long,EURUSD,round_level_sweep,1.5,1.0,48
1728374400.0,1728385200.0,1.0155,short,EURUSD,round_level_sweep,1.5,1.0,48
1702569600.0,1702627200.0,1.3252,short,EURUSD,round_level_sweep,1.5,1.0,96
1703541600.0,1703559600.0,1.1624,long,EURUSD,round_level_sweep,1.5,1.0,96
1728374400.0,1728385200.0,1.0155,short,EURUSD,round_level_sweep,1.5,1.0,96
1702569600.0,1702627200.0,1.3252,short,EURUSD,round_level_sweep,1.5,1.0,168
1703541600.0,1703559600.0,1.1624,long,EURUSD,round_level_sweep,1.5,1.0,168
1728374400.0,1728385200.0,1.0155,short,EURUSD,round_level_sweep,1.5,1.0,168
1702569600.0,1702627200.0,1.3655,short,EURUSD,round_level_sweep,1.5,1.3,48
1703541600.0,1703606400.0,1.2403,long,EURUSD,round_level_sweep,1.5,1.3,48
1728374400.0,1728385200.0,1.1273,short,EURUSD,round_level_sweep,1.5,1.3,48
1702569600.0,1702627200.0,1.3655,short,EURUSD,round_level_sweep,1.5,1.3,96
1703541600.0,1703606400.0,1.2403,long,EURUSD,round_level_sweep,1.5,1.3,96
1728374400.0,1728385200.0,1.1273,short,EURUSD,round_level_sweep,1.5,1.3,96
1702569600.0,1702627200.0,1.3655,short,EURUSD,round_level_sweep,1.5,1.3,168
1703541600.0,1703606400.0,1.2403,long,EURUSD,round_level_sweep,1.5,1.3,168
1728374400.0,1728385200.0,1.1273,short,EURUSD,round_level_sweep,1.5,1.3,168
1702569600.0,1702627200.0,1.3907,short,EURUSD,round_level_sweep,1.5,1.6,48
1703541600.0,1703613600.0,1.289,long,EURUSD,round_level_sweep,1.5,1.6,48
1728374400.0,1728388800.0,1.1972,short,EURUSD,round_level_sweep,1.5,1.6,48
1702569600.0,1702627200.0,1.3907,short,EURUSD,round_level_sweep,1.5,1.6,96
1703541600.0,1703613600.0,1.289,long,EURUSD,round_level_sweep,1.5,1.6,96
1728374400.0,1728388800.0,1.1972,short,EURUSD,round_level_sweep,1.5,1.6,96
1702569600.0,1702627200.0,1.3907,short,EURUSD,round_level_sweep,1.5,1.6,168
1703541600.0,1703613600.0,1.289,long,EURUSD,round_level_sweep,1.5,1.6,168
1728374400.0,1728388800.0,1.1972,short,EURUSD,round_level_sweep,1.5,1.6,168
1702569600.0,1702627200.0,1.8252,short,EURUSD,round_level_sweep,2.0,1.0,48
1703541600.0,1703606400.0,1.6624,long,EURUSD,round_level_sweep,2.0,1.0,48
1728374400.0,1728385200.0,1.5155,short,EURUSD,round_level_sweep,2.0,1.0,48
1702569600.0,1702627200.0,1.8252,short,EURUSD,round_level_sweep,2.0,1.0,96
1703541600.0,1703606400.0,1.6624,long,EURUSD,round_level_sweep,2.0,1.0,96
1728374400.0,1728385200.0,1.5155,short,EURUSD,round_level_sweep,2.0,1.0,96
1702569600.0,1702627200.0,1.8252,short,EURUSD,round_level_sweep,2.0,1.0,168
1703541600.0,1703606400.0,1.6624,long,EURUSD,round_level_sweep,2.0,1.0,168
1728374400.0,1728385200.0,1.5155,short,EURUSD,round_level_sweep,2.0,1.0,168
1702569600.0,1702641600.0,1.8655,short,EURUSD,round_level_sweep,2.0,1.3,48
1703541600.0,1703613600.0,1.7403,long,EURUSD,round_level_sweep,2.0,1.3,48
1728374400.0,1728388800.0,1.6273,short,EURUSD,round_level_sweep,2.0,1.3,48
1702569600.0,1702641600.0,1.8655,short,EURUSD,round_level_sweep,2.0,1.3,96
1703541600.0,1703613600.0,1.7403,long,EURUSD,round_level_sweep,2.0,1.3,96
1728374400.0,1728388800.0,1.6273,short,EURUSD,round_level_sweep,2.0,1.3,96
1702569600.0,1702641600.0,1.8655,short,EURUSD,round_level_sweep,2.0,1.3,168
1703541600.0,1703613600.0,1.7403,long,EURUSD,round_level_sweep,2.0,1.3,168
1728374400.0,1728388800.0,1.6273,short,EURUSD,round_level_sweep,2.0,1.3,168
1702569600.0,1702645200.0,1.8907,short,EURUSD,round_level_sweep,2.0,1.6,48
1703541600.0,1703620800.0,1.789,long,EURUSD,round_level_sweep,2.0,1.6,48
1728374400.0,1728396000.0,1.6972,short,EURUSD,round_level_sweep,2.0,1.6,48
1702569600.0,1702645200.0,1.8907,short,EURUSD,round_level_sweep,2.0,1.6,96
1703541600.0,1703620800.0,1.789,long,EURUSD,round_level_sweep,2.0,1.6,96
1728374400.0,1728396000.0,1.6972,short,EURUSD,round_level_sweep,2.0,1.6,96
1702569600.0,1702645200.0,1.8907,short,EURUSD,round_level_sweep,2.0,1.6,168
1703541600.0,1703620800.0,1.789,long,EURUSD,round_level_sweep,2.0,1.6,168
1728374400.0,1728396000.0,1.6972,short,EURUSD,round_level_sweep,2.0,1.6,168
1702569600.0,1702641600.0,2.3252,short,EURUSD,round_level_sweep,2.5,1.0,48
1703541600.0,1703613600.0,2.1624,long,EURUSD,round_level_sweep,2.5,1.0,48
1728374400.0,1728388800.0,2.0155,short,EURUSD,round_level_sweep,2.5,1.0,48
1702569600.0,1702641600.0,2.3252,short,EURUSD,round_level_sweep,2.5,1.0,96
1703541600.0,1703613600.0,2.1624,long,EURUSD,round_level_sweep,2.5,1.0,96
1728374400.0,1728388800.0,2.0155,short,EURUSD,round_level_sweep,2.5,1.0,96
1702569600.0,1702641600.0,2.3252,short,EURUSD,round_level_sweep,2.5,1.0,168
1703541600.0,1703613600.0,2.1624,long,EURUSD,round_level_sweep,2.5,1.0,168
1728374400.0,1728388800.0,2.0155,short,EURUSD,round_level_sweep,2.5,1.0,168
1702569600.0,1702645200.0,2.3655,short,EURUSD,round_level_sweep,2.5,1.3,48
1703541600.0,1703628000.0,2.2403,long,EURUSD,round_level_sweep,2.5,1.3,48
1728374400.0,1728396000.0,2.1273,short,EURUSD,round_level_sweep,2.5,1.3,48
1702569600.0,1702645200.0,2.3655,short,EURUSD,round_level_sweep,2.5,1.3,96
1703541600.0,1703628000.0,2.2403,long,EURUSD,round_level_sweep,2.5,1.3,96
1728374400.0,1728396000.0,2.1273,short,EURUSD,round_level_sweep,2.5,1.3,96
1702569600.0,1702645200.0,2.3655,short,EURUSD,round_level_sweep,2.5,1.3,168
1703541600.0,1703628000.0,2.2403,long,EURUSD,round_level_sweep,2.5,1.3,168
1728374400.0,1728396000.0,2.1273,short,EURUSD,round_level_sweep,2.5,1.3,168
1702569600.0,1702645200.0,2.3907,short,EURUSD,round_level_sweep,2.5,1.6,48
1703541600.0,1703664000.0,2.289,long,EURUSD,round_level_sweep,2.5,1.6,48
1728374400.0,1728399600.0,2.1972,short,EURUSD,round_level_sweep,2.5,1.6,48
1702569600.0,1702645200.0,2.3907,short,EURUSD,round_level_sweep,2.5,1.6,96
1703541600.0,1703664000.0,2.289,long,EURUSD,round_level_sweep,2.5,1.6,96
1728374400.0,1728399600.0,2.1972,short,EURUSD,round_level_sweep,2.5,1.6,96
1702569600.0,1702645200.0,2.3907,short,EURUSD,round_level_sweep,2.5,1.6,168
1703541600.0,1703664000.0,2.289,long,EURUSD,round_level_sweep,2.5,1.6,168
1728374400.0,1728399600.0,2.1972,short,EURUSD,round_level_sweep,2.5,1.6,168
1724133600.0,1724137200.0,-1.527,short,GBPUSD,round_level_sweep,1.5,1.0,48
1724140800.0,1724144400.0,-1.4737,short,GBPUSD,round_level_sweep,1.5,1.0,48
1729861200.0,1729872000.0,1.0662,short,GBPUSD,round_level_sweep,1.5,1.0,48
1730124000.0,1730134800.0,1.185,short,GBPUSD,round_level_sweep,1.5,1.0,48
1730214000.0,1730246400.0,-1.301,short,GBPUSD,round_level_sweep,1.5,1.0,48
1730804400.0,1730815200.0,-1.4438,short,GBPUSD,round_level_sweep,1.5,1.0,48
1742284800.0,1742288400.0,1.0043,short,GBPUSD,round_level_sweep,1.5,1.0,48
1742317200.0,1742364000.0,1.2641,short,GBPUSD,round_level_sweep,1.5,1.0,48
1724133600.0,1724137200.0,-1.527,short,GBPUSD,round_level_sweep,1.5,1.0,96
1724140800.0,1724144400.0,-1.4737,short,GBPUSD,round_level_sweep,1.5,1.0,96
1729861200.0,1729872000.0,1.0662,short,GBPUSD,round_level_sweep,1.5,1.0,96
1730124000.0,1730134800.0,1.185,short,GBPUSD,round_level_sweep,1.5,1.0,96
1730214000.0,1730246400.0,-1.301,short,GBPUSD,round_level_sweep,1.5,1.0,96
1730804400.0,1730815200.0,-1.4438,short,GBPUSD,round_level_sweep,1.5,1.0,96
1742284800.0,1742288400.0,1.0043,short,GBPUSD,round_level_sweep,1.5,1.0,96
1742317200.0,1742364000.0,1.2641,short,GBPUSD,round_level_sweep,1.5,1.0,96
1724133600.0,1724137200.0,-1.527,short,GBPUSD,round_level_sweep,1.5,1.0,168
1724140800.0,1724144400.0,-1.4737,short,GBPUSD,round_level_sweep,1.5,1.0,168
1729861200.0,1729872000.0,1.0662,short,GBPUSD,round_level_sweep,1.5,1.0,168
1730124000.0,1730134800.0,1.185,short,GBPUSD,round_level_sweep,1.5,1.0,168
1730214000.0,1730246400.0,-1.301,short,GBPUSD,round_level_sweep,1.5,1.0,168
1730804400.0,1730815200.0,-1.4438,short,GBPUSD,round_level_sweep,1.5,1.0,168
1742284800.0,1742288400.0,1.0043,short,GBPUSD,round_level_sweep,1.5,1.0,168
1742317200.0,1742364000.0,1.2641,short,GBPUSD,round_level_sweep,1.5,1.0,168
1724133600.0,1724140800.0,-1.4054,short,GBPUSD,round_level_sweep,1.5,1.3,48
1729861200.0,1729872000.0,1.1663,short,GBPUSD,round_level_sweep,1.5,1.3,48
1730124000.0,1730138400.0,1.2577,short,GBPUSD,round_level_sweep,1.5,1.3,48
1730214000.0,1730275200.0,-1.2315,short,GBPUSD,round_level_sweep,1.5,1.3,48
1730804400.0,1730815200.0,-1.3414,short,GBPUSD,round_level_sweep,1.5,1.3,48
1742284800.0,1742295600.0,1.1187,short,GBPUSD,round_level_sweep,1.5,1.3,48
1742317200.0,1742367600.0,1.3185,short,GBPUSD,round_level_sweep,1.5,1.3,48
1724133600.0,1724140800.0,-1.4054,short,GBPUSD,round_level_sweep,1.5,1.3,96
1729861200.0,1729872000.0,1.1663,short,GBPUSD,round_level_sweep,1.5,1.3,96
1730124000.0,1730138400.0,1.2577,short,GBPUSD,round_level_sweep,1.5,1.3,96
1730214000.0,1730275200.0,-1.2315,short,GBPUSD,round_level_sweep,1.5,1.3,96
1730804400.0,1730815200.0,-1.3414,short,GBPUSD,round_level_sweep,1.5,1.3,96
1742284800.0,1742295600.0,1.1187,short,GBPUSD,round_level_sweep,1.5,1.3,96
1742317200.0,1742367600.0,1.3185,short,GBPUSD,round_level_sweep,1.5,1.3,96
1724133600.0,1724140800.0,-1.4054,short,GBPUSD,round_level_sweep,1.5,1.3,168
1729861200.0,1729872000.0,1.1663,short,GBPUSD,round_level_sweep,1.5,1.3,168
1730124000.0,1730138400.0,1.2577,short,GBPUSD,round_level_sweep,1.5,1.3,168
1730214000.0,1730275200.0,-1.2315,short,GBPUSD,round_level_sweep,1.5,1.3,168
1730804400.0,1730815200.0,-1.3414,short,GBPUSD,round_level_sweep,1.5,1.3,168
1742284800.0,1742295600.0,1.1187,short,GBPUSD,round_level_sweep,1.5,1.3,168
1742317200.0,1742367600.0,1.3185,short,GBPUSD,round_level_sweep,1.5,1.3,168
1724133600.0,1724140800.0,-1.3294,short,GBPUSD,round_level_sweep,1.5,1.6,48
1729861200.0,1729879200.0,1.2289,short,GBPUSD,round_level_sweep,1.5,1.6,48
1730124000.0,1730170800.0,1.3031,short,GBPUSD,round_level_sweep,1.5,1.6,48
1730214000.0,1730275200.0,-1.1881,short,GBPUSD,round_level_sweep,1.5,1.6,48
1730804400.0,1730815200.0,-1.2774,short,GBPUSD,round_level_sweep,1.5,1.6,48
1742284800.0,1742295600.0,1.1902,short,GBPUSD,round_level_sweep,1.5,1.6,48
1742317200.0,1742367600.0,1.3525,short,GBPUSD,round_level_sweep,1.5,1.6,48
1724133600.0,1724140800.0,-1.3294,short,GBPUSD,round_level_sweep,1.5,1.6,96
1729861200.0,1729879200.0,1.2289,short,GBPUSD,round_level_sweep,1.5,1.6,96
1730124000.0,1730170800.0,1.3031,short,GBPUSD,round_level_sweep,1.5,1.6,96
1730214000.0,1730275200.0,-1.1881,short,GBPUSD,round_level_sweep,1.5,1.6,96
1730804400.0,1730815200.0,-1.2774,short,GBPUSD,round_level_sweep,1.5,1.6,96
1742284800.0,1742295600.0,1.1902,short,GBPUSD,round_level_sweep,1.5,1.6,96
1742317200.0,1742367600.0,1.3525,short,GBPUSD,round_level_sweep,1.5,1.6,96
1724133600.0,1724140800.0,-1.3294,short,GBPUSD,round_level_sweep,1.5,1.6,168
1729861200.0,1729879200.0,1.2289,short,GBPUSD,round_level_sweep,1.5,1.6,168
1730124000.0,1730170800.0,1.3031,short,GBPUSD,round_level_sweep,1.5,1.6,168
1730214000.0,1730275200.0,-1.1881,short,GBPUSD,round_level_sweep,1.5,1.6,168
1730804400.0,1730815200.0,-1.2774,short,GBPUSD,round_level_sweep,1.5,1.6,168
1742284800.0,1742295600.0,1.1902,short,GBPUSD,round_level_sweep,1.5,1.6,168
1742317200.0,1742367600.0,1.3525,short,GBPUSD,round_level_sweep,1.5,1.6,168
1724133600.0,1724137200.0,-1.527,short,GBPUSD,round_level_sweep,2.0,1.0,48
1724140800.0,1724144400.0,-1.4737,short,GBPUSD,round_level_sweep,2.0,1.0,48
1729861200.0,1729875600.0,1.5662,short,GBPUSD,round_level_sweep,2.0,1.0,48
1730124000.0,1730138400.0,1.685,short,GBPUSD,round_level_sweep,2.0,1.0,48
1730214000.0,1730246400.0,-1.301,short,GBPUSD,round_level_sweep,2.0,1.0,48
1730804400.0,1730815200.0,-1.4438,short,GBPUSD,round_level_sweep,2.0,1.0,48
1742284800.0,1742295600.0,1.5043,short,GBPUSD,round_level_sweep,2.0,1.0,48
1742317200.0,1742367600.0,1.7641,short,GBPUSD,round_level_sweep,2.0,1.0,48
1724133600.0,1724137200.0,-1.527,short,GBPUSD,round_level_sweep,2.0,1.0,96
1724140800.0,1724144400.0,-1.4737,short,GBPUSD,round_level_sweep,2.0,1.0,96
1729861200.0,1729875600.0,1.5662,short,GBPUSD,round_level_sweep,2.0,1.0,96
1730124000.0,1730138400.0,1.685,short,GBPUSD,round_level_sweep,2.0,1.0,96
1730214000.0,1730246400.0,-1.301,short,GBPUSD,round_level_sweep,2.0,1.0,96
1730804400.0,1730815200.0,-1.4438,short,GBPUSD,round_level_sweep,2.0,1.0,96
1742284800.0,1742295600.0,1.5043,short,GBPUSD,round_level_sweep,2.0,1.0,96
1742317200.0,1742367600.0,1.7641,short,GBPUSD,round_level_sweep,2.0,1.0,96
1724133600.0,1724137200.0,-1.527,short,GBPUSD,round_level_sweep,2.0,1.0,168
1724140800.0,1724144400.0,-1.4737,short,GBPUSD,round_level_sweep,2.0,1.0,168
1729861200.0,1729875600.0,1.5662,short,GBPUSD,round_level_sweep,2.0,1.0,168
1730124000.0,1730138400.0,1.685,short,GBPUSD,round_level_sweep,2.0,1.0,168
1730214000.0,1730246400.0,-1.301,short,GBPUSD,round_level_sweep,2.0,1.0,168
1730804400.0,1730815200.0,-1.4438,short,GBPUSD,round_level_sweep,2.0,1.0,168
1742284800.0,1742295600.0,1.5043,short,GBPUSD,round_level_sweep,2.0,1.0,168
1742317200.0,1742367600.0,1.7641,short,GBPUSD,round_level_sweep,2.0,1.0,168
1724133600.0,1724140800.0,-1.4054,short,GBPUSD,round_level_sweep,2.0,1.3,48
1729861200.0,1729879200.0,1.6663,short,GBPUSD,round_level_sweep,2.0,1.3,48
1730124000.0,1730170800.0,1.7577,short,GBPUSD,round_level_sweep,2.0,1.3,48
1730214000.0,1730275200.0,-1.2315,short,GBPUSD,round_level_sweep,2.0,1.3,48
1730804400.0,1730815200.0,-1.3414,short,GBPUSD,round_level_sweep,2.0,1.3,48
1742284800.0,1742295600.0,1.6187,short,GBPUSD,round_level_sweep,2.0,1.3,48
1742317200.0,1742367600.0,1.8185,short,GBPUSD,round_level_sweep,2.0,1.3,48
1724133600.0,1724140800.0,-1.4054,short,GBPUSD,round_level_sweep,2.0,1.3,96
1729861200.0,1729879200.0,1.6663,short,GBPUSD,round_level_sweep,2.0,1.3,96
1730124000.0,1730170800.0,1.7577,short,GBPUSD,round_level_sweep,2.0,1.3,96
1730214000.0,1730275200.0,-1.2315,short,GBPUSD,round_level_sweep,2.0,1.3,96
1730804400.0,1730815200.0,-1.3414,short,GBPUSD,round_level_sweep,2.0,1.3,96
1742284800.0,1742295600.0,1.6187,short,GBPUSD,round_level_sweep,2.0,1.3,96
1742317200.0,1742367600.0,1.8185,short,GBPUSD,round_level_sweep,2.0,1.3,96
1724133600.0,1724140800.0,-1.4054,short,GBPUSD,round_level_sweep,2.0,1.3,168
1729861200.0,1729879200.0,1.6663,short,GBPUSD,round_level_sweep,2.0,1.3,168
1730124000.0,1730170800.0,1.7577,short,GBPUSD,round_level_sweep,2.0,1.3,168
1730214000.0,1730275200.0,-1.2315,short,GBPUSD,round_level_sweep,2.0,1.3,168
1730804400.0,1730815200.0,-1.3414,short,GBPUSD,round_level_sweep,2.0,1.3,168
1742284800.0,1742295600.0,1.6187,short,GBPUSD,round_level_sweep,2.0,1.3,168
1742317200.0,1742367600.0,1.8185,short,GBPUSD,round_level_sweep,2.0,1.3,168
1724133600.0,1724140800.0,-1.3294,short,GBPUSD,round_level_sweep,2.0,1.6,48
1729861200.0,1729882800.0,1.7289,short,GBPUSD,round_level_sweep,2.0,1.6,48
1730124000.0,1730232000.0,-1.1969,short,GBPUSD,round_level_sweep,2.0,1.6,48
1730804400.0,1730815200.0,-1.2774,short,GBPUSD,round_level_sweep,2.0,1.6,48
1742284800.0,1742295600.0,1.6902,short,GBPUSD,round_level_sweep,2.0,1.6,48
1742317200.0,1742461200.0,1.8525,short,GBPUSD,round_level_sweep,2.0,1.6,48
1724133600.0,1724140800.0,-1.3294,short,GBPUSD,round_level_sweep,2.0,1.6,96
1729861200.0,1729882800.0,1.7289,short,GBPUSD,round_level_sweep,2.0,1.6,96
1730124000.0,1730232000.0,-1.1969,short,GBPUSD,round_level_sweep,2.0,1.6,96
1730804400.0,1730815200.0,-1.2774,short,GBPUSD,round_level_sweep,2.0,1.6,96
1742284800.0,1742295600.0,1.6902,short,GBPUSD,round_level_sweep,2.0,1.6,96
1742317200.0,1742461200.0,1.8525,short,GBPUSD,round_level_sweep,2.0,1.6,96
1724133600.0,1724140800.0,-1.3294,short,GBPUSD,round_level_sweep,2.0,1.6,168
1729861200.0,1729882800.0,1.7289,short,GBPUSD,round_level_sweep,2.0,1.6,168
1730124000.0,1730232000.0,-1.1969,short,GBPUSD,round_level_sweep,2.0,1.6,168
1730804400.0,1730815200.0,-1.2774,short,GBPUSD,round_level_sweep,2.0,1.6,168
1742284800.0,1742295600.0,1.6902,short,GBPUSD,round_level_sweep,2.0,1.6,168
1742317200.0,1742461200.0,1.8525,short,GBPUSD,round_level_sweep,2.0,1.6,168
1724133600.0,1724137200.0,-1.527,short,GBPUSD,round_level_sweep,2.5,1.0,48
1724140800.0,1724144400.0,-1.4737,short,GBPUSD,round_level_sweep,2.5,1.0,48
1729861200.0,1729879200.0,2.0662,short,GBPUSD,round_level_sweep,2.5,1.0,48
1730124000.0,1730170800.0,2.185,short,GBPUSD,round_level_sweep,2.5,1.0,48
1730214000.0,1730246400.0,-1.301,short,GBPUSD,round_level_sweep,2.5,1.0,48
1730804400.0,1730815200.0,-1.4438,short,GBPUSD,round_level_sweep,2.5,1.0,48
1742284800.0,1742295600.0,2.0043,short,GBPUSD,round_level_sweep,2.5,1.0,48
1742317200.0,1742367600.0,2.2641,short,GBPUSD,round_level_sweep,2.5,1.0,48
1724133600.0,1724137200.0,-1.527,short,GBPUSD,round_level_sweep,2.5,1.0,96
1724140800.0,1724144400.0,-1.4737,short,GBPUSD,round_level_sweep,2.5,1.0,96
1729861200.0,1729879200.0,2.0662,short,GBPUSD,round_level_sweep,2.5,1.0,96
1730124000.0,1730170800.0,2.185,short,GBPUSD,round_level_sweep,2.5,1.0,96
1730214000.0,1730246400.0,-1.301,short,GBPUSD,round_level_sweep,2.5,1.0,96
1730804400.0,1730815200.0,-1.4438,short,GBPUSD,round_level_sweep,2.5,1.0,96
1742284800.0,1742295600.0,2.0043,short,GBPUSD,round_level_sweep,2.5,1.0,96
1742317200.0,1742367600.0,2.2641,short,GBPUSD,round_level_sweep,2.5,1.0,96
1724133600.0,1724137200.0,-1.527,short,GBPUSD,round_level_sweep,2.5,1.0,168
1724140800.0,1724144400.0,-1.4737,short,GBPUSD,round_level_sweep,2.5,1.0,168
1729861200.0,1729879200.0,2.0662,short,GBPUSD,round_level_sweep,2.5,1.0,168
1730124000.0,1730170800.0,2.185,short,GBPUSD,round_level_sweep,2.5,1.0,168
1730214000.0,1730246400.0,-1.301,short,GBPUSD,round_level_sweep,2.5,1.0,168
1730804400.0,1730815200.0,-1.4438,short,GBPUSD,round_level_sweep,2.5,1.0,168
1742284800.0,1742295600.0,2.0043,short,GBPUSD,round_level_sweep,2.5,1.0,168
1742317200.0,1742367600.0,2.2641,short,GBPUSD,round_level_sweep,2.5,1.0,168
1724133600.0,1724140800.0,-1.4054,short,GBPUSD,round_level_sweep,2.5,1.3,48
1729861200.0,1729882800.0,2.1663,short,GBPUSD,round_level_sweep,2.5,1.3,48
1730124000.0,1730232000.0,-1.2423,short,GBPUSD,round_level_sweep,2.5,1.3,48
1730804400.0,1730815200.0,-1.3414,short,GBPUSD,round_level_sweep,2.5,1.3,48
1742284800.0,1742295600.0,2.1187,short,GBPUSD,round_level_sweep,2.5,1.3,48
1742317200.0,1742461200.0,2.3185,short,GBPUSD,round_level_sweep,2.5,1.3,48
1724133600.0,1724140800.0,-1.4054,short,GBPUSD,round_level_sweep,2.5,1.3,96
1729861200.0,1729882800.0,2.1663,short,GBPUSD,round_level_sweep,2.5,1.3,96
1730124000.0,1730232000.0,-1.2423,short,GBPUSD,round_level_sweep,2.5,1.3,96
1730804400.0,1730815200.0,-1.3414,short,GBPUSD,round_level_sweep,2.5,1.3,96
1742284800.0,1742295600.0,2.1187,short,GBPUSD,round_level_sweep,2.5,1.3,96
1742317200.0,1742461200.0,2.3185,short,GBPUSD,round_level_sweep,2.5,1.3,96
1724133600.0,1724140800.0,-1.4054,short,GBPUSD,round_level_sweep,2.5,1.3,168
1729861200.0,1729882800.0,2.1663,short,GBPUSD,round_level_sweep,2.5,1.3,168
1730124000.0,1730232000.0,-1.2423,short,GBPUSD,round_level_sweep,2.5,1.3,168
1730804400.0,1730815200.0,-1.3414,short,GBPUSD,round_level_sweep,2.5,1.3,168
1742284800.0,1742295600.0,2.1187,short,GBPUSD,round_level_sweep,2.5,1.3,168
1742317200.0,1742461200.0,2.3185,short,GBPUSD,round_level_sweep,2.5,1.3,168
1724133600.0,1724140800.0,-1.3294,short,GBPUSD,round_level_sweep,2.5,1.6,48
1729861200.0,1730073600.0,2.2289,short,GBPUSD,round_level_sweep,2.5,1.6,48
1730124000.0,1730232000.0,-1.1969,short,GBPUSD,round_level_sweep,2.5,1.6,48
1730804400.0,1730815200.0,-1.2774,short,GBPUSD,round_level_sweep,2.5,1.6,48
1742284800.0,1742295600.0,2.1902,short,GBPUSD,round_level_sweep,2.5,1.6,48
1742317200.0,1742464800.0,2.3525,short,GBPUSD,round_level_sweep,2.5,1.6,48
1724133600.0,1724140800.0,-1.3294,short,GBPUSD,round_level_sweep,2.5,1.6,96
1729861200.0,1730073600.0,2.2289,short,GBPUSD,round_level_sweep,2.5,1.6,96
1730124000.0,1730232000.0,-1.1969,short,GBPUSD,round_level_sweep,2.5,1.6,96
1730804400.0,1730815200.0,-1.2774,short,GBPUSD,round_level_sweep,2.5,1.6,96
1742284800.0,1742295600.0,2.1902,short,GBPUSD,round_level_sweep,2.5,1.6,96
1742317200.0,1742464800.0,2.3525,short,GBPUSD,round_level_sweep,2.5,1.6,96
1724133600.0,1724140800.0,-1.3294,short,GBPUSD,round_level_sweep,2.5,1.6,168
1729861200.0,1730073600.0,2.2289,short,GBPUSD,round_level_sweep,2.5,1.6,168
1730124000.0,1730232000.0,-1.1969,short,GBPUSD,round_level_sweep,2.5,1.6,168
1730804400.0,1730815200.0,-1.2774,short,GBPUSD,round_level_sweep,2.5,1.6,168
1742284800.0,1742295600.0,2.1902,short,GBPUSD,round_level_sweep,2.5,1.6,168
1742317200.0,1742464800.0,2.3525,short,GBPUSD,round_level_sweep,2.5,1.6,168
1696341600.0,1696464000.0,1.3494,short,USDJPY,round_level_sweep,1.5,1.0,48
1697731200.0,1697738400.0,-1.4534,short,USDJPY,round_level_sweep,1.5,1.0,48
1697788800.0,1697814000.0,1.044,short,USDJPY,round_level_sweep,1.5,1.0,48
1698246000.0,1698253200.0,-1.834,short,USDJPY,round_level_sweep,1.5,1.0,48
1698930000.0,1699012800.0,-1.1995,long,USDJPY,round_level_sweep,1.5,1.0,48
1707980400.0,1707984000.0,-1.3109,long,USDJPY,round_level_sweep,1.5,1.0,48
1707987600.0,1708002000.0,-1.2943,long,USDJPY,round_level_sweep,1.5,1.0,48
1708304400.0,1708383600.0,1.2382,long,USDJPY,round_level_sweep,1.5,1.0,48
1708430400.0,1708434000.0,-1.3549,long,USDJPY,round_level_sweep,1.5,1.0,48
1709647200.0,1709650800.0,-1.3902,long,USDJPY,round_level_sweep,1.5,1.0,48
1719187200.0,1719223200.0,1.248,short,USDJPY,round_level_sweep,1.5,1.0,48
1722427200.0,1722470400.0,-1.0489,long,USDJPY,round_level_sweep,1.5,1.0,48
1726459200.0,1726466400.0,-1.1647,long,USDJPY,round_level_sweep,1.5,1.0,48
1728932400.0,1728950400.0,1.2076,short,USDJPY,round_level_sweep,1.5,1.0,48
1740034800.0,1740056400.0,-1.1661,long,USDJPY,round_level_sweep,1.5,1.0,48
1740664800.0,1740668400.0,-1.1511,short,USDJPY,round_level_sweep,1.5,1.0,48
1740992400.0,1740996000.0,1.3289,long,USDJPY,round_level_sweep,1.5,1.0,48
1742364000.0,1742367600.0,1.3113,short,USDJPY,round_level_sweep,1.5,1.0,48
1743573600.0,1743584400.0,1.2579,short,USDJPY,round_level_sweep,1.5,1.0,48
1743606000.0,1743609600.0,-1.1869,short,USDJPY,round_level_sweep,1.5,1.0,48
1753956000.0,1753963200.0,-1.1439,short,USDJPY,round_level_sweep,1.5,1.0,48
1758841200.0,1758891600.0,1.2769,short,USDJPY,round_level_sweep,1.5,1.0,48
1774918800.0,1774933200.0,1.2297,short,USDJPY,round_level_sweep,1.5,1.0,48
1775574000.0,1775588400.0,1.2202,short,USDJPY,round_level_sweep,1.5,1.0,48
1780423200.0,1780437600.0,-1.6909,short,USDJPY,round_level_sweep,1.5,1.0,48
1780441200.0,1780448400.0,0.8957,short,USDJPY,round_level_sweep,1.5,1.0,48
1780502400.0,1780545600.0,1.1814,short,USDJPY,round_level_sweep,1.5,1.0,48
1780603200.0,1780621200.0,0.8868,short,USDJPY,round_level_sweep,1.5,1.0,48
1781200800.0,1781204400.0,-1.3985,long,USDJPY,round_level_sweep,1.5,1.0,48
1781478000.0,1781481600.0,1.0878,long,USDJPY,round_level_sweep,1.5,1.0,48
1696341600.0,1696464000.0,1.3494,short,USDJPY,round_level_sweep,1.5,1.0,96
1697731200.0,1697738400.0,-1.4534,short,USDJPY,round_level_sweep,1.5,1.0,96
1697788800.0,1697814000.0,1.044,short,USDJPY,round_level_sweep,1.5,1.0,96
1698246000.0,1698253200.0,-1.834,short,USDJPY,round_level_sweep,1.5,1.0,96
1698930000.0,1699012800.0,-1.1995,long,USDJPY,round_level_sweep,1.5,1.0,96
1707980400.0,1707984000.0,-1.3109,long,USDJPY,round_level_sweep,1.5,1.0,96
1707987600.0,1708002000.0,-1.2943,long,USDJPY,round_level_sweep,1.5,1.0,96
1708304400.0,1708383600.0,1.2382,long,USDJPY,round_level_sweep,1.5,1.0,96
1708430400.0,1708434000.0,-1.3549,long,USDJPY,round_level_sweep,1.5,1.0,96
1709647200.0,1709650800.0,-1.3902,long,USDJPY,round_level_sweep,1.5,1.0,96
1719187200.0,1719223200.0,1.248,short,USDJPY,round_level_sweep,1.5,1.0,96
1722427200.0,1722470400.0,-1.0489,long,USDJPY,round_level_sweep,1.5,1.0,96
1726459200.0,1726466400.0,-1.1647,long,USDJPY,round_level_sweep,1.5,1.0,96
1728932400.0,1728950400.0,1.2076,short,USDJPY,round_level_sweep,1.5,1.0,96
1740034800.0,1740056400.0,-1.1661,long,USDJPY,round_level_sweep,1.5,1.0,96
1740664800.0,1740668400.0,-1.1511,short,USDJPY,round_level_sweep,1.5,1.0,96
1740992400.0,1740996000.0,1.3289,long,USDJPY,round_level_sweep,1.5,1.0,96
1742364000.0,1742367600.0,1.3113,short,USDJPY,round_level_sweep,1.5,1.0,96
1743573600.0,1743584400.0,1.2579,short,USDJPY,round_level_sweep,1.5,1.0,96
1743606000.0,1743609600.0,-1.1869,short,USDJPY,round_level_sweep,1.5,1.0,96
1753956000.0,1753963200.0,-1.1439,short,USDJPY,round_level_sweep,1.5,1.0,96
1758841200.0,1758891600.0,1.2769,short,USDJPY,round_level_sweep,1.5,1.0,96
1774918800.0,1774933200.0,1.2297,short,USDJPY,round_level_sweep,1.5,1.0,96
1775574000.0,1775588400.0,1.2202,short,USDJPY,round_level_sweep,1.5,1.0,96
1780423200.0,1780437600.0,-1.6909,short,USDJPY,round_level_sweep,1.5,1.0,96
1780441200.0,1780448400.0,0.8957,short,USDJPY,round_level_sweep,1.5,1.0,96
1780502400.0,1780545600.0,1.1814,short,USDJPY,round_level_sweep,1.5,1.0,96
1780603200.0,1780621200.0,0.8868,short,USDJPY,round_level_sweep,1.5,1.0,96
1781200800.0,1781204400.0,-1.3985,long,USDJPY,round_level_sweep,1.5,1.0,96
1781478000.0,1781481600.0,1.0878,long,USDJPY,round_level_sweep,1.5,1.0,96
1696341600.0,1696464000.0,1.3494,short,USDJPY,round_level_sweep,1.5,1.0,168
1697731200.0,1697738400.0,-1.4534,short,USDJPY,round_level_sweep,1.5,1.0,168
1697788800.0,1697814000.0,1.044,short,USDJPY,round_level_sweep,1.5,1.0,168
1698246000.0,1698253200.0,-1.834,short,USDJPY,round_level_sweep,1.5,1.0,168
1698930000.0,1699012800.0,-1.1995,long,USDJPY,round_level_sweep,1.5,1.0,168
1707980400.0,1707984000.0,-1.3109,long,USDJPY,round_level_sweep,1.5,1.0,168
1707987600.0,1708002000.0,-1.2943,long,USDJPY,round_level_sweep,1.5,1.0,168
1708304400.0,1708383600.0,1.2382,long,USDJPY,round_level_sweep,1.5,1.0,168
1708430400.0,1708434000.0,-1.3549,long,USDJPY,round_level_sweep,1.5,1.0,168
1709647200.0,1709650800.0,-1.3902,long,USDJPY,round_level_sweep,1.5,1.0,168
1719187200.0,1719223200.0,1.248,short,USDJPY,round_level_sweep,1.5,1.0,168
1722427200.0,1722470400.0,-1.0489,long,USDJPY,round_level_sweep,1.5,1.0,168
1726459200.0,1726466400.0,-1.1647,long,USDJPY,round_level_sweep,1.5,1.0,168
1728932400.0,1728950400.0,1.2076,short,USDJPY,round_level_sweep,1.5,1.0,168
1740034800.0,1740056400.0,-1.1661,long,USDJPY,round_level_sweep,1.5,1.0,168
1740664800.0,1740668400.0,-1.1511,short,USDJPY,round_level_sweep,1.5,1.0,168
1740992400.0,1740996000.0,1.3289,long,USDJPY,round_level_sweep,1.5,1.0,168
1742364000.0,1742367600.0,1.3113,short,USDJPY,round_level_sweep,1.5,1.0,168
1743573600.0,1743584400.0,1.2579,short,USDJPY,round_level_sweep,1.5,1.0,168
1743606000.0,1743609600.0,-1.1869,short,USDJPY,round_level_sweep,1.5,1.0,168
1753956000.0,1753963200.0,-1.1439,short,USDJPY,round_level_sweep,1.5,1.0,168
1758841200.0,1758891600.0,1.2769,short,USDJPY,round_level_sweep,1.5,1.0,168
1774918800.0,1774933200.0,1.2297,short,USDJPY,round_level_sweep,1.5,1.0,168
1775574000.0,1775588400.0,1.2202,short,USDJPY,round_level_sweep,1.5,1.0,168
1780423200.0,1780437600.0,-1.6909,short,USDJPY,round_level_sweep,1.5,1.0,168
1780441200.0,1780448400.0,0.8957,short,USDJPY,round_level_sweep,1.5,1.0,168
1780502400.0,1780545600.0,1.1814,short,USDJPY,round_level_sweep,1.5,1.0,168
1780603200.0,1780621200.0,0.8868,short,USDJPY,round_level_sweep,1.5,1.0,168
1781200800.0,1781204400.0,-1.3985,long,USDJPY,round_level_sweep,1.5,1.0,168
1781478000.0,1781481600.0,1.0878,long,USDJPY,round_level_sweep,1.5,1.0,168
1696341600.0,1696467600.0,1.3842,short,USDJPY,round_level_sweep,1.5,1.3,48
1697731200.0,1697738400.0,-1.3488,short,USDJPY,round_level_sweep,1.5,1.3,48
1697788800.0,1698073200.0,1.1492,short,USDJPY,round_level_sweep,1.5,1.3,48
1698246000.0,1698253200.0,-1.6416,short,USDJPY,round_level_sweep,1.5,1.3,48
1698930000.0,1699012800.0,-1.1534,long,USDJPY,round_level_sweep,1.5,1.3,48
1707980400.0,1707984000.0,-1.2392,long,USDJPY,round_level_sweep,1.5,1.3,48
1707987600.0,1708002000.0,-1.2264,long,USDJPY,round_level_sweep,1.5,1.3,48
1708304400.0,1708387200.0,1.2986,long,USDJPY,round_level_sweep,1.5,1.3,48
1708430400.0,1708434000.0,-1.273,long,USDJPY,round_level_sweep,1.5,1.3,48
1709647200.0,1709650800.0,-1.3001,long,USDJPY,round_level_sweep,1.5,1.3,48
1719187200.0,1719223200.0,1.3061,short,USDJPY,round_level_sweep,1.5,1.3,48
1722427200.0,1722474000.0,-1.0376,long,USDJPY,round_level_sweep,1.5,1.3,48
1726459200.0,1726466400.0,-1.1267,long,USDJPY,round_level_sweep,1.5,1.3,48
1728932400.0,1728954000.0,1.2751,short,USDJPY,round_level_sweep,1.5,1.3,48
1740034800.0,1740056400.0,-1.1278,long,USDJPY,round_level_sweep,1.5,1.3,48
1740664800.0,1740672000.0,-1.1162,short,USDJPY,round_level_sweep,1.5,1.3,48
1740992400.0,1740996000.0,1.3684,long,USDJPY,round_level_sweep,1.5,1.3,48
1742364000.0,1742367600.0,1.3548,short,USDJPY,round_level_sweep,1.5,1.3,48
1743573600.0,1743588000.0,1.3138,short,USDJPY,round_level_sweep,1.5,1.3,48
1743606000.0,1743624000.0,-1.1438,short,USDJPY,round_level_sweep,1.5,1.3,48
1753956000.0,1753966800.0,-1.1107,short,USDJPY,round_level_sweep,1.5,1.3,48
1758841200.0,1758895200.0,1.3284,short,USDJPY,round_level_sweep,1.5,1.3,48
1774918800.0,1774954800.0,1.2921,short,USDJPY,round_level_sweep,1.5,1.3,48
1775574000.0,1775588400.0,1.2848,short,USDJPY,round_level_sweep,1.5,1.3,48
1780423200.0,1780441200.0,-1.5315,short,USDJPY,round_level_sweep,1.5,1.3,48
1780502400.0,1780545600.0,1.2549,short,USDJPY,round_level_sweep,1.5,1.3,48
1780603200.0,1780657200.0,1.0283,short,USDJPY,round_level_sweep,1.5,1.3,48
1781200800.0,1781204400.0,-1.3066,long,USDJPY,round_level_sweep,1.5,1.3,48
1781478000.0,1781485200.0,1.183,long,USDJPY,round_level_sweep,1.5,1.3,48
1696341600.0,1696467600.0,1.3842,short,USDJPY,round_level_sweep,1.5,1.3,96
1697731200.0,1697738400.0,-1.3488,short,USDJPY,round_level_sweep,1.5,1.3,96
1697788800.0,1698073200.0,1.1492,short,USDJPY,round_level_sweep,1.5,1.3,96
1698246000.0,1698253200.0,-1.6416,short,USDJPY,round_level_sweep,1.5,1.3,96
1698930000.0,1699012800.0,-1.1534,long,USDJPY,round_level_sweep,1.5,1.3,96
1707980400.0,1707984000.0,-1.2392,long,USDJPY,round_level_sweep,1.5,1.3,96
1707987600.0,1708002000.0,-1.2264,long,USDJPY,round_level_sweep,1.5,1.3,96
1708304400.0,1708387200.0,1.2986,long,USDJPY,round_level_sweep,1.5,1.3,96
1708430400.0,1708434000.0,-1.273,long,USDJPY,round_level_sweep,1.5,1.3,96
1709647200.0,1709650800.0,-1.3001,long,USDJPY,round_level_sweep,1.5,1.3,96
1719187200.0,1719223200.0,1.3061,short,USDJPY,round_level_sweep,1.5,1.3,96
1722427200.0,1722474000.0,-1.0376,long,USDJPY,round_level_sweep,1.5,1.3,96
1726459200.0,1726466400.0,-1.1267,long,USDJPY,round_level_sweep,1.5,1.3,96
1728932400.0,1728954000.0,1.2751,short,USDJPY,round_level_sweep,1.5,1.3,96
1740034800.0,1740056400.0,-1.1278,long,USDJPY,round_level_sweep,1.5,1.3,96
1740664800.0,1740672000.0,-1.1162,short,USDJPY,round_level_sweep,1.5,1.3,96
1740992400.0,1740996000.0,1.3684,long,USDJPY,round_level_sweep,1.5,1.3,96
1742364000.0,1742367600.0,1.3548,short,USDJPY,round_level_sweep,1.5,1.3,96
1743573600.0,1743588000.0,1.3138,short,USDJPY,round_level_sweep,1.5,1.3,96
1743606000.0,1743624000.0,-1.1438,short,USDJPY,round_level_sweep,1.5,1.3,96
1753956000.0,1753966800.0,-1.1107,short,USDJPY,round_level_sweep,1.5,1.3,96
1758841200.0,1758895200.0,1.3284,short,USDJPY,round_level_sweep,1.5,1.3,96
1774918800.0,1774954800.0,1.2921,short,USDJPY,round_level_sweep,1.5,1.3,96
1775574000.0,1775588400.0,1.2848,short,USDJPY,round_level_sweep,1.5,1.3,96
1780423200.0,1780441200.0,-1.5315,short,USDJPY,round_level_sweep,1.5,1.3,96
1780502400.0,1780545600.0,1.2549,short,USDJPY,round_level_sweep,1.5,1.3,96
1780603200.0,1780657200.0,1.0283,short,USDJPY,round_level_sweep,1.5,1.3,96
1781200800.0,1781204400.0,-1.3066,long,USDJPY,round_level_sweep,1.5,1.3,96
1781478000.0,1781485200.0,1.183,long,USDJPY,round_level_sweep,1.5,1.3,96
1696341600.0,1696467600.0,1.3842,short,USDJPY,round_level_sweep,1.5,1.3,168
1697731200.0,1697738400.0,-1.3488,short,USDJPY,round_level_sweep,1.5,1.3,168
1697788800.0,1698073200.0,1.1492,short,USDJPY,round_level_sweep,1.5,1.3,168
1698246000.0,1698253200.0,-1.6416,short,USDJPY,round_level_sweep,1.5,1.3,168
1698930000.0,1699012800.0,-1.1534,long,USDJPY,round_level_sweep,1.5,1.3,168
1707980400.0,1707984000.0,-1.2392,long,USDJPY,round_level_sweep,1.5,1.3,168
1707987600.0,1708002000.0,-1.2264,long,USDJPY,round_level_sweep,1.5,1.3,168
1708304400.0,1708387200.0,1.2986,long,USDJPY,round_level_sweep,1.5,1.3,168
1708430400.0,1708434000.0,-1.273,long,USDJPY,round_level_sweep,1.5,1.3,168
1709647200.0,1709650800.0,-1.3001,long,USDJPY,round_level_sweep,1.5,1.3,168
1719187200.0,1719223200.0,1.3061,short,USDJPY,round_level_sweep,1.5,1.3,168
1722427200.0,1722474000.0,-1.0376,long,USDJPY,round_level_sweep,1.5,1.3,168
1726459200.0,1726466400.0,-1.1267,long,USDJPY,round_level_sweep,1.5,1.3,168
1728932400.0,1728954000.0,1.2751,short,USDJPY,round_level_sweep,1.5,1.3,168
1740034800.0,1740056400.0,-1.1278,long,USDJPY,round_level_sweep,1.5,1.3,168
1740664800.0,1740672000.0,-1.1162,short,USDJPY,round_level_sweep,1.5,1.3,168
1740992400.0,1740996000.0,1.3684,long,USDJPY,round_level_sweep,1.5,1.3,168
1742364000.0,1742367600.0,1.3548,short,USDJPY,round_level_sweep,1.5,1.3,168
1743573600.0,1743588000.0,1.3138,short,USDJPY,round_level_sweep,1.5,1.3,168
1743606000.0,1743624000.0,-1.1438,short,USDJPY,round_level_sweep,1.5,1.3,168
1753956000.0,1753966800.0,-1.1107,short,USDJPY,round_level_sweep,1.5,1.3,168
1758841200.0,1758895200.0,1.3284,short,USDJPY,round_level_sweep,1.5,1.3,168
1774918800.0,1774954800.0,1.2921,short,USDJPY,round_level_sweep,1.5,1.3,168
1775574000.0,1775588400.0,1.2848,short,USDJPY,round_level_sweep,1.5,1.3,168
1780423200.0,1780441200.0,-1.5315,short,USDJPY,round_level_sweep,1.5,1.3,168
1780502400.0,1780545600.0,1.2549,short,USDJPY,round_level_sweep,1.5,1.3,168
1780603200.0,1780657200.0,1.0283,short,USDJPY,round_level_sweep,1.5,1.3,168
1781200800.0,1781204400.0,-1.3066,long,USDJPY,round_level_sweep,1.5,1.3,168
1781478000.0,1781485200.0,1.183,long,USDJPY,round_level_sweep,1.5,1.3,168
1696341600.0,1696467600.0,1.4059,short,USDJPY,round_level_sweep,1.5,1.6,48
1697731200.0,1697763600.0,-1.2834,short,USDJPY,round_level_sweep,1.5,1.6,48
1697788800.0,1698076800.0,1.215,short,USDJPY,round_level_sweep,1.5,1.6,48
1698246000.0,1698253200.0,-1.5213,short,USDJPY,round_level_sweep,1.5,1.6,48
1698930000.0,1699012800.0,-1.1247,long,USDJPY,round_level_sweep,1.5,1.6,48
1707980400.0,1707987600.0,-1.1943,long,USDJPY,round_level_sweep,1.5,1.6,48
1708304400.0,1708405200.0,1.3364,long,USDJPY,round_level_sweep,1.5,1.6,48
1708430400.0,1708434000.0,-1.2218,long,USDJPY,round_level_sweep,1.5,1.6,48
1709647200.0,1709650800.0,-1.2439,long,USDJPY,round_level_sweep,1.5,1.6,48
1719187200.0,1719223200.0,1.3425,short,USDJPY,round_level_sweep,1.5,1.6,48
1722427200.0,1722474000.0,-1.0306,long,USDJPY,round_level_sweep,1.5,1.6,48
1726459200.0,1726466400.0,-1.103,long,USDJPY,round_level_sweep,1.5,1.6,48
1728932400.0,1728972000.0,1.3172,short,USDJPY,round_level_sweep,1.5,1.6,48
1740034800.0,1740056400.0,-1.1038,long,USDJPY,round_level_sweep,1.5,1.6,48
1740664800.0,1740726000.0,-1.0944,short,USDJPY,round_level_sweep,1.5,1.6,48
1740992400.0,1740999600.0,1.393,long,USDJPY,round_level_sweep,1.5,1.6,48
1742364000.0,1742389200.0,-1.1179,short,USDJPY,round_level_sweep,1.5,1.6,48
1743573600.0,1743588000.0,1.3487,short,USDJPY,round_level_sweep,1.5,1.6,48
1743606000.0,1743624000.0,-1.1168,short,USDJPY,round_level_sweep,1.5,1.6,48
1753956000.0,1753966800.0,-1.0899,short,USDJPY,round_level_sweep,1.5,1.6,48
1758841200.0,1759100400.0,1.3605,short,USDJPY,round_level_sweep,1.5,1.6,48
1774918800.0,1774962000.0,1.331,short,USDJPY,round_level_sweep,1.5,1.6,48
1775574000.0,1775599200.0,1.3251,short,USDJPY,round_level_sweep,1.5,1.6,48
1780423200.0,1780470000.0,1.0682,short,USDJPY,round_level_sweep,1.5,1.6,48
1780502400.0,1780545600.0,1.3009,short,USDJPY,round_level_sweep,1.5,1.6,48
1780603200.0,1780657200.0,1.1168,short,USDJPY,round_level_sweep,1.5,1.6,48
1781200800.0,1781204400.0,-1.2491,long,USDJPY,round_level_sweep,1.5,1.6,48
1781478000.0,1781539200.0,1.2424,long,USDJPY,round_level_sweep,1.5,1.6,48
1696341600.0,1696467600.0,1.4059,short,USDJPY,round_level_sweep,1.5,1.6,96
1697731200.0,1697763600.0,-1.2834,short,USDJPY,round_level_sweep,1.5,1.6,96
1697788800.0,1698076800.0,1.215,short,USDJPY,round_level_sweep,1.5,1.6,96
1698246000.0,1698253200.0,-1.5213,short,USDJPY,round_level_sweep,1.5,1.6,96
1698930000.0,1699012800.0,-1.1247,long,USDJPY,round_level_sweep,1.5,1.6,96
1707980400.0,1707987600.0,-1.1943,long,USDJPY,round_level_sweep,1.5,1.6,96
1708304400.0,1708405200.0,1.3364,long,USDJPY,round_level_sweep,1.5,1.6,96
1708430400.0,1708434000.0,-1.2218,long,USDJPY,round_level_sweep,1.5,1.6,96
1709647200.0,1709650800.0,-1.2439,long,USDJPY,round_level_sweep,1.5,1.6,96
1719187200.0,1719223200.0,1.3425,short,USDJPY,round_level_sweep,1.5,1.6,96
1722427200.0,1722474000.0,-1.0306,long,USDJPY,round_level_sweep,1.5,1.6,96
1726459200.0,1726466400.0,-1.103,long,USDJPY,round_level_sweep,1.5,1.6,96
1728932400.0,1728972000.0,1.3172,short,USDJPY,round_level_sweep,1.5,1.6,96
1740034800.0,1740056400.0,-1.1038,long,USDJPY,round_level_sweep,1.5,1.6,96
1740664800.0,1740726000.0,-1.0944,short,USDJPY,round_level_sweep,1.5,1.6,96
1740992400.0,1740999600.0,1.393,long,USDJPY,round_level_sweep,1.5,1.6,96
1742364000.0,1742389200.0,-1.1179,short,USDJPY,round_level_sweep,1.5,1.6,96
1743573600.0,1743588000.0,1.3487,short,USDJPY,round_level_sweep,1.5,1.6,96
1743606000.0,1743624000.0,-1.1168,short,USDJPY,round_level_sweep,1.5,1.6,96
1753956000.0,1753966800.0,-1.0899,short,USDJPY,round_level_sweep,1.5,1.6,96
1758841200.0,1759100400.0,1.3605,short,USDJPY,round_level_sweep,1.5,1.6,96
1774918800.0,1774962000.0,1.331,short,USDJPY,round_level_sweep,1.5,1.6,96
1775574000.0,1775599200.0,1.3251,short,USDJPY,round_level_sweep,1.5,1.6,96
1780423200.0,1780470000.0,1.0682,short,USDJPY,round_level_sweep,1.5,1.6,96
1780502400.0,1780545600.0,1.3009,short,USDJPY,round_level_sweep,1.5,1.6,96
1780603200.0,1780657200.0,1.1168,short,USDJPY,round_level_sweep,1.5,1.6,96
1781200800.0,1781204400.0,-1.2491,long,USDJPY,round_level_sweep,1.5,1.6,96
1781478000.0,1781539200.0,1.2424,long,USDJPY,round_level_sweep,1.5,1.6,96
1696341600.0,1696467600.0,1.4059,short,USDJPY,round_level_sweep,1.5,1.6,168
1697731200.0,1697763600.0,-1.2834,short,USDJPY,round_level_sweep,1.5,1.6,168
1697788800.0,1698076800.0,1.215,short,USDJPY,round_level_sweep,1.5,1.6,168
1698246000.0,1698253200.0,-1.5213,short,USDJPY,round_level_sweep,1.5,1.6,168
1698930000.0,1699012800.0,-1.1247,long,USDJPY,round_level_sweep,1.5,1.6,168
1707980400.0,1707987600.0,-1.1943,long,USDJPY,round_level_sweep,1.5,1.6,168
1708304400.0,1708405200.0,1.3364,long,USDJPY,round_level_sweep,1.5,1.6,168
1708430400.0,1708434000.0,-1.2218,long,USDJPY,round_level_sweep,1.5,1.6,168
1709647200.0,1709650800.0,-1.2439,long,USDJPY,round_level_sweep,1.5,1.6,168
1719187200.0,1719223200.0,1.3425,short,USDJPY,round_level_sweep,1.5,1.6,168
1722427200.0,1722474000.0,-1.0306,long,USDJPY,round_level_sweep,1.5,1.6,168
1726459200.0,1726466400.0,-1.103,long,USDJPY,round_level_sweep,1.5,1.6,168
1728932400.0,1728972000.0,1.3172,short,USDJPY,round_level_sweep,1.5,1.6,168
1740034800.0,1740056400.0,-1.1038,long,USDJPY,round_level_sweep,1.5,1.6,168
1740664800.0,1740726000.0,-1.0944,short,USDJPY,round_level_sweep,1.5,1.6,168
1740992400.0,1740999600.0,1.393,long,USDJPY,round_level_sweep,1.5,1.6,168
1742364000.0,1742389200.0,-1.1179,short,USDJPY,round_level_sweep,1.5,1.6,168
1743573600.0,1743588000.0,1.3487,short,USDJPY,round_level_sweep,1.5,1.6,168
1743606000.0,1743624000.0,-1.1168,short,USDJPY,round_level_sweep,1.5,1.6,168
1753956000.0,1753966800.0,-1.0899,short,USDJPY,round_level_sweep,1.5,1.6,168
1758841200.0,1759100400.0,1.3605,short,USDJPY,round_level_sweep,1.5,1.6,168
1774918800.0,1774962000.0,1.331,short,USDJPY,round_level_sweep,1.5,1.6,168
1775574000.0,1775599200.0,1.3251,short,USDJPY,round_level_sweep,1.5,1.6,168
1780423200.0,1780470000.0,1.0682,short,USDJPY,round_level_sweep,1.5,1.6,168
1780502400.0,1780545600.0,1.3009,short,USDJPY,round_level_sweep,1.5,1.6,168
1780603200.0,1780657200.0,1.1168,short,USDJPY,round_level_sweep,1.5,1.6,168
1781200800.0,1781204400.0,-1.2491,long,USDJPY,round_level_sweep,1.5,1.6,168
1781478000.0,1781539200.0,1.2424,long,USDJPY,round_level_sweep,1.5,1.6,168
1696341600.0,1696467600.0,1.8494,short,USDJPY,round_level_sweep,2.0,1.0,48
1697731200.0,1697738400.0,-1.4534,short,USDJPY,round_level_sweep,2.0,1.0,48
1697788800.0,1698073200.0,1.544,short,USDJPY,round_level_sweep,2.0,1.0,48
1698246000.0,1698253200.0,-1.834,short,USDJPY,round_level_sweep,2.0,1.0,48
1698930000.0,1699012800.0,-1.1995,long,USDJPY,round_level_sweep,2.0,1.0,48
1707980400.0,1707984000.0,-1.3109,long,USDJPY,round_level_sweep,2.0,1.0,48
1707987600.0,1708002000.0,-1.2943,long,USDJPY,round_level_sweep,2.0,1.0,48
1708304400.0,1708387200.0,1.7382,long,USDJPY,round_level_sweep,2.0,1.0,48
1708430400.0,1708434000.0,-1.3549,long,USDJPY,round_level_sweep,2.0,1.0,48
1709647200.0,1709650800.0,-1.3902,long,USDJPY,round_level_sweep,2.0,1.0,48
1719187200.0,1719223200.0,1.748,short,USDJPY,round_level_sweep,2.0,1.0,48
1722427200.0,1722470400.0,-1.0489,long,USDJPY,round_level_sweep,2.0,1.0,48
1726459200.0,1726466400.0,-1.1647,long,USDJPY,round_level_sweep,2.0,1.0,48
1728932400.0,1728954000.0,1.7076,short,USDJPY,round_level_sweep,2.0,1.0,48
1740034800.0,1740056400.0,-1.1661,long,USDJPY,round_level_sweep,2.0,1.0,48
1740664800.0,1740668400.0,-1.1511,short,USDJPY,round_level_sweep,2.0,1.0,48
1740992400.0,1740996000.0,1.8289,long,USDJPY,round_level_sweep,2.0,1.0,48
1742364000.0,1742367600.0,1.8113,short,USDJPY,round_level_sweep,2.0,1.0,48
1743573600.0,1743588000.0,1.7579,short,USDJPY,round_level_sweep,2.0,1.0,48
1743606000.0,1743609600.0,-1.1869,short,USDJPY,round_level_sweep,2.0,1.0,48
1753956000.0,1753963200.0,-1.1439,short,USDJPY,round_level_sweep,2.0,1.0,48
1758841200.0,1758895200.0,1.7769,short,USDJPY,round_level_sweep,2.0,1.0,48
1774918800.0,1774954800.0,1.7297,short,USDJPY,round_level_sweep,2.0,1.0,48
1775574000.0,1775588400.0,1.7202,short,USDJPY,round_level_sweep,2.0,1.0,48
1780423200.0,1780437600.0,-1.6909,short,USDJPY,round_level_sweep,2.0,1.0,48
1780441200.0,1780448400.0,1.3957,short,USDJPY,round_level_sweep,2.0,1.0,48
1780502400.0,1780545600.0,1.6814,short,USDJPY,round_level_sweep,2.0,1.0,48
1780603200.0,1780657200.0,1.3868,short,USDJPY,round_level_sweep,2.0,1.0,48
1781200800.0,1781204400.0,-1.3985,long,USDJPY,round_level_sweep,2.0,1.0,48
1781478000.0,1781485200.0,1.5878,long,USDJPY,round_level_sweep,2.0,1.0,48
1696341600.0,1696467600.0,1.8494,short,USDJPY,round_level_sweep,2.0,1.0,96
1697731200.0,1697738400.0,-1.4534,short,USDJPY,round_level_sweep,2.0,1.0,96
1697788800.0,1698073200.0,1.544,short,USDJPY,round_level_sweep,2.0,1.0,96
1698246000.0,1698253200.0,-1.834,short,USDJPY,round_level_sweep,2.0,1.0,96
1698930000.0,1699012800.0,-1.1995,long,USDJPY,round_level_sweep,2.0,1.0,96
1707980400.0,1707984000.0,-1.3109,long,USDJPY,round_level_sweep,2.0,1.0,96
1707987600.0,1708002000.0,-1.2943,long,USDJPY,round_level_sweep,2.0,1.0,96
1708304400.0,1708387200.0,1.7382,long,USDJPY,round_level_sweep,2.0,1.0,96
1708430400.0,1708434000.0,-1.3549,long,USDJPY,round_level_sweep,2.0,1.0,96
1709647200.0,1709650800.0,-1.3902,long,USDJPY,round_level_sweep,2.0,1.0,96
1719187200.0,1719223200.0,1.748,short,USDJPY,round_level_sweep,2.0,1.0,96
1722427200.0,1722470400.0,-1.0489,long,USDJPY,round_level_sweep,2.0,1.0,96
1726459200.0,1726466400.0,-1.1647,long,USDJPY,round_level_sweep,2.0,1.0,96
1728932400.0,1728954000.0,1.7076,short,USDJPY,round_level_sweep,2.0,1.0,96
1740034800.0,1740056400.0,-1.1661,long,USDJPY,round_level_sweep,2.0,1.0,96
1740664800.0,1740668400.0,-1.1511,short,USDJPY,round_level_sweep,2.0,1.0,96
1740992400.0,1740996000.0,1.8289,long,USDJPY,round_level_sweep,2.0,1.0,96
1742364000.0,1742367600.0,1.8113,short,USDJPY,round_level_sweep,2.0,1.0,96
1743573600.0,1743588000.0,1.7579,short,USDJPY,round_level_sweep,2.0,1.0,96
1743606000.0,1743609600.0,-1.1869,short,USDJPY,round_level_sweep,2.0,1.0,96
1753956000.0,1753963200.0,-1.1439,short,USDJPY,round_level_sweep,2.0,1.0,96
1758841200.0,1758895200.0,1.7769,short,USDJPY,round_level_sweep,2.0,1.0,96
1774918800.0,1774954800.0,1.7297,short,USDJPY,round_level_sweep,2.0,1.0,96
1775574000.0,1775588400.0,1.7202,short,USDJPY,round_level_sweep,2.0,1.0,96
1780423200.0,1780437600.0,-1.6909,short,USDJPY,round_level_sweep,2.0,1.0,96
1780441200.0,1780448400.0,1.3957,short,USDJPY,round_level_sweep,2.0,1.0,96
1780502400.0,1780545600.0,1.6814,short,USDJPY,round_level_sweep,2.0,1.0,96
1780603200.0,1780657200.0,1.3868,short,USDJPY,round_level_sweep,2.0,1.0,96
1781200800.0,1781204400.0,-1.3985,long,USDJPY,round_level_sweep,2.0,1.0,96
1781478000.0,1781485200.0,1.5878,long,USDJPY,round_level_sweep,2.0,1.0,96
1696341600.0,1696467600.0,1.8494,short,USDJPY,round_level_sweep,2.0,1.0,168
1697731200.0,1697738400.0,-1.4534,short,USDJPY,round_level_sweep,2.0,1.0,168
1697788800.0,1698073200.0,1.544,short,USDJPY,round_level_sweep,2.0,1.0,168
1698246000.0,1698253200.0,-1.834,short,USDJPY,round_level_sweep,2.0,1.0,168
1698930000.0,1699012800.0,-1.1995,long,USDJPY,round_level_sweep,2.0,1.0,168
1707980400.0,1707984000.0,-1.3109,long,USDJPY,round_level_sweep,2.0,1.0,168
1707987600.0,1708002000.0,-1.2943,long,USDJPY,round_level_sweep,2.0,1.0,168
1708304400.0,1708387200.0,1.7382,long,USDJPY,round_level_sweep,2.0,1.0,168
1708430400.0,1708434000.0,-1.3549,long,USDJPY,round_level_sweep,2.0,1.0,168
1709647200.0,1709650800.0,-1.3902,long,USDJPY,round_level_sweep,2.0,1.0,168
1719187200.0,1719223200.0,1.748,short,USDJPY,round_level_sweep,2.0,1.0,168
1722427200.0,1722470400.0,-1.0489,long,USDJPY,round_level_sweep,2.0,1.0,168
1726459200.0,1726466400.0,-1.1647,long,USDJPY,round_level_sweep,2.0,1.0,168
1728932400.0,1728954000.0,1.7076,short,USDJPY,round_level_sweep,2.0,1.0,168
1740034800.0,1740056400.0,-1.1661,long,USDJPY,round_level_sweep,2.0,1.0,168
1740664800.0,1740668400.0,-1.1511,short,USDJPY,round_level_sweep,2.0,1.0,168
1740992400.0,1740996000.0,1.8289,long,USDJPY,round_level_sweep,2.0,1.0,168
1742364000.0,1742367600.0,1.8113,short,USDJPY,round_level_sweep,2.0,1.0,168
1743573600.0,1743588000.0,1.7579,short,USDJPY,round_level_sweep,2.0,1.0,168
1743606000.0,1743609600.0,-1.1869,short,USDJPY,round_level_sweep,2.0,1.0,168
1753956000.0,1753963200.0,-1.1439,short,USDJPY,round_level_sweep,2.0,1.0,168
1758841200.0,1758895200.0,1.7769,short,USDJPY,round_level_sweep,2.0,1.0,168
1774918800.0,1774954800.0,1.7297,short,USDJPY,round_level_sweep,2.0,1.0,168
1775574000.0,1775588400.0,1.7202,short,USDJPY,round_level_sweep,2.0,1.0,168
1780423200.0,1780437600.0,-1.6909,short,USDJPY,round_level_sweep,2.0,1.0,168
1780441200.0,1780448400.0,1.3957,short,USDJPY,round_level_sweep,2.0,1.0,168
1780502400.0,1780545600.0,1.6814,short,USDJPY,round_level_sweep,2.0,1.0,168
1780603200.0,1780657200.0,1.3868,short,USDJPY,round_level_sweep,2.0,1.0,168
1781200800.0,1781204400.0,-1.3985,long,USDJPY,round_level_sweep,2.0,1.0,168
1781478000.0,1781485200.0,1.5878,long,USDJPY,round_level_sweep,2.0,1.0,168
1696341600.0,1696467600.0,1.8842,short,USDJPY,round_level_sweep,2.0,1.3,48
1697731200.0,1697738400.0,-1.3488,short,USDJPY,round_level_sweep,2.0,1.3,48
1697788800.0,1698076800.0,1.6492,short,USDJPY,round_level_sweep,2.0,1.3,48
1698246000.0,1698253200.0,-1.6416,short,USDJPY,round_level_sweep,2.0,1.3,48
1698930000.0,1699012800.0,-1.1534,long,USDJPY,round_level_sweep,2.0,1.3,48
1707980400.0,1707984000.0,-1.2392,long,USDJPY,round_level_sweep,2.0,1.3,48
1707987600.0,1708002000.0,-1.2264,long,USDJPY,round_level_sweep,2.0,1.3,48
1708304400.0,1708405200.0,1.7986,long,USDJPY,round_level_sweep,2.0,1.3,48
1708430400.0,1708434000.0,-1.273,long,USDJPY,round_level_sweep,2.0,1.3,48
1709647200.0,1709650800.0,-1.3001,long,USDJPY,round_level_sweep,2.0,1.3,48
1719187200.0,1719223200.0,1.8061,short,USDJPY,round_level_sweep,2.0,1.3,48
1722427200.0,1722474000.0,-1.0376,long,USDJPY,round_level_sweep,2.0,1.3,48
1726459200.0,1726466400.0,-1.1267,long,USDJPY,round_level_sweep,2.0,1.3,48
1728932400.0,1728972000.0,1.7751,short,USDJPY,round_level_sweep,2.0,1.3,48
1740034800.0,1740056400.0,-1.1278,long,USDJPY,round_level_sweep,2.0,1.3,48
1740664800.0,1740672000.0,-1.1162,short,USDJPY,round_level_sweep,2.0,1.3,48
1740992400.0,1740999600.0,1.8684,long,USDJPY,round_level_sweep,2.0,1.3,48
1742364000.0,1742389200.0,-1.1452,short,USDJPY,round_level_sweep,2.0,1.3,48
1743573600.0,1743591600.0,1.8138,short,USDJPY,round_level_sweep,2.0,1.3,48
1743606000.0,1743624000.0,-1.1438,short,USDJPY,round_level_sweep,2.0,1.3,48
1753956000.0,1753966800.0,-1.1107,short,USDJPY,round_level_sweep,2.0,1.3,48
1758841200.0,1759100400.0,1.8284,short,USDJPY,round_level_sweep,2.0,1.3,48
1774918800.0,1774962000.0,1.7921,short,USDJPY,round_level_sweep,2.0,1.3,48
1775574000.0,1775599200.0,1.7848,short,USDJPY,round_level_sweep,2.0,1.3,48
1780423200.0,1780441200.0,-1.5315,short,USDJPY,round_level_sweep,2.0,1.3,48
1780502400.0,1780545600.0,1.7549,short,USDJPY,round_level_sweep,2.0,1.3,48
1780603200.0,1780660800.0,-1.4717,short,USDJPY,round_level_sweep,2.0,1.3,48
1781200800.0,1781204400.0,-1.3066,long,USDJPY,round_level_sweep,2.0,1.3,48
1781478000.0,1781542800.0,1.683,long,USDJPY,round_level_sweep,2.0,1.3,48
1696341600.0,1696467600.0,1.8842,short,USDJPY,round_level_sweep,2.0,1.3,96
1697731200.0,1697738400.0,-1.3488,short,USDJPY,round_level_sweep,2.0,1.3,96
1697788800.0,1698076800.0,1.6492,short,USDJPY,round_level_sweep,2.0,1.3,96
1698246000.0,1698253200.0,-1.6416,short,USDJPY,round_level_sweep,2.0,1.3,96
1698930000.0,1699012800.0,-1.1534,long,USDJPY,round_level_sweep,2.0,1.3,96
1707980400.0,1707984000.0,-1.2392,long,USDJPY,round_level_sweep,2.0,1.3,96
1707987600.0,1708002000.0,-1.2264,long,USDJPY,round_level_sweep,2.0,1.3,96
1708304400.0,1708405200.0,1.7986,long,USDJPY,round_level_sweep,2.0,1.3,96
1708430400.0,1708434000.0,-1.273,long,USDJPY,round_level_sweep,2.0,1.3,96
1709647200.0,1709650800.0,-1.3001,long,USDJPY,round_level_sweep,2.0,1.3,96
1719187200.0,1719223200.0,1.8061,short,USDJPY,round_level_sweep,2.0,1.3,96
1722427200.0,1722474000.0,-1.0376,long,USDJPY,round_level_sweep,2.0,1.3,96
1726459200.0,1726466400.0,-1.1267,long,USDJPY,round_level_sweep,2.0,1.3,96
1728932400.0,1728972000.0,1.7751,short,USDJPY,round_level_sweep,2.0,1.3,96
1740034800.0,1740056400.0,-1.1278,long,USDJPY,round_level_sweep,2.0,1.3,96
1740664800.0,1740672000.0,-1.1162,short,USDJPY,round_level_sweep,2.0,1.3,96
1740992400.0,1740999600.0,1.8684,long,USDJPY,round_level_sweep,2.0,1.3,96
1742364000.0,1742389200.0,-1.1452,short,USDJPY,round_level_sweep,2.0,1.3,96
1743573600.0,1743591600.0,1.8138,short,USDJPY,round_level_sweep,2.0,1.3,96
1743606000.0,1743624000.0,-1.1438,short,USDJPY,round_level_sweep,2.0,1.3,96
1753956000.0,1753966800.0,-1.1107,short,USDJPY,round_level_sweep,2.0,1.3,96
1758841200.0,1759100400.0,1.8284,short,USDJPY,round_level_sweep,2.0,1.3,96
1774918800.0,1774962000.0,1.7921,short,USDJPY,round_level_sweep,2.0,1.3,96
1775574000.0,1775599200.0,1.7848,short,USDJPY,round_level_sweep,2.0,1.3,96
1780423200.0,1780441200.0,-1.5315,short,USDJPY,round_level_sweep,2.0,1.3,96
1780502400.0,1780545600.0,1.7549,short,USDJPY,round_level_sweep,2.0,1.3,96
1780603200.0,1780660800.0,-1.4717,short,USDJPY,round_level_sweep,2.0,1.3,96
1781200800.0,1781204400.0,-1.3066,long,USDJPY,round_level_sweep,2.0,1.3,96
1781478000.0,1781542800.0,1.683,long,USDJPY,round_level_sweep,2.0,1.3,96
1696341600.0,1696467600.0,1.8842,short,USDJPY,round_level_sweep,2.0,1.3,168
1697731200.0,1697738400.0,-1.3488,short,USDJPY,round_level_sweep,2.0,1.3,168
1697788800.0,1698076800.0,1.6492,short,USDJPY,round_level_sweep,2.0,1.3,168
1698246000.0,1698253200.0,-1.6416,short,USDJPY,round_level_sweep,2.0,1.3,168
1698930000.0,1699012800.0,-1.1534,long,USDJPY,round_level_sweep,2.0,1.3,168
1707980400.0,1707984000.0,-1.2392,long,USDJPY,round_level_sweep,2.0,1.3,168
1707987600.0,1708002000.0,-1.2264,long,USDJPY,round_level_sweep,2.0,1.3,168
1708304400.0,1708405200.0,1.7986,long,USDJPY,round_level_sweep,2.0,1.3,168
1708430400.0,1708434000.0,-1.273,long,USDJPY,round_level_sweep,2.0,1.3,168
1709647200.0,1709650800.0,-1.3001,long,USDJPY,round_level_sweep,2.0,1.3,168
1719187200.0,1719223200.0,1.8061,short,USDJPY,round_level_sweep,2.0,1.3,168
1722427200.0,1722474000.0,-1.0376,long,USDJPY,round_level_sweep,2.0,1.3,168
1726459200.0,1726466400.0,-1.1267,long,USDJPY,round_level_sweep,2.0,1.3,168
1728932400.0,1728972000.0,1.7751,short,USDJPY,round_level_sweep,2.0,1.3,168
1740034800.0,1740056400.0,-1.1278,long,USDJPY,round_level_sweep,2.0,1.3,168
1740664800.0,1740672000.0,-1.1162,short,USDJPY,round_level_sweep,2.0,1.3,168
1740992400.0,1740999600.0,1.8684,long,USDJPY,round_level_sweep,2.0,1.3,168
1742364000.0,1742389200.0,-1.1452,short,USDJPY,round_level_sweep,2.0,1.3,168
1743573600.0,1743591600.0,1.8138,short,USDJPY,round_level_sweep,2.0,1.3,168
1743606000.0,1743624000.0,-1.1438,short,USDJPY,round_level_sweep,2.0,1.3,168
1753956000.0,1753966800.0,-1.1107,short,USDJPY,round_level_sweep,2.0,1.3,168
1758841200.0,1759100400.0,1.8284,short,USDJPY,round_level_sweep,2.0,1.3,168
1774918800.0,1774962000.0,1.7921,short,USDJPY,round_level_sweep,2.0,1.3,168
1775574000.0,1775599200.0,1.7848,short,USDJPY,round_level_sweep,2.0,1.3,168
1780423200.0,1780441200.0,-1.5315,short,USDJPY,round_level_sweep,2.0,1.3,168
1780502400.0,1780545600.0,1.7549,short,USDJPY,round_level_sweep,2.0,1.3,168
1780603200.0,1780660800.0,-1.4717,short,USDJPY,round_level_sweep,2.0,1.3,168
1781200800.0,1781204400.0,-1.3066,long,USDJPY,round_level_sweep,2.0,1.3,168
1781478000.0,1781542800.0,1.683,long,USDJPY,round_level_sweep,2.0,1.3,168
1696341600.0,1696514400.0,0.8299,short,USDJPY,round_level_sweep,2.0,1.6,48
1697731200.0,1697763600.0,-1.2834,short,USDJPY,round_level_sweep,2.0,1.6,48
1697788800.0,1698084000.0,1.715,short,USDJPY,round_level_sweep,2.0,1.6,48
1698246000.0,1698253200.0,-1.5213,short,USDJPY,round_level_sweep,2.0,1.6,48
1698930000.0,1699012800.0,-1.1247,long,USDJPY,round_level_sweep,2.0,1.6,48
1707980400.0,1707987600.0,-1.1943,long,USDJPY,round_level_sweep,2.0,1.6,48
1708304400.0,1708441200.0,-1.1636,long,USDJPY,round_level_sweep,2.0,1.6,48
1709647200.0,1709650800.0,-1.2439,long,USDJPY,round_level_sweep,2.0,1.6,48
1719187200.0,1719223200.0,1.8425,short,USDJPY,round_level_sweep,2.0,1.6,48
1722427200.0,1722474000.0,-1.0306,long,USDJPY,round_level_sweep,2.0,1.6,48
1726459200.0,1726466400.0,-1.103,long,USDJPY,round_level_sweep,2.0,1.6,48
1728932400.0,1728975600.0,1.8172,short,USDJPY,round_level_sweep,2.0,1.6,48
1740034800.0,1740056400.0,-1.1038,long,USDJPY,round_level_sweep,2.0,1.6,48
1740664800.0,1740726000.0,-1.0944,short,USDJPY,round_level_sweep,2.0,1.6,48
1740992400.0,1740999600.0,1.893,long,USDJPY,round_level_sweep,2.0,1.6,48
1742364000.0,1742389200.0,-1.1179,short,USDJPY,round_level_sweep,2.0,1.6,48
1743573600.0,1743595200.0,1.8487,short,USDJPY,round_level_sweep,2.0,1.6,48
1743606000.0,1743624000.0,-1.1168,short,USDJPY,round_level_sweep,2.0,1.6,48
1753956000.0,1753966800.0,-1.0899,short,USDJPY,round_level_sweep,2.0,1.6,48
1758841200.0,1759104000.0,1.8605,short,USDJPY,round_level_sweep,2.0,1.6,48
1774918800.0,1774962000.0,1.831,short,USDJPY,round_level_sweep,2.0,1.6,48
1775574000.0,1775599200.0,1.8251,short,USDJPY,round_level_sweep,2.0,1.6,48
1780423200.0,1780470000.0,1.5682,short,USDJPY,round_level_sweep,2.0,1.6,48
1780502400.0,1780664400.0,-1.1991,short,USDJPY,round_level_sweep,2.0,1.6,48
1781200800.0,1781204400.0,-1.2491,long,USDJPY,round_level_sweep,2.0,1.6,48
1781478000.0,1781550000.0,1.7424,long,USDJPY,round_level_sweep,2.0,1.6,48
1696341600.0,1696593600.0,-1.0941,short,USDJPY,round_level_sweep,2.0,1.6,96
1697731200.0,1697763600.0,-1.2834,short,USDJPY,round_level_sweep,2.0,1.6,96
1697788800.0,1698084000.0,1.715,short,USDJPY,round_level_sweep,2.0,1.6,96
1698246000.0,1698253200.0,-1.5213,short,USDJPY,round_level_sweep,2.0,1.6,96
1698930000.0,1699012800.0,-1.1247,long,USDJPY,round_level_sweep,2.0,1.6,96
1707980400.0,1707987600.0,-1.1943,long,USDJPY,round_level_sweep,2.0,1.6,96
1708304400.0,1708441200.0,-1.1636,long,USDJPY,round_level_sweep,2.0,1.6,96
1709647200.0,1709650800.0,-1.2439,long,USDJPY,round_level_sweep,2.0,1.6,96
1719187200.0,1719223200.0,1.8425,short,USDJPY,round_level_sweep,2.0,1.6,96
1722427200.0,1722474000.0,-1.0306,long,USDJPY,round_level_sweep,2.0,1.6,96
1726459200.0,1726466400.0,-1.103,long,USDJPY,round_level_sweep,2.0,1.6,96
1728932400.0,1728975600.0,1.8172,short,USDJPY,round_level_sweep,2.0,1.6,96
1740034800.0,1740056400.0,-1.1038,long,USDJPY,round_level_sweep,2.0,1.6,96
1740664800.0,1740726000.0,-1.0944,short,USDJPY,round_level_sweep,2.0,1.6,96
1740992400.0,1740999600.0,1.893,long,USDJPY,round_level_sweep,2.0,1.6,96
1742364000.0,1742389200.0,-1.1179,short,USDJPY,round_level_sweep,2.0,1.6,96
1743573600.0,1743595200.0,1.8487,short,USDJPY,round_level_sweep,2.0,1.6,96
1743606000.0,1743624000.0,-1.1168,short,USDJPY,round_level_sweep,2.0,1.6,96
1753956000.0,1753966800.0,-1.0899,short,USDJPY,round_level_sweep,2.0,1.6,96
1758841200.0,1759104000.0,1.8605,short,USDJPY,round_level_sweep,2.0,1.6,96
1774918800.0,1774962000.0,1.831,short,USDJPY,round_level_sweep,2.0,1.6,96
1775574000.0,1775599200.0,1.8251,short,USDJPY,round_level_sweep,2.0,1.6,96
1780423200.0,1780470000.0,1.5682,short,USDJPY,round_level_sweep,2.0,1.6,96
1780502400.0,1780664400.0,-1.1991,short,USDJPY,round_level_sweep,2.0,1.6,96
1781200800.0,1781204400.0,-1.2491,long,USDJPY,round_level_sweep,2.0,1.6,96
1781478000.0,1781550000.0,1.7424,long,USDJPY,round_level_sweep,2.0,1.6,96
1696341600.0,1696593600.0,-1.0941,short,USDJPY,round_level_sweep,2.0,1.6,168
1697731200.0,1697763600.0,-1.2834,short,USDJPY,round_level_sweep,2.0,1.6,168
1697788800.0,1698084000.0,1.715,short,USDJPY,round_level_sweep,2.0,1.6,168
1698246000.0,1698253200.0,-1.5213,short,USDJPY,round_level_sweep,2.0,1.6,168
1698930000.0,1699012800.0,-1.1247,long,USDJPY,round_level_sweep,2.0,1.6,168
1707980400.0,1707987600.0,-1.1943,long,USDJPY,round_level_sweep,2.0,1.6,168
1708304400.0,1708441200.0,-1.1636,long,USDJPY,round_level_sweep,2.0,1.6,168
1709647200.0,1709650800.0,-1.2439,long,USDJPY,round_level_sweep,2.0,1.6,168
1719187200.0,1719223200.0,1.8425,short,USDJPY,round_level_sweep,2.0,1.6,168
1722427200.0,1722474000.0,-1.0306,long,USDJPY,round_level_sweep,2.0,1.6,168
1726459200.0,1726466400.0,-1.103,long,USDJPY,round_level_sweep,2.0,1.6,168
1728932400.0,1728975600.0,1.8172,short,USDJPY,round_level_sweep,2.0,1.6,168
1740034800.0,1740056400.0,-1.1038,long,USDJPY,round_level_sweep,2.0,1.6,168
1740664800.0,1740726000.0,-1.0944,short,USDJPY,round_level_sweep,2.0,1.6,168
1740992400.0,1740999600.0,1.893,long,USDJPY,round_level_sweep,2.0,1.6,168
1742364000.0,1742389200.0,-1.1179,short,USDJPY,round_level_sweep,2.0,1.6,168
1743573600.0,1743595200.0,1.8487,short,USDJPY,round_level_sweep,2.0,1.6,168
1743606000.0,1743624000.0,-1.1168,short,USDJPY,round_level_sweep,2.0,1.6,168
1753956000.0,1753966800.0,-1.0899,short,USDJPY,round_level_sweep,2.0,1.6,168
1758841200.0,1759104000.0,1.8605,short,USDJPY,round_level_sweep,2.0,1.6,168
1774918800.0,1774962000.0,1.831,short,USDJPY,round_level_sweep,2.0,1.6,168
1775574000.0,1775599200.0,1.8251,short,USDJPY,round_level_sweep,2.0,1.6,168
1780423200.0,1780470000.0,1.5682,short,USDJPY,round_level_sweep,2.0,1.6,168
1780502400.0,1780664400.0,-1.1991,short,USDJPY,round_level_sweep,2.0,1.6,168
1781200800.0,1781204400.0,-1.2491,long,USDJPY,round_level_sweep,2.0,1.6,168
1781478000.0,1781550000.0,1.7424,long,USDJPY,round_level_sweep,2.0,1.6,168
1696341600.0,1696467600.0,2.3494,short,USDJPY,round_level_sweep,2.5,1.0,48
1697731200.0,1697738400.0,-1.4534,short,USDJPY,round_level_sweep,2.5,1.0,48
1697788800.0,1698076800.0,2.044,short,USDJPY,round_level_sweep,2.5,1.0,48
1698246000.0,1698253200.0,-1.834,short,USDJPY,round_level_sweep,2.5,1.0,48
1698930000.0,1699012800.0,-1.1995,long,USDJPY,round_level_sweep,2.5,1.0,48
1707980400.0,1707984000.0,-1.3109,long,USDJPY,round_level_sweep,2.5,1.0,48
1707987600.0,1708002000.0,-1.2943,long,USDJPY,round_level_sweep,2.5,1.0,48
1708304400.0,1708405200.0,2.2382,long,USDJPY,round_level_sweep,2.5,1.0,48
1708430400.0,1708434000.0,-1.3549,long,USDJPY,round_level_sweep,2.5,1.0,48
1709647200.0,1709650800.0,-1.3902,long,USDJPY,round_level_sweep,2.5,1.0,48
1719187200.0,1719223200.0,2.248,short,USDJPY,round_level_sweep,2.5,1.0,48
1722427200.0,1722470400.0,-1.0489,long,USDJPY,round_level_sweep,2.5,1.0,48
1726459200.0,1726466400.0,-1.1647,long,USDJPY,round_level_sweep,2.5,1.0,48
1728932400.0,1728972000.0,2.2076,short,USDJPY,round_level_sweep,2.5,1.0,48
1740034800.0,1740056400.0,-1.1661,long,USDJPY,round_level_sweep,2.5,1.0,48
1740664800.0,1740668400.0,-1.1511,short,USDJPY,round_level_sweep,2.5,1.0,48
1740992400.0,1740999600.0,2.3289,long,USDJPY,round_level_sweep,2.5,1.0,48
1742364000.0,1742389200.0,-1.1887,short,USDJPY,round_level_sweep,2.5,1.0,48
1743573600.0,1743591600.0,2.2579,short,USDJPY,round_level_sweep,2.5,1.0,48
1743606000.0,1743609600.0,-1.1869,short,USDJPY,round_level_sweep,2.5,1.0,48
1753956000.0,1753963200.0,-1.1439,short,USDJPY,round_level_sweep,2.5,1.0,48
1758841200.0,1759100400.0,2.2769,short,USDJPY,round_level_sweep,2.5,1.0,48
1774918800.0,1774962000.0,2.2297,short,USDJPY,round_level_sweep,2.5,1.0,48
1775574000.0,1775599200.0,2.2202,short,USDJPY,round_level_sweep,2.5,1.0,48
1780423200.0,1780437600.0,-1.6909,short,USDJPY,round_level_sweep,2.5,1.0,48
1780441200.0,1780470000.0,1.8957,short,USDJPY,round_level_sweep,2.5,1.0,48
1780502400.0,1780545600.0,2.1814,short,USDJPY,round_level_sweep,2.5,1.0,48
1780603200.0,1780660800.0,-1.6132,short,USDJPY,round_level_sweep,2.5,1.0,48
1781200800.0,1781204400.0,-1.3985,long,USDJPY,round_level_sweep,2.5,1.0,48
1781478000.0,1781542800.0,2.0878,long,USDJPY,round_level_sweep,2.5,1.0,48
1696341600.0,1696467600.0,2.3494,short,USDJPY,round_level_sweep,2.5,1.0,96
1697731200.0,1697738400.0,-1.4534,short,USDJPY,round_level_sweep,2.5,1.0,96
1697788800.0,1698076800.0,2.044,short,USDJPY,round_level_sweep,2.5,1.0,96
1698246000.0,1698253200.0,-1.834,short,USDJPY,round_level_sweep,2.5,1.0,96
1698930000.0,1699012800.0,-1.1995,long,USDJPY,round_level_sweep,2.5,1.0,96
1707980400.0,1707984000.0,-1.3109,long,USDJPY,round_level_sweep,2.5,1.0,96
1707987600.0,1708002000.0,-1.2943,long,USDJPY,round_level_sweep,2.5,1.0,96
1708304400.0,1708405200.0,2.2382,long,USDJPY,round_level_sweep,2.5,1.0,96
1708430400.0,1708434000.0,-1.3549,long,USDJPY,round_level_sweep,2.5,1.0,96
1709647200.0,1709650800.0,-1.3902,long,USDJPY,round_level_sweep,2.5,1.0,96
1719187200.0,1719223200.0,2.248,short,USDJPY,round_level_sweep,2.5,1.0,96
1722427200.0,1722470400.0,-1.0489,long,USDJPY,round_level_sweep,2.5,1.0,96
1726459200.0,1726466400.0,-1.1647,long,USDJPY,round_level_sweep,2.5,1.0,96
1728932400.0,1728972000.0,2.2076,short,USDJPY,round_level_sweep,2.5,1.0,96
1740034800.0,1740056400.0,-1.1661,long,USDJPY,round_level_sweep,2.5,1.0,96
1740664800.0,1740668400.0,-1.1511,short,USDJPY,round_level_sweep,2.5,1.0,96
1740992400.0,1740999600.0,2.3289,long,USDJPY,round_level_sweep,2.5,1.0,96
1742364000.0,1742389200.0,-1.1887,short,USDJPY,round_level_sweep,2.5,1.0,96
1743573600.0,1743591600.0,2.2579,short,USDJPY,round_level_sweep,2.5,1.0,96
1743606000.0,1743609600.0,-1.1869,short,USDJPY,round_level_sweep,2.5,1.0,96
1753956000.0,1753963200.0,-1.1439,short,USDJPY,round_level_sweep,2.5,1.0,96
1758841200.0,1759100400.0,2.2769,short,USDJPY,round_level_sweep,2.5,1.0,96
1774918800.0,1774962000.0,2.2297,short,USDJPY,round_level_sweep,2.5,1.0,96
1775574000.0,1775599200.0,2.2202,short,USDJPY,round_level_sweep,2.5,1.0,96
1780423200.0,1780437600.0,-1.6909,short,USDJPY,round_level_sweep,2.5,1.0,96
1780441200.0,1780470000.0,1.8957,short,USDJPY,round_level_sweep,2.5,1.0,96
1780502400.0,1780545600.0,2.1814,short,USDJPY,round_level_sweep,2.5,1.0,96
1780603200.0,1780660800.0,-1.6132,short,USDJPY,round_level_sweep,2.5,1.0,96
1781200800.0,1781204400.0,-1.3985,long,USDJPY,round_level_sweep,2.5,1.0,96
1781478000.0,1781542800.0,2.0878,long,USDJPY,round_level_sweep,2.5,1.0,96
1696341600.0,1696467600.0,2.3494,short,USDJPY,round_level_sweep,2.5,1.0,168
1697731200.0,1697738400.0,-1.4534,short,USDJPY,round_level_sweep,2.5,1.0,168
1697788800.0,1698076800.0,2.044,short,USDJPY,round_level_sweep,2.5,1.0,168
1698246000.0,1698253200.0,-1.834,short,USDJPY,round_level_sweep,2.5,1.0,168
1698930000.0,1699012800.0,-1.1995,long,USDJPY,round_level_sweep,2.5,1.0,168
1707980400.0,1707984000.0,-1.3109,long,USDJPY,round_level_sweep,2.5,1.0,168
1707987600.0,1708002000.0,-1.2943,long,USDJPY,round_level_sweep,2.5,1.0,168
1708304400.0,1708405200.0,2.2382,long,USDJPY,round_level_sweep,2.5,1.0,168
1708430400.0,1708434000.0,-1.3549,long,USDJPY,round_level_sweep,2.5,1.0,168
1709647200.0,1709650800.0,-1.3902,long,USDJPY,round_level_sweep,2.5,1.0,168
1719187200.0,1719223200.0,2.248,short,USDJPY,round_level_sweep,2.5,1.0,168
1722427200.0,1722470400.0,-1.0489,long,USDJPY,round_level_sweep,2.5,1.0,168
1726459200.0,1726466400.0,-1.1647,long,USDJPY,round_level_sweep,2.5,1.0,168
1728932400.0,1728972000.0,2.2076,short,USDJPY,round_level_sweep,2.5,1.0,168
1740034800.0,1740056400.0,-1.1661,long,USDJPY,round_level_sweep,2.5,1.0,168
1740664800.0,1740668400.0,-1.1511,short,USDJPY,round_level_sweep,2.5,1.0,168
1740992400.0,1740999600.0,2.3289,long,USDJPY,round_level_sweep,2.5,1.0,168
1742364000.0,1742389200.0,-1.1887,short,USDJPY,round_level_sweep,2.5,1.0,168
1743573600.0,1743591600.0,2.2579,short,USDJPY,round_level_sweep,2.5,1.0,168
1743606000.0,1743609600.0,-1.1869,short,USDJPY,round_level_sweep,2.5,1.0,168
1753956000.0,1753963200.0,-1.1439,short,USDJPY,round_level_sweep,2.5,1.0,168
1758841200.0,1759100400.0,2.2769,short,USDJPY,round_level_sweep,2.5,1.0,168
1774918800.0,1774962000.0,2.2297,short,USDJPY,round_level_sweep,2.5,1.0,168
1775574000.0,1775599200.0,2.2202,short,USDJPY,round_level_sweep,2.5,1.0,168
1780423200.0,1780437600.0,-1.6909,short,USDJPY,round_level_sweep,2.5,1.0,168
1780441200.0,1780470000.0,1.8957,short,USDJPY,round_level_sweep,2.5,1.0,168
1780502400.0,1780545600.0,2.1814,short,USDJPY,round_level_sweep,2.5,1.0,168
1780603200.0,1780660800.0,-1.6132,short,USDJPY,round_level_sweep,2.5,1.0,168
1781200800.0,1781204400.0,-1.3985,long,USDJPY,round_level_sweep,2.5,1.0,168
1781478000.0,1781542800.0,2.0878,long,USDJPY,round_level_sweep,2.5,1.0,168
1696341600.0,1696514400.0,1.0215,short,USDJPY,round_level_sweep,2.5,1.3,48
1697731200.0,1697738400.0,-1.3488,short,USDJPY,round_level_sweep,2.5,1.3,48
1697788800.0,1698084000.0,2.1492,short,USDJPY,round_level_sweep,2.5,1.3,48
1698246000.0,1698253200.0,-1.6416,short,USDJPY,round_level_sweep,2.5,1.3,48
1698930000.0,1699012800.0,-1.1534,long,USDJPY,round_level_sweep,2.5,1.3,48
1707980400.0,1707984000.0,-1.2392,long,USDJPY,round_level_sweep,2.5,1.3,48
1707987600.0,1708002000.0,-1.2264,long,USDJPY,round_level_sweep,2.5,1.3,48
1708304400.0,1708441200.0,-1.2014,long,USDJPY,round_level_sweep,2.5,1.3,48
1709647200.0,1709650800.0,-1.3001,long,USDJPY,round_level_sweep,2.5,1.3,48
1719187200.0,1719223200.0,2.3061,short,USDJPY,round_level_sweep,2.5,1.3,48
1722427200.0,1722474000.0,-1.0376,long,USDJPY,round_level_sweep,2.5,1.3,48
1726459200.0,1726466400.0,-1.1267,long,USDJPY,round_level_sweep,2.5,1.3,48
1728932400.0,1728975600.0,2.2751,short,USDJPY,round_level_sweep,2.5,1.3,48
1740034800.0,1740056400.0,-1.1278,long,USDJPY,round_level_sweep,2.5,1.3,48
1740664800.0,1740672000.0,-1.1162,short,USDJPY,round_level_sweep,2.5,1.3,48
1740992400.0,1740999600.0,2.3684,long,USDJPY,round_level_sweep,2.5,1.3,48
1742364000.0,1742389200.0,-1.1452,short,USDJPY,round_level_sweep,2.5,1.3,48
1743573600.0,1743595200.0,2.3138,short,USDJPY,round_level_sweep,2.5,1.3,48
1743606000.0,1743624000.0,-1.1438,short,USDJPY,round_level_sweep,2.5,1.3,48
1753956000.0,1753966800.0,-1.1107,short,USDJPY,round_level_sweep,2.5,1.3,48
1758841200.0,1759104000.0,2.3284,short,USDJPY,round_level_sweep,2.5,1.3,48
1774918800.0,1774962000.0,2.2921,short,USDJPY,round_level_sweep,2.5,1.3,48
1775574000.0,1775599200.0,2.2848,short,USDJPY,round_level_sweep,2.5,1.3,48
1780423200.0,1780441200.0,-1.5315,short,USDJPY,round_level_sweep,2.5,1.3,48
1780502400.0,1780660800.0,-1.2451,short,USDJPY,round_level_sweep,2.5,1.3,48
1781200800.0,1781204400.0,-1.3066,long,USDJPY,round_level_sweep,2.5,1.3,48
1781478000.0,1781550000.0,2.183,long,USDJPY,round_level_sweep,2.5,1.3,48
1696341600.0,1696593600.0,-1.1158,short,USDJPY,round_level_sweep,2.5,1.3,96
1697731200.0,1697738400.0,-1.3488,short,USDJPY,round_level_sweep,2.5,1.3,96
1697788800.0,1698084000.0,2.1492,short,USDJPY,round_level_sweep,2.5,1.3,96
1698246000.0,1698253200.0,-1.6416,short,USDJPY,round_level_sweep,2.5,1.3,96
1698930000.0,1699012800.0,-1.1534,long,USDJPY,round_level_sweep,2.5,1.3,96
1707980400.0,1707984000.0,-1.2392,long,USDJPY,round_level_sweep,2.5,1.3,96
1707987600.0,1708002000.0,-1.2264,long,USDJPY,round_level_sweep,2.5,1.3,96
1708304400.0,1708441200.0,-1.2014,long,USDJPY,round_level_sweep,2.5,1.3,96
1709647200.0,1709650800.0,-1.3001,long,USDJPY,round_level_sweep,2.5,1.3,96
1719187200.0,1719223200.0,2.3061,short,USDJPY,round_level_sweep,2.5,1.3,96
1722427200.0,1722474000.0,-1.0376,long,USDJPY,round_level_sweep,2.5,1.3,96
1726459200.0,1726466400.0,-1.1267,long,USDJPY,round_level_sweep,2.5,1.3,96
1728932400.0,1728975600.0,2.2751,short,USDJPY,round_level_sweep,2.5,1.3,96
1740034800.0,1740056400.0,-1.1278,long,USDJPY,round_level_sweep,2.5,1.3,96
1740664800.0,1740672000.0,-1.1162,short,USDJPY,round_level_sweep,2.5,1.3,96
1740992400.0,1740999600.0,2.3684,long,USDJPY,round_level_sweep,2.5,1.3,96
1742364000.0,1742389200.0,-1.1452,short,USDJPY,round_level_sweep,2.5,1.3,96
1743573600.0,1743595200.0,2.3138,short,USDJPY,round_level_sweep,2.5,1.3,96
1743606000.0,1743624000.0,-1.1438,short,USDJPY,round_level_sweep,2.5,1.3,96
1753956000.0,1753966800.0,-1.1107,short,USDJPY,round_level_sweep,2.5,1.3,96
1758841200.0,1759104000.0,2.3284,short,USDJPY,round_level_sweep,2.5,1.3,96
1774918800.0,1774962000.0,2.2921,short,USDJPY,round_level_sweep,2.5,1.3,96
1775574000.0,1775599200.0,2.2848,short,USDJPY,round_level_sweep,2.5,1.3,96
1780423200.0,1780441200.0,-1.5315,short,USDJPY,round_level_sweep,2.5,1.3,96
1780502400.0,1780660800.0,-1.2451,short,USDJPY,round_level_sweep,2.5,1.3,96
1781200800.0,1781204400.0,-1.3066,long,USDJPY,round_level_sweep,2.5,1.3,96
1781478000.0,1781550000.0,2.183,long,USDJPY,round_level_sweep,2.5,1.3,96
1696341600.0,1696593600.0,-1.1158,short,USDJPY,round_level_sweep,2.5,1.3,168
1697731200.0,1697738400.0,-1.3488,short,USDJPY,round_level_sweep,2.5,1.3,168
1697788800.0,1698084000.0,2.1492,short,USDJPY,round_level_sweep,2.5,1.3,168
1698246000.0,1698253200.0,-1.6416,short,USDJPY,round_level_sweep,2.5,1.3,168
1698930000.0,1699012800.0,-1.1534,long,USDJPY,round_level_sweep,2.5,1.3,168
1707980400.0,1707984000.0,-1.2392,long,USDJPY,round_level_sweep,2.5,1.3,168
1707987600.0,1708002000.0,-1.2264,long,USDJPY,round_level_sweep,2.5,1.3,168
1708304400.0,1708441200.0,-1.2014,long,USDJPY,round_level_sweep,2.5,1.3,168
1709647200.0,1709650800.0,-1.3001,long,USDJPY,round_level_sweep,2.5,1.3,168
1719187200.0,1719223200.0,2.3061,short,USDJPY,round_level_sweep,2.5,1.3,168
1722427200.0,1722474000.0,-1.0376,long,USDJPY,round_level_sweep,2.5,1.3,168
1726459200.0,1726466400.0,-1.1267,long,USDJPY,round_level_sweep,2.5,1.3,168
1728932400.0,1728975600.0,2.2751,short,USDJPY,round_level_sweep,2.5,1.3,168
1740034800.0,1740056400.0,-1.1278,long,USDJPY,round_level_sweep,2.5,1.3,168
1740664800.0,1740672000.0,-1.1162,short,USDJPY,round_level_sweep,2.5,1.3,168
1740992400.0,1740999600.0,2.3684,long,USDJPY,round_level_sweep,2.5,1.3,168
1742364000.0,1742389200.0,-1.1452,short,USDJPY,round_level_sweep,2.5,1.3,168
1743573600.0,1743595200.0,2.3138,short,USDJPY,round_level_sweep,2.5,1.3,168
1743606000.0,1743624000.0,-1.1438,short,USDJPY,round_level_sweep,2.5,1.3,168
1753956000.0,1753966800.0,-1.1107,short,USDJPY,round_level_sweep,2.5,1.3,168
1758841200.0,1759104000.0,2.3284,short,USDJPY,round_level_sweep,2.5,1.3,168
1774918800.0,1774962000.0,2.2921,short,USDJPY,round_level_sweep,2.5,1.3,168
1775574000.0,1775599200.0,2.2848,short,USDJPY,round_level_sweep,2.5,1.3,168
1780423200.0,1780441200.0,-1.5315,short,USDJPY,round_level_sweep,2.5,1.3,168
1780502400.0,1780660800.0,-1.2451,short,USDJPY,round_level_sweep,2.5,1.3,168
1781200800.0,1781204400.0,-1.3066,long,USDJPY,round_level_sweep,2.5,1.3,168
1781478000.0,1781550000.0,2.183,long,USDJPY,round_level_sweep,2.5,1.3,168
1696341600.0,1696514400.0,0.8299,short,USDJPY,round_level_sweep,2.5,1.6,48
1697731200.0,1697763600.0,-1.2834,short,USDJPY,round_level_sweep,2.5,1.6,48
1697788800.0,1698087600.0,2.215,short,USDJPY,round_level_sweep,2.5,1.6,48
1698246000.0,1698253200.0,-1.5213,short,USDJPY,round_level_sweep,2.5,1.6,48
1698930000.0,1699012800.0,-1.1247,long,USDJPY,round_level_sweep,2.5,1.6,48
1707980400.0,1707987600.0,-1.1943,long,USDJPY,round_level_sweep,2.5,1.6,48
1708304400.0,1708441200.0,-1.1636,long,USDJPY,round_level_sweep,2.5,1.6,48
1709647200.0,1709650800.0,-1.2439,long,USDJPY,round_level_sweep,2.5,1.6,48
1719187200.0,1719223200.0,2.3425,short,USDJPY,round_level_sweep,2.5,1.6,48
1722427200.0,1722474000.0,-1.0306,long,USDJPY,round_level_sweep,2.5,1.6,48
1726459200.0,1726466400.0,-1.103,long,USDJPY,round_level_sweep,2.5,1.6,48
1728932400.0,1728979200.0,2.3172,short,USDJPY,round_level_sweep,2.5,1.6,48
1740034800.0,1740056400.0,-1.1038,long,USDJPY,round_level_sweep,2.5,1.6,48
1740664800.0,1740726000.0,-1.0944,short,USDJPY,round_level_sweep,2.5,1.6,48
1740992400.0,1741032000.0,-1.107,long,USDJPY,round_level_sweep,2.5,1.6,48
1742364000.0,1742389200.0,-1.1179,short,USDJPY,round_level_sweep,2.5,1.6,48
1743573600.0,1743606000.0,-1.1513,short,USDJPY,round_level_sweep,2.5,1.6,48
1753956000.0,1753966800.0,-1.0899,short,USDJPY,round_level_sweep,2.5,1.6,48
1758841200.0,1759107600.0,2.3605,short,USDJPY,round_level_sweep,2.5,1.6,48
1774918800.0,1774969200.0,2.331,short,USDJPY,round_level_sweep,2.5,1.6,48
1775574000.0,1775599200.0,2.3251,short,USDJPY,round_level_sweep,2.5,1.6,48
1780423200.0,1780470000.0,2.0682,short,USDJPY,round_level_sweep,2.5,1.6,48
1780502400.0,1780664400.0,-1.1991,short,USDJPY,round_level_sweep,2.5,1.6,48
1781200800.0,1781204400.0,-1.2491,long,USDJPY,round_level_sweep,2.5,1.6,48
1781478000.0,1781618400.0,2.2424,long,USDJPY,round_level_sweep,2.5,1.6,48
1696341600.0,1696593600.0,-1.0941,short,USDJPY,round_level_sweep,2.5,1.6,96
1697731200.0,1697763600.0,-1.2834,short,USDJPY,round_level_sweep,2.5,1.6,96
1697788800.0,1698087600.0,2.215,short,USDJPY,round_level_sweep,2.5,1.6,96
1698246000.0,1698253200.0,-1.5213,short,USDJPY,round_level_sweep,2.5,1.6,96
1698930000.0,1699012800.0,-1.1247,long,USDJPY,round_level_sweep,2.5,1.6,96
1707980400.0,1707987600.0,-1.1943,long,USDJPY,round_level_sweep,2.5,1.6,96
1708304400.0,1708441200.0,-1.1636,long,USDJPY,round_level_sweep,2.5,1.6,96
1709647200.0,1709650800.0,-1.2439,long,USDJPY,round_level_sweep,2.5,1.6,96
1719187200.0,1719223200.0,2.3425,short,USDJPY,round_level_sweep,2.5,1.6,96
1722427200.0,1722474000.0,-1.0306,long,USDJPY,round_level_sweep,2.5,1.6,96
1726459200.0,1726466400.0,-1.103,long,USDJPY,round_level_sweep,2.5,1.6,96
1728932400.0,1728979200.0,2.3172,short,USDJPY,round_level_sweep,2.5,1.6,96
1740034800.0,1740056400.0,-1.1038,long,USDJPY,round_level_sweep,2.5,1.6,96
1740664800.0,1740726000.0,-1.0944,short,USDJPY,round_level_sweep,2.5,1.6,96
1740992400.0,1741032000.0,-1.107,long,USDJPY,round_level_sweep,2.5,1.6,96
1742364000.0,1742389200.0,-1.1179,short,USDJPY,round_level_sweep,2.5,1.6,96
1743573600.0,1743606000.0,-1.1513,short,USDJPY,round_level_sweep,2.5,1.6,96
1753956000.0,1753966800.0,-1.0899,short,USDJPY,round_level_sweep,2.5,1.6,96
1758841200.0,1759107600.0,2.3605,short,USDJPY,round_level_sweep,2.5,1.6,96
1774918800.0,1774969200.0,2.331,short,USDJPY,round_level_sweep,2.5,1.6,96
1775574000.0,1775599200.0,2.3251,short,USDJPY,round_level_sweep,2.5,1.6,96
1780423200.0,1780470000.0,2.0682,short,USDJPY,round_level_sweep,2.5,1.6,96
1780502400.0,1780664400.0,-1.1991,short,USDJPY,round_level_sweep,2.5,1.6,96
1781200800.0,1781204400.0,-1.2491,long,USDJPY,round_level_sweep,2.5,1.6,96
1781478000.0,1781618400.0,2.2424,long,USDJPY,round_level_sweep,2.5,1.6,96
1696341600.0,1696593600.0,-1.0941,short,USDJPY,round_level_sweep,2.5,1.6,168
1697731200.0,1697763600.0,-1.2834,short,USDJPY,round_level_sweep,2.5,1.6,168
1697788800.0,1698087600.0,2.215,short,USDJPY,round_level_sweep,2.5,1.6,168
1698246000.0,1698253200.0,-1.5213,short,USDJPY,round_level_sweep,2.5,1.6,168
1698930000.0,1699012800.0,-1.1247,long,USDJPY,round_level_sweep,2.5,1.6,168
1707980400.0,1707987600.0,-1.1943,long,USDJPY,round_level_sweep,2.5,1.6,168
1708304400.0,1708441200.0,-1.1636,long,USDJPY,round_level_sweep,2.5,1.6,168
1709647200.0,1709650800.0,-1.2439,long,USDJPY,round_level_sweep,2.5,1.6,168
1719187200.0,1719223200.0,2.3425,short,USDJPY,round_level_sweep,2.5,1.6,168
1722427200.0,1722474000.0,-1.0306,long,USDJPY,round_level_sweep,2.5,1.6,168
1726459200.0,1726466400.0,-1.103,long,USDJPY,round_level_sweep,2.5,1.6,168
1728932400.0,1728979200.0,2.3172,short,USDJPY,round_level_sweep,2.5,1.6,168
1740034800.0,1740056400.0,-1.1038,long,USDJPY,round_level_sweep,2.5,1.6,168
1740664800.0,1740726000.0,-1.0944,short,USDJPY,round_level_sweep,2.5,1.6,168
1740992400.0,1741032000.0,-1.107,long,USDJPY,round_level_sweep,2.5,1.6,168
1742364000.0,1742389200.0,-1.1179,short,USDJPY,round_level_sweep,2.5,1.6,168
1743573600.0,1743606000.0,-1.1513,short,USDJPY,round_level_sweep,2.5,1.6,168
1753956000.0,1753966800.0,-1.0899,short,USDJPY,round_level_sweep,2.5,1.6,168
1758841200.0,1759107600.0,2.3605,short,USDJPY,round_level_sweep,2.5,1.6,168
1774918800.0,1774969200.0,2.331,short,USDJPY,round_level_sweep,2.5,1.6,168
1775574000.0,1775599200.0,2.3251,short,USDJPY,round_level_sweep,2.5,1.6,168
1780423200.0,1780470000.0,2.0682,short,USDJPY,round_level_sweep,2.5,1.6,168
1780502400.0,1780664400.0,-1.1991,short,USDJPY,round_level_sweep,2.5,1.6,168
1781200800.0,1781204400.0,-1.2491,long,USDJPY,round_level_sweep,2.5,1.6,168
1781478000.0,1781618400.0,2.2424,long,USDJPY,round_level_sweep,2.5,1.6,168
